feature,outcome,regime,sample_count,spearman,interval_lower,interval_upper,finite_resamples,resampling_unit,interval_kind,feature_selection
support_warning_score,ensemble_spread,all,1000,0.013032651761125584,-0.05477350839356125,0.07394571571393975,500,equilibrium_files,grouped_resample_sensitivity_interval,none_frozen_before_residual_analysis
support_warning_score,ensemble_absolute_error,all,1000,-0.013233570863143548,-0.07348218446005259,0.0476644077355569,500,equilibrium_files,grouped_resample_sensitivity_interval,none_frozen_before_residual_analysis
a_over_lt,ensemble_spread,all,1000,-0.07348150948150949,-0.13882278004260562,-0.01623346017557706,500,equilibrium_files,grouped_resample_sensitivity_interval,none_frozen_before_residual_analysis
a_over_lt,ensemble_absolute_error,all,1000,0.0005640305674147508,-0.06299015273855822,0.06277240973198557,500,equilibrium_files,grouped_resample_sensitivity_interval,none_frozen_before_residual_analysis
a_over_ln,ensemble_spread,all,1000,-0.3392390792390793,-0.3942316300512047,-0.28917993876897136,500,equilibrium_files,grouped_resample_sensitivity_interval,none_frozen_before_residual_analysis
a_over_ln,ensemble_absolute_error,all,1000,-0.26058590214941757,-0.31814178424349265,-0.19708337535427087,500,equilibrium_files,grouped_resample_sensitivity_interval,none_frozen_before_residual_analysis
q_stds,ensemble_spread,all,1000,0.24034278034278034,0.16653720689288862,0.3081016255381834,500,equilibrium_files,grouped_resample_sensitivity_interval,none_frozen_before_residual_analysis
q_stds,ensemble_absolute_error,all,1000,0.24792826541583501,0.17214142791910478,0.3107348919070451,500,equilibrium_files,grouped_resample_sensitivity_interval,none_frozen_before_residual_analysis
symmetry_error,ensemble_spread,all,1000,0.617137603721537,0.5718454708243336,0.6640266648524136,500,equilibrium_files,grouped_resample_sensitivity_interval,none_frozen_before_residual_analysis
symmetry_error,ensemble_absolute_error,all,1000,0.4819714057281705,0.42689926172147963,0.5329084306846936,500,equilibrium_files,grouped_resample_sensitivity_interval,none_frozen_before_residual_analysis
motif_activation_dispersion,ensemble_spread,all,1000,0.002815322815322815,-0.058730565755204016,0.059903203546913156,500,equilibrium_files,grouped_resample_sensitivity_interval,none_frozen_before_residual_analysis
motif_activation_dispersion,ensemble_absolute_error,all,1000,-0.017800085906886424,-0.0783142013234809,0.037257134893164366,500,equilibrium_files,grouped_resample_sensitivity_interval,none_frozen_before_residual_analysis
concept_activation_dispersion,ensemble_spread,all,1000,0.2412720492720493,0.181548497233753,0.3072132697859064,500,equilibrium_files,grouped_resample_sensitivity_interval,none_frozen_before_residual_analysis
concept_activation_dispersion,ensemble_absolute_error,all,1000,0.08889788343127074,0.03137258153178176,0.15006784226987158,500,equilibrium_files,grouped_resample_sensitivity_interval,none_frozen_before_residual_analysis
nfp,ensemble_spread,all,1000,-0.08442179821616116,-0.15051707272886816,-0.02519072178534912,500,equilibrium_files,grouped_resample_sensitivity_interval,none_frozen_before_residual_analysis
nfp,ensemble_absolute_error,all,1000,-0.011855252172448556,-0.07188721496292409,0.04947736756278444,500,equilibrium_files,grouped_resample_sensitivity_interval,none_frozen_before_residual_analysis
iota,ensemble_spread,all,1000,-0.004285840285840286,-0.06438489393609115,0.056371734280680035,500,equilibrium_files,grouped_resample_sensitivity_interval,none_frozen_before_residual_analysis
iota,ensemble_absolute_error,all,1000,-0.07693559339720696,-0.14305492880541695,-0.012882565146976468,500,equilibrium_files,grouped_resample_sensitivity_interval,none_frozen_before_residual_analysis
shat,ensemble_spread,all,1000,0.04911531711531712,-0.00824634835412722,0.10774776390819203,500,equilibrium_files,grouped_resample_sensitivity_interval,none_frozen_before_residual_analysis
shat,ensemble_absolute_error,all,1000,0.003474453495300217,-0.05941315767496541,0.06515386736487043,500,equilibrium_files,grouped_resample_sensitivity_interval,none_frozen_before_residual_analysis
d_pressure_d_s,ensemble_spread,all,1000,-0.05287309837223545,-0.11825094611996592,0.01165124008360534,500,equilibrium_files,grouped_resample_sensitivity_interval,none_frozen_before_residual_analysis
d_pressure_d_s,ensemble_absolute_error,all,1000,-0.054359947736836764,-0.1183859978955954,0.012507077633177339,500,equilibrium_files,grouped_resample_sensitivity_interval,none_frozen_before_residual_analysis
aspect,ensemble_spread,all,1000,-0.09845630219957861,-0.16274363879605727,-0.03799642931461557,500,equilibrium_files,grouped_resample_sensitivity_interval,none_frozen_before_residual_analysis
aspect,ensemble_absolute_error,all,1000,-0.04622033071934751,-0.11160746176050917,0.016192678153088634,500,equilibrium_files,grouped_resample_sensitivity_interval,none_frozen_before_residual_analysis
rho,ensemble_spread,all,1000,-0.07567136767136767,-0.1382532077040162,-0.0022283630774239463,500,equilibrium_files,grouped_resample_sensitivity_interval,none_frozen_before_residual_analysis
rho,ensemble_absolute_error,all,1000,-0.045198123469312214,-0.10698042174585468,0.014810638522902986,500,equilibrium_files,grouped_resample_sensitivity_interval,none_frozen_before_residual_analysis
aspect_over_rho,ensemble_spread,all,1000,0.028517812517812522,-0.04102020867466238,0.09528683755812753,500,equilibrium_files,grouped_resample_sensitivity_interval,none_frozen_before_residual_analysis
aspect_over_rho,ensemble_absolute_error,all,1000,0.02035907648123094,-0.043660525841852316,0.08409049967933407,500,equilibrium_files,grouped_resample_sensitivity_interval,none_frozen_before_residual_analysis
support_warning_score,ensemble_spread,stable_or_near_floor,240,-0.04892754723391872,-0.1779323716594411,0.07928431050578694,500,equilibrium_files,grouped_resample_sensitivity_interval,none_frozen_before_residual_analysis
support_warning_score,ensemble_absolute_error,stable_or_near_floor,240,-0.033040333110359726,-0.16055365355059492,0.08972826576387179,500,equilibrium_files,grouped_resample_sensitivity_interval,none_frozen_before_residual_analysis
a_over_lt,ensemble_spread,stable_or_near_floor,240,0.13199708328269585,0.008168728471660877,0.24958334390315734,500,equilibrium_files,grouped_resample_sensitivity_interval,none_frozen_before_residual_analysis
a_over_lt,ensemble_absolute_error,stable_or_near_floor,240,0.10991949075483713,-0.016268318106700576,0.23279955535945723,500,equilibrium_files,grouped_resample_sensitivity_interval,none_frozen_before_residual_analysis
a_over_ln,ensemble_spread,stable_or_near_floor,240,-0.2578924981336481,-0.3661094916540644,-0.14131367250559423,500,equilibrium_files,grouped_resample_sensitivity_interval,none_frozen_before_residual_analysis
a_over_ln,ensemble_absolute_error,stable_or_near_floor,240,-0.22416544738862476,-0.337811054613398,-0.09191401090375366,500,equilibrium_files,grouped_resample_sensitivity_interval,none_frozen_before_residual_analysis
q_stds,ensemble_spread,stable_or_near_floor,240,0.6356698901022586,0.5641803649200744,0.7074330302041564,500,equilibrium_files,grouped_resample_sensitivity_interval,none_frozen_before_residual_analysis
q_stds,ensemble_absolute_error,stable_or_near_floor,240,0.6274590823882439,0.5362630437069827,0.7077546356204744,500,equilibrium_files,grouped_resample_sensitivity_interval,none_frozen_before_residual_analysis
symmetry_error,ensemble_spread,stable_or_near_floor,240,0.6954438178659732,0.6075201182227566,0.7653378045314706,500,equilibrium_files,grouped_resample_sensitivity_interval,none_frozen_before_residual_analysis
symmetry_error,ensemble_absolute_error,stable_or_near_floor,240,0.6253290806490077,0.5200633759932279,0.716676929211732,500,equilibrium_files,grouped_resample_sensitivity_interval,none_frozen_before_residual_analysis
motif_activation_dispersion,ensemble_spread,stable_or_near_floor,240,0.02617580166322331,-0.08903943736863713,0.15459537853119767,500,equilibrium_files,grouped_resample_sensitivity_interval,none_frozen_before_residual_analysis
motif_activation_dispersion,ensemble_absolute_error,stable_or_near_floor,240,-0.08859011814013149,-0.2015695116896552,0.04229963195491951,500,equilibrium_files,grouped_resample_sensitivity_interval,none_frozen_before_residual_analysis
concept_activation_dispersion,ensemble_spread,stable_or_near_floor,240,0.24393131825205297,0.12935390203928798,0.35301876545900424,500,equilibrium_files,grouped_resample_sensitivity_interval,none_frozen_before_residual_analysis
concept_activation_dispersion,ensemble_absolute_error,stable_or_near_floor,240,0.07628955202762573,-0.05264997210832113,0.20547096703242806,500,equilibrium_files,grouped_resample_sensitivity_interval,none_frozen_before_residual_analysis
nfp,ensemble_spread,stable_or_near_floor,240,-0.0803354471370394,-0.21110770929788228,0.055195298967350044,500,equilibrium_files,grouped_resample_sensitivity_interval,none_frozen_before_residual_analysis
nfp,ensemble_absolute_error,stable_or_near_floor,240,-0.012938355516408276,-0.1337201261154644,0.12807442489237586,500,equilibrium_files,grouped_resample_sensitivity_interval,none_frozen_before_residual_analysis
iota,ensemble_spread,stable_or_near_floor,240,0.07369485581346896,-0.049977447886017455,0.20609556389646427,500,equilibrium_files,grouped_resample_sensitivity_interval,none_frozen_before_residual_analysis
iota,ensemble_absolute_error,stable_or_near_floor,240,0.02486111949040994,-0.11877336887138079,0.13606178021721224,500,equilibrium_files,grouped_resample_sensitivity_interval,none_frozen_before_residual_analysis
shat,ensemble_spread,stable_or_near_floor,240,0.0781011823121929,-0.04167020742498429,0.19598806671794353,500,equilibrium_files,grouped_resample_sensitivity_interval,none_frozen_before_residual_analysis
shat,ensemble_absolute_error,stable_or_near_floor,240,0.060395171962701194,-0.05930227861637392,0.1867853222931884,500,equilibrium_files,grouped_resample_sensitivity_interval,none_frozen_before_residual_analysis
d_pressure_d_s,ensemble_spread,stable_or_near_floor,240,0.002419140665368183,-0.11532183423598938,0.12136853112505963,500,equilibrium_files,grouped_resample_sensitivity_interval,none_frozen_before_residual_analysis
d_pressure_d_s,ensemble_absolute_error,stable_or_near_floor,240,0.007891434084958146,-0.10850168026426942,0.13658628345614243,500,equilibrium_files,grouped_resample_sensitivity_interval,none_frozen_before_residual_analysis
aspect,ensemble_spread,stable_or_near_floor,240,-0.16299778036764928,-0.2734718928309719,-0.04216210605508295,500,equilibrium_files,grouped_resample_sensitivity_interval,none_frozen_before_residual_analysis
aspect,ensemble_absolute_error,stable_or_near_floor,240,-0.08575501214783032,-0.2093626221473296,0.03059905125300461,500,equilibrium_files,grouped_resample_sensitivity_interval,none_frozen_before_residual_analysis
rho,ensemble_spread,stable_or_near_floor,240,-0.059840448618899617,-0.18450160094618048,0.07895651953978507,500,equilibrium_files,grouped_resample_sensitivity_interval,none_frozen_before_residual_analysis
rho,ensemble_absolute_error,stable_or_near_floor,240,-0.08471201093423032,-0.21006543256008034,0.04924855486854578,500,equilibrium_files,grouped_resample_sensitivity_interval,none_frozen_before_residual_analysis
aspect_over_rho,ensemble_spread,stable_or_near_floor,240,0.004607718884008402,-0.11856588090543806,0.14177256793585383,500,equilibrium_files,grouped_resample_sensitivity_interval,none_frozen_before_residual_analysis
aspect_over_rho,ensemble_absolute_error,stable_or_near_floor,240,0.05430391773465229,-0.07117809132541755,0.19573715473639106,500,equilibrium_files,grouped_resample_sensitivity_interval,none_frozen_before_residual_analysis
support_warning_score,ensemble_spread,unstable,760,0.04587983172872362,-0.02953131956108407,0.11736054450211147,500,equilibrium_files,grouped_resample_sensitivity_interval,none_frozen_before_residual_analysis
support_warning_score,ensemble_absolute_error,unstable,760,0.00043594965496688545,-0.06425803472650903,0.0708100072448393,500,equilibrium_files,grouped_resample_sensitivity_interval,none_frozen_before_residual_analysis
a_over_lt,ensemble_spread,unstable,760,-0.4339295491927973,-0.4916178994637245,-0.37002884937546776,500,equilibrium_files,grouped_resample_sensitivity_interval,none_frozen_before_residual_analysis
a_over_lt,ensemble_absolute_error,unstable,760,-0.292111700878619,-0.35608036050922565,-0.2267391826884838,500,equilibrium_files,grouped_resample_sensitivity_interval,none_frozen_before_residual_analysis
a_over_ln,ensemble_spread,unstable,760,-0.2464126040457316,-0.3101969303835681,-0.1794283513651573,500,equilibrium_files,grouped_resample_sensitivity_interval,none_frozen_before_residual_analysis
a_over_ln,ensemble_absolute_error,unstable,760,-0.14925701048651402,-0.21386766955237338,-0.07469695609521498,500,equilibrium_files,grouped_resample_sensitivity_interval,none_frozen_before_residual_analysis
q_stds,ensemble_spread,unstable,760,-0.34684167608177624,-0.41444007291049556,-0.28710814524971584,500,equilibrium_files,grouped_resample_sensitivity_interval,none_frozen_before_residual_analysis
q_stds,ensemble_absolute_error,unstable,760,-0.24202503084228624,-0.3123323470037093,-0.17399433377174633,500,equilibrium_files,grouped_resample_sensitivity_interval,none_frozen_before_residual_analysis
symmetry_error,ensemble_spread,unstable,760,0.43914582347959696,0.3689066045525431,0.5012141622478608,500,equilibrium_files,grouped_resample_sensitivity_interval,none_frozen_before_residual_analysis
symmetry_error,ensemble_absolute_error,unstable,760,0.2306703098651557,0.15691076198006165,0.3056766732517577,500,equilibrium_files,grouped_resample_sensitivity_interval,none_frozen_before_residual_analysis
motif_activation_dispersion,ensemble_spread,unstable,760,0.128270560316796,0.05614575055971924,0.19912885682597517,500,equilibrium_files,grouped_resample_sensitivity_interval,none_frozen_before_residual_analysis
motif_activation_dispersion,ensemble_absolute_error,unstable,760,0.0845132222036031,0.020646724315142147,0.1564144108161428,500,equilibrium_files,grouped_resample_sensitivity_interval,none_frozen_before_residual_analysis
concept_activation_dispersion,ensemble_spread,unstable,760,0.36362378889524616,0.30098256186030004,0.4218373538348522,500,equilibrium_files,grouped_resample_sensitivity_interval,none_frozen_before_residual_analysis
concept_activation_dispersion,ensemble_absolute_error,unstable,760,0.1319923556508563,0.05525704026547525,0.20227295027474845,500,equilibrium_files,grouped_resample_sensitivity_interval,none_frozen_before_residual_analysis
nfp,ensemble_spread,unstable,760,-0.11411931933203949,-0.1816092160508294,-0.04421353753792188,500,equilibrium_files,grouped_resample_sensitivity_interval,none_frozen_before_residual_analysis
nfp,ensemble_absolute_error,unstable,760,-0.013799327580863989,-0.08727054103686617,0.051188976024025404,500,equilibrium_files,grouped_resample_sensitivity_interval,none_frozen_before_residual_analysis
iota,ensemble_spread,unstable,760,-0.021060832497067486,-0.0899559750137003,0.053701842695051,500,equilibrium_files,grouped_resample_sensitivity_interval,none_frozen_before_residual_analysis
iota,ensemble_absolute_error,unstable,760,-0.11961468259576555,-0.1883692436712316,-0.04686722906161688,500,equilibrium_files,grouped_resample_sensitivity_interval,none_frozen_before_residual_analysis
shat,ensemble_spread,unstable,760,0.11063106885026135,0.04920061753950335,0.1746381546613705,500,equilibrium_files,grouped_resample_sensitivity_interval,none_frozen_before_residual_analysis
shat,ensemble_absolute_error,unstable,760,0.03907313770134279,-0.03203028398795068,0.10977347092875367,500,equilibrium_files,grouped_resample_sensitivity_interval,none_frozen_before_residual_analysis
d_pressure_d_s,ensemble_spread,unstable,760,-0.16320727196221813,-0.23203813473350268,-0.09775797910887087,500,equilibrium_files,grouped_resample_sensitivity_interval,none_frozen_before_residual_analysis
d_pressure_d_s,ensemble_absolute_error,unstable,760,-0.1573017019712956,-0.22249634501065954,-0.08755355665503954,500,equilibrium_files,grouped_resample_sensitivity_interval,none_frozen_before_residual_analysis
aspect,ensemble_spread,unstable,760,-0.05563385903512948,-0.12829859346071035,0.017248297172835207,500,equilibrium_files,grouped_resample_sensitivity_interval,none_frozen_before_residual_analysis
aspect,ensemble_absolute_error,unstable,760,0.0030833921312966588,-0.06577928817073955,0.06452729654310912,500,equilibrium_files,grouped_resample_sensitivity_interval,none_frozen_before_residual_analysis
rho,ensemble_spread,unstable,760,-0.21644636722563215,-0.27939965524474064,-0.14681903274668565,500,equilibrium_files,grouped_resample_sensitivity_interval,none_frozen_before_residual_analysis
rho,ensemble_absolute_error,unstable,760,-0.15258527109638348,-0.22620168452328845,-0.0863135718613918,500,equilibrium_files,grouped_resample_sensitivity_interval,none_frozen_before_residual_analysis
aspect_over_rho,ensemble_spread,unstable,760,0.1752133263825996,0.09943423246514935,0.2402495551764064,500,equilibrium_files,grouped_resample_sensitivity_interval,none_frozen_before_residual_analysis
aspect_over_rho,ensemble_absolute_error,unstable,760,0.1414927639198967,0.06598699003997896,0.2058693973218434,500,equilibrium_files,grouped_resample_sensitivity_interval,none_frozen_before_residual_analysis
