function,method,gradient_set,stratum,sample_count,channel,channel_name,median_signed,q25_signed,q75_signed,median_absolute,sign_agreement,signed,contribution_valued,estimand,validity_tag,baseline_convention,feature_claims_permitted
original_f,ig_low_pass,varied,all,1000,0,bmag,1.5391568998168947e-05,-2.7202144553745897e-05,5.605015860488793e-05,0.0006085728231506391,0.7020833333333334,True,True,"native max(log Q, -2)",deliberately_off_manifold_diagnostic,input-derived low-pass; deliberately off-manifold diagnostic,True
original_f,ig_low_pass,varied,all,1000,1,gbdrift,-9.003327874914396e-07,-0.00012577208156620224,0.0001238650333064999,0.0021817256954690116,0.7427083333333334,True,True,"native max(log Q, -2)",deliberately_off_manifold_diagnostic,input-derived low-pass; deliberately off-manifold diagnostic,True
original_f,ig_low_pass,varied,all,1000,2,cvdrift,1.1217290814516853e-05,-6.24433279732123e-05,9.01337065030283e-05,0.0011724836846154826,0.7447916666666666,True,True,"native max(log Q, -2)",deliberately_off_manifold_diagnostic,input-derived low-pass; deliberately off-manifold diagnostic,True
original_f,ig_low_pass,varied,all,1000,3,gbdrift0_over_shat,9.600100367846902e-05,-8.483875200008643e-05,0.00028261786089542714,0.0025744654905577712,0.7291666666666666,True,True,"native max(log Q, -2)",deliberately_off_manifold_diagnostic,input-derived low-pass; deliberately off-manifold diagnostic,True
original_f,ig_low_pass,varied,all,1000,4,gds2,-9.443418706910551e-05,-0.00032583890631508993,0.00011547478870812541,0.0018664402311092678,0.678125,True,True,"native max(log Q, -2)",deliberately_off_manifold_diagnostic,input-derived low-pass; deliberately off-manifold diagnostic,True
original_f,ig_low_pass,varied,all,1000,5,gds21_over_shat,-3.340067786583798e-05,-0.00014958823604255503,8.951124950393038e-05,0.0018191188263229994,0.6999999999999998,True,True,"native max(log Q, -2)",deliberately_off_manifold_diagnostic,input-derived low-pass; deliberately off-manifold diagnostic,True
original_f,ig_low_pass,varied,all,1000,6,gds22_over_shat_squared,-9.402129193358222e-06,-7.97526425641885e-05,6.541627484981715e-05,0.0011203568937013127,0.6885416666666666,True,True,"native max(log Q, -2)",deliberately_off_manifold_diagnostic,input-derived low-pass; deliberately off-manifold diagnostic,True
original_f,ig_low_pass,varied,stable_or_near_floor,240,0,bmag,3.3784154905288393e-06,-4.663598024722886e-05,5.9957337084835056e-05,0.00025281560814812077,0.6749999999999999,True,True,"native max(log Q, -2)",deliberately_off_manifold_diagnostic,input-derived low-pass; deliberately off-manifold diagnostic,False
original_f,ig_low_pass,varied,stable_or_near_floor,240,1,gbdrift,-3.229727941592064e-05,-0.0002208466562808973,0.0001680199538471534,0.0011656090806743103,0.7531249999999999,True,True,"native max(log Q, -2)",deliberately_off_manifold_diagnostic,input-derived low-pass; deliberately off-manifold diagnostic,False
original_f,ig_low_pass,varied,stable_or_near_floor,240,2,cvdrift,-4.00661214565177e-06,-0.00011997938416045795,0.00012162288264995643,0.0006054522840351508,0.6791666666666666,True,True,"native max(log Q, -2)",deliberately_off_manifold_diagnostic,input-derived low-pass; deliberately off-manifold diagnostic,False
original_f,ig_low_pass,varied,stable_or_near_floor,240,3,gbdrift0_over_shat,2.8473171052699355e-05,-0.0001795061443522377,0.00023844388243911228,0.0010998634218520218,0.7791666666666667,True,True,"native max(log Q, -2)",deliberately_off_manifold_diagnostic,input-derived low-pass; deliberately off-manifold diagnostic,False
original_f,ig_low_pass,varied,stable_or_near_floor,240,4,gds2,-7.0663035006686715e-06,-0.00017977007615490906,0.00014229555107459372,0.0006750544495518771,0.65,True,True,"native max(log Q, -2)",deliberately_off_manifold_diagnostic,input-derived low-pass; deliberately off-manifold diagnostic,False
original_f,ig_low_pass,varied,stable_or_near_floor,240,5,gds21_over_shat,-1.3455801794393343e-05,-0.00015649645910048742,0.0001319097353003533,0.0007307370337235767,0.646875,True,True,"native max(log Q, -2)",deliberately_off_manifold_diagnostic,input-derived low-pass; deliberately off-manifold diagnostic,False
original_f,ig_low_pass,varied,stable_or_near_floor,240,6,gds22_over_shat_squared,-5.748290226536374e-06,-7.203991219702422e-05,6.608459411540875e-05,0.00040811052784729164,0.6489583333333333,True,True,"native max(log Q, -2)",deliberately_off_manifold_diagnostic,input-derived low-pass; deliberately off-manifold diagnostic,False
original_f,ig_low_pass,varied,unstable,760,0,bmag,1.692227639309989e-05,-3.2585576314153186e-05,6.786053741060509e-05,0.0007142155902254988,0.6906249999999999,True,True,"native max(log Q, -2)",deliberately_off_manifold_diagnostic,input-derived low-pass; deliberately off-manifold diagnostic,True
original_f,ig_low_pass,varied,unstable,760,1,gbdrift,5.382953587287519e-06,-0.00014655538401038375,0.00016524976928044055,0.002490271078883669,0.7354166666666666,True,True,"native max(log Q, -2)",deliberately_off_manifold_diagnostic,input-derived low-pass; deliberately off-manifold diagnostic,True
original_f,ig_low_pass,varied,unstable,760,2,cvdrift,1.6801876056583986e-05,-7.21981273883262e-05,0.0001050900643123953,0.001342644932568372,0.7270833333333333,True,True,"native max(log Q, -2)",deliberately_off_manifold_diagnostic,input-derived low-pass; deliberately off-manifold diagnostic,True
original_f,ig_low_pass,varied,unstable,760,3,gbdrift0_over_shat,0.00012138232358054127,-9.670618038551274e-05,0.00034637904242962834,0.003037536711979129,0.7229166666666665,True,True,"native max(log Q, -2)",deliberately_off_manifold_diagnostic,input-derived low-pass; deliberately off-manifold diagnostic,True
original_f,ig_low_pass,varied,unstable,760,4,gds2,-0.00011149004944278668,-0.00041372709928078587,0.00013955897596049959,0.0022337502773974493,0.6687500000000001,True,True,"native max(log Q, -2)",deliberately_off_manifold_diagnostic,input-derived low-pass; deliberately off-manifold diagnostic,True
original_f,ig_low_pass,varied,unstable,760,5,gds21_over_shat,-3.925306321795553e-05,-0.00018749686532922946,0.00010312007926795971,0.0021603239932925134,0.7072916666666668,True,True,"native max(log Q, -2)",deliberately_off_manifold_diagnostic,input-derived low-pass; deliberately off-manifold diagnostic,True
original_f,ig_low_pass,varied,unstable,760,6,gds22_over_shat_squared,-1.1264622816815757e-05,-9.658157988100703e-05,8.335960937989482e-05,0.0013389123048912794,0.6843750000000001,True,True,"native max(log Q, -2)",deliberately_off_manifold_diagnostic,input-derived low-pass; deliberately off-manifold diagnostic,True
original_f,ig_low_pass,fixed,all,1000,0,bmag,9.858551084353776e-07,-2.7683778779010202e-05,3.125447293120524e-05,0.0004649433688501522,0.6927083333333334,True,True,"native max(log Q, -2)",deliberately_off_manifold_diagnostic,input-derived low-pass; deliberately off-manifold diagnostic,True
original_f,ig_low_pass,fixed,all,1000,1,gbdrift,-1.4215714775117836e-05,-0.0001305952615598646,0.000103753885016054,0.0017510539153412705,0.7479166666666668,True,True,"native max(log Q, -2)",deliberately_off_manifold_diagnostic,input-derived low-pass; deliberately off-manifold diagnostic,True
original_f,ig_low_pass,fixed,all,1000,2,cvdrift,1.1595155760614078e-05,-5.993637980152562e-05,8.010377760118037e-05,0.0009447384296386658,0.6833333333333332,True,True,"native max(log Q, -2)",deliberately_off_manifold_diagnostic,input-derived low-pass; deliberately off-manifold diagnostic,True
original_f,ig_low_pass,fixed,all,1000,3,gbdrift0_over_shat,0.00010806010627024014,-8.797972918767142e-05,0.0003135813463039192,0.002117182704817829,0.7760416666666666,True,True,"native max(log Q, -2)",deliberately_off_manifold_diagnostic,input-derived low-pass; deliberately off-manifold diagnostic,True
original_f,ig_low_pass,fixed,all,1000,4,gds2,7.38378260499957e-06,-0.00039563909027354025,0.00041304316533490124,0.0019987340945851364,0.6333333333333333,True,True,"native max(log Q, -2)",deliberately_off_manifold_diagnostic,input-derived low-pass; deliberately off-manifold diagnostic,True
original_f,ig_low_pass,fixed,all,1000,5,gds21_over_shat,-4.985697525671277e-05,-0.000179611201475094,8.322864264692817e-05,0.0015131787043145151,0.7270833333333332,True,True,"native max(log Q, -2)",deliberately_off_manifold_diagnostic,input-derived low-pass; deliberately off-manifold diagnostic,True
original_f,ig_low_pass,fixed,all,1000,6,gds22_over_shat_squared,-2.7479713763094367e-05,-8.209072532050159e-05,3.0708829051168785e-05,0.0009234796780730057,0.7468750000000001,True,True,"native max(log Q, -2)",deliberately_off_manifold_diagnostic,input-derived low-pass; deliberately off-manifold diagnostic,True
original_f,ig_low_pass,fixed,stable_or_near_floor,23,0,bmag,4.411146827704984e-06,-2.7783686057867578e-05,3.560243432261254e-05,4.9944832147905e-05,0.6552083333333333,True,True,"native max(log Q, -2)",deliberately_off_manifold_diagnostic,input-derived low-pass; deliberately off-manifold diagnostic,False
original_f,ig_low_pass,fixed,stable_or_near_floor,23,1,gbdrift,-9.348604363709706e-06,-0.00010436321540993004,9.523471554837032e-05,0.00024647115285657837,0.6562499999999999,True,True,"native max(log Q, -2)",deliberately_off_manifold_diagnostic,input-derived low-pass; deliberately off-manifold diagnostic,False
original_f,ig_low_pass,fixed,stable_or_near_floor,23,2,cvdrift,4.0592835854995075e-06,-4.6636397223357274e-05,5.772777080847493e-05,0.00010865887588722324,0.6239583333333333,True,True,"native max(log Q, -2)",deliberately_off_manifold_diagnostic,input-derived low-pass; deliberately off-manifold diagnostic,False
original_f,ig_low_pass,fixed,stable_or_near_floor,23,3,gbdrift0_over_shat,-3.5397833589413026e-06,-0.0001781373467944122,0.0001775155220884206,0.0003550838882339624,0.7312499999999998,True,True,"native max(log Q, -2)",deliberately_off_manifold_diagnostic,input-derived low-pass; deliberately off-manifold diagnostic,False
original_f,ig_low_pass,fixed,stable_or_near_floor,23,4,gds2,-2.6096977608946215e-06,-5.661501897271775e-05,5.379929838610308e-05,0.00013913496219438833,0.646875,True,True,"native max(log Q, -2)",deliberately_off_manifold_diagnostic,input-derived low-pass; deliberately off-manifold diagnostic,False
original_f,ig_low_pass,fixed,stable_or_near_floor,23,5,gds21_over_shat,-2.4503703559666366e-05,-0.00010826022976851546,6.744371625643559e-05,0.0002604993598876593,0.640625,True,True,"native max(log Q, -2)",deliberately_off_manifold_diagnostic,input-derived low-pass; deliberately off-manifold diagnostic,False
original_f,ig_low_pass,fixed,stable_or_near_floor,23,6,gds22_over_shat_squared,2.2312005855431207e-07,-2.9934508291220418e-05,3.317755110652941e-05,7.840292557006703e-05,0.6499999999999999,True,True,"native max(log Q, -2)",deliberately_off_manifold_diagnostic,input-derived low-pass; deliberately off-manifold diagnostic,False
original_f,ig_low_pass,fixed,unstable,977,0,bmag,1.0148624628470836e-06,-2.8198865739251315e-05,3.1843397429185414e-05,0.0004742542527151057,0.6947916666666667,True,True,"native max(log Q, -2)",deliberately_off_manifold_diagnostic,input-derived low-pass; deliberately off-manifold diagnostic,True
original_f,ig_low_pass,fixed,unstable,977,1,gbdrift,-1.5142206475917168e-05,-0.0001342071169971446,0.00010696373311218966,0.0017839648736411708,0.75,True,True,"native max(log Q, -2)",deliberately_off_manifold_diagnostic,input-derived low-pass; deliberately off-manifold diagnostic,True
original_f,ig_low_pass,fixed,unstable,977,2,cvdrift,1.163537981079161e-05,-6.15097627669213e-05,8.212656436351369e-05,0.0009638243489909082,0.6854166666666667,True,True,"native max(log Q, -2)",deliberately_off_manifold_diagnostic,input-derived low-pass; deliberately off-manifold diagnostic,True
original_f,ig_low_pass,fixed,unstable,977,3,gbdrift0_over_shat,0.00010997474023641871,-8.554334690318251e-05,0.00031789774033704886,0.0021561108835090894,0.7781250000000001,True,True,"native max(log Q, -2)",deliberately_off_manifold_diagnostic,input-derived low-pass; deliberately off-manifold diagnostic,True
original_f,ig_low_pass,fixed,unstable,977,4,gds2,7.443630192705188e-06,-0.0004050032590784851,0.00042238533925547045,0.0020416904893703187,0.634375,True,True,"native max(log Q, -2)",deliberately_off_manifold_diagnostic,input-derived low-pass; deliberately off-manifold diagnostic,True
original_f,ig_low_pass,fixed,unstable,977,5,gds21_over_shat,-5.124859764978829e-05,-0.00018302075287411322,8.553620519612962e-05,0.001541731840466896,0.7281249999999999,True,True,"native max(log Q, -2)",deliberately_off_manifold_diagnostic,input-derived low-pass; deliberately off-manifold diagnostic,True
original_f,ig_low_pass,fixed,unstable,977,6,gds22_over_shat_squared,-2.804711585186563e-05,-8.394158199029769e-05,3.140506055910922e-05,0.0009429892776035708,0.7427083333333333,True,True,"native max(log Q, -2)",deliberately_off_manifold_diagnostic,input-derived low-pass; deliberately off-manifold diagnostic,True
original_f,periodic_mask,varied,all,1000,0,bmag,0.07416902977345029,0.06971888988226098,0.07828583691385545,0.07416902977345029,1.0,False,False,"native max(log Q, -2)",deliberately_off_manifold_diagnostic,"fixed matched observation; observed endpoint, off-manifold path",True
original_f,periodic_mask,varied,all,1000,1,gbdrift,0.11981255348288689,0.11544446689493855,0.12402136833955156,0.11981255348288689,1.0,False,False,"native max(log Q, -2)",deliberately_off_manifold_diagnostic,"fixed matched observation; observed endpoint, off-manifold path",True
original_f,periodic_mask,varied,all,1000,2,cvdrift,0.08507163688455845,0.08144600472569714,0.08875776838811189,0.08507163688455845,1.0,False,False,"native max(log Q, -2)",deliberately_off_manifold_diagnostic,"fixed matched observation; observed endpoint, off-manifold path",True
original_f,periodic_mask,varied,all,1000,3,gbdrift0_over_shat,0.1377035609343167,0.1301074993573548,0.14608094869737992,0.1377035609343167,1.0,False,False,"native max(log Q, -2)",deliberately_off_manifold_diagnostic,"fixed matched observation; observed endpoint, off-manifold path",True
original_f,periodic_mask,varied,all,1000,4,gds2,0.12159810384991675,0.1166573432331628,0.12652683482274169,0.12159810384991675,1.0,False,False,"native max(log Q, -2)",deliberately_off_manifold_diagnostic,"fixed matched observation; observed endpoint, off-manifold path",True
original_f,periodic_mask,varied,all,1000,5,gds21_over_shat,0.11184421885639832,0.10707557982261061,0.11683050089462348,0.11184421885639832,1.0,False,False,"native max(log Q, -2)",deliberately_off_manifold_diagnostic,"fixed matched observation; observed endpoint, off-manifold path",True
original_f,periodic_mask,varied,all,1000,6,gds22_over_shat_squared,0.11492369275680737,0.110486910621811,0.1197422412589957,0.11492369275680737,1.0,False,False,"native max(log Q, -2)",deliberately_off_manifold_diagnostic,"fixed matched observation; observed endpoint, off-manifold path",True
original_f,periodic_mask,varied,stable_or_near_floor,240,0,bmag,0.07198669278852714,0.06809634102730137,0.07578285657741539,0.07198669278852714,1.0,False,False,"native max(log Q, -2)",deliberately_off_manifold_diagnostic,"fixed matched observation; observed endpoint, off-manifold path",False
original_f,periodic_mask,varied,stable_or_near_floor,240,1,gbdrift,0.11431000518462509,0.10793090786010695,0.12045189599399182,0.11431000518462509,1.0,False,False,"native max(log Q, -2)",deliberately_off_manifold_diagnostic,"fixed matched observation; observed endpoint, off-manifold path",False
original_f,periodic_mask,varied,stable_or_near_floor,240,2,cvdrift,0.07914241906791943,0.07517932290506017,0.084069181162862,0.07914241906791943,1.0,False,False,"native max(log Q, -2)",deliberately_off_manifold_diagnostic,"fixed matched observation; observed endpoint, off-manifold path",False
original_f,periodic_mask,varied,stable_or_near_floor,240,3,gbdrift0_over_shat,0.12201312990018147,0.11336565425678818,0.13055326902094108,0.12201312990018147,1.0,False,False,"native max(log Q, -2)",deliberately_off_manifold_diagnostic,"fixed matched observation; observed endpoint, off-manifold path",False
original_f,periodic_mask,varied,stable_or_near_floor,240,4,gds2,0.11190707740888202,0.10542032565396281,0.1190219205040413,0.11190707740888202,1.0,False,False,"native max(log Q, -2)",deliberately_off_manifold_diagnostic,"fixed matched observation; observed endpoint, off-manifold path",False
original_f,periodic_mask,varied,stable_or_near_floor,240,5,gds21_over_shat,0.10841733201529137,0.10214286548515461,0.11470717901024703,0.10841733201529137,1.0,False,False,"native max(log Q, -2)",deliberately_off_manifold_diagnostic,"fixed matched observation; observed endpoint, off-manifold path",False
original_f,periodic_mask,varied,stable_or_near_floor,240,6,gds22_over_shat_squared,0.11681121285404801,0.11058155727254465,0.1232382813404785,0.11681121285404801,1.0,False,False,"native max(log Q, -2)",deliberately_off_manifold_diagnostic,"fixed matched observation; observed endpoint, off-manifold path",False
original_f,periodic_mask,varied,unstable,760,0,bmag,0.07462541605177427,0.06955162763356078,0.07935619389431738,0.07462541605177427,1.0,False,False,"native max(log Q, -2)",deliberately_off_manifold_diagnostic,"fixed matched observation; observed endpoint, off-manifold path",True
original_f,periodic_mask,varied,unstable,760,1,gbdrift,0.12136217939352484,0.11656345238071796,0.1264843297680165,0.12136217939352484,1.0,False,False,"native max(log Q, -2)",deliberately_off_manifold_diagnostic,"fixed matched observation; observed endpoint, off-manifold path",True
original_f,periodic_mask,varied,unstable,760,2,cvdrift,0.08659365518961726,0.08252551341077698,0.09123566531684575,0.08659365518961726,1.0,False,False,"native max(log Q, -2)",deliberately_off_manifold_diagnostic,"fixed matched observation; observed endpoint, off-manifold path",True
original_f,periodic_mask,varied,unstable,760,3,gbdrift0_over_shat,0.1422484455226565,0.13388824606699112,0.15190496068871137,0.1422484455226565,1.0,False,False,"native max(log Q, -2)",deliberately_off_manifold_diagnostic,"fixed matched observation; observed endpoint, off-manifold path",True
original_f,periodic_mask,varied,unstable,760,4,gds2,0.12429431704869864,0.11873242410725411,0.12984509929661806,0.12429431704869864,1.0,False,False,"native max(log Q, -2)",deliberately_off_manifold_diagnostic,"fixed matched observation; observed endpoint, off-manifold path",True
original_f,periodic_mask,varied,unstable,760,5,gds21_over_shat,0.11292167524138923,0.10733870978796235,0.11835758401142234,0.11292167524138923,1.0,False,False,"native max(log Q, -2)",deliberately_off_manifold_diagnostic,"fixed matched observation; observed endpoint, off-manifold path",True
original_f,periodic_mask,varied,unstable,760,6,gds22_over_shat_squared,0.11441632804027414,0.10941643908121952,0.11991879771280127,0.11441632804027414,1.0,False,False,"native max(log Q, -2)",deliberately_off_manifold_diagnostic,"fixed matched observation; observed endpoint, off-manifold path",True
original_f,periodic_mask,fixed,all,1000,0,bmag,0.06010431424831673,0.05571059011394131,0.06415161176152163,0.06010431424831673,1.0,False,False,"native max(log Q, -2)",deliberately_off_manifold_diagnostic,"fixed matched observation; observed endpoint, off-manifold path",True
original_f,periodic_mask,fixed,all,1000,1,gbdrift,0.1355472632443102,0.13017963975164693,0.14151727213949586,0.1355472632443102,1.0,False,False,"native max(log Q, -2)",deliberately_off_manifold_diagnostic,"fixed matched observation; observed endpoint, off-manifold path",True
original_f,periodic_mask,fixed,all,1000,2,cvdrift,0.07819551067568908,0.07375728493649704,0.08393339975518284,0.07819551067568908,1.0,False,False,"native max(log Q, -2)",deliberately_off_manifold_diagnostic,"fixed matched observation; observed endpoint, off-manifold path",True
original_f,periodic_mask,fixed,all,1000,3,gbdrift0_over_shat,0.15939387124246351,0.1461339838136663,0.17254617341983078,0.15939387124246351,1.0,False,False,"native max(log Q, -2)",deliberately_off_manifold_diagnostic,"fixed matched observation; observed endpoint, off-manifold path",True
original_f,periodic_mask,fixed,all,1000,4,gds2,0.13969277175059922,0.13290106594429282,0.14619774904546304,0.13969277175059922,1.0,False,False,"native max(log Q, -2)",deliberately_off_manifold_diagnostic,"fixed matched observation; observed endpoint, off-manifold path",True
original_f,periodic_mask,fixed,all,1000,5,gds21_over_shat,0.11719112722851537,0.11076372928016548,0.12342668707325648,0.11719112722851537,1.0,False,False,"native max(log Q, -2)",deliberately_off_manifold_diagnostic,"fixed matched observation; observed endpoint, off-manifold path",True
original_f,periodic_mask,fixed,all,1000,6,gds22_over_shat_squared,0.12462701779097225,0.11693888300698137,0.13344360168001576,0.12462701779097225,1.0,False,False,"native max(log Q, -2)",deliberately_off_manifold_diagnostic,"fixed matched observation; observed endpoint, off-manifold path",True
original_f,periodic_mask,fixed,stable_or_near_floor,23,0,bmag,0.06321134150723241,0.05525205155194488,0.07440204572551994,0.06321134150723241,1.0,False,False,"native max(log Q, -2)",deliberately_off_manifold_diagnostic,"fixed matched observation; observed endpoint, off-manifold path",False
original_f,periodic_mask,fixed,stable_or_near_floor,23,1,gbdrift,0.11774969422067871,0.09937059636858876,0.14036043183114336,0.11774969422067871,1.0,False,False,"native max(log Q, -2)",deliberately_off_manifold_diagnostic,"fixed matched observation; observed endpoint, off-manifold path",False
original_f,periodic_mask,fixed,stable_or_near_floor,23,2,cvdrift,0.07078458315936258,0.061237754294127276,0.08361249257952946,0.07078458315936258,1.0,False,False,"native max(log Q, -2)",deliberately_off_manifold_diagnostic,"fixed matched observation; observed endpoint, off-manifold path",False
original_f,periodic_mask,fixed,stable_or_near_floor,23,3,gbdrift0_over_shat,0.1425326506353146,0.11115321623067236,0.17448661032217486,0.1425326506353146,1.0,False,False,"native max(log Q, -2)",deliberately_off_manifold_diagnostic,"fixed matched observation; observed endpoint, off-manifold path",False
original_f,periodic_mask,fixed,stable_or_near_floor,23,4,gds2,0.12408499721163112,0.10295645052254067,0.14745724877488853,0.12408499721163112,1.0,False,False,"native max(log Q, -2)",deliberately_off_manifold_diagnostic,"fixed matched observation; observed endpoint, off-manifold path",False
original_f,periodic_mask,fixed,stable_or_near_floor,23,5,gds21_over_shat,0.1034851973254971,0.08784281333405292,0.1228829944837622,0.1034851973254971,1.0,False,False,"native max(log Q, -2)",deliberately_off_manifold_diagnostic,"fixed matched observation; observed endpoint, off-manifold path",False
original_f,periodic_mask,fixed,stable_or_near_floor,23,6,gds22_over_shat_squared,0.11299476184515933,0.09278018755013658,0.13452185449535836,0.11299476184515933,1.0,False,False,"native max(log Q, -2)",deliberately_off_manifold_diagnostic,"fixed matched observation; observed endpoint, off-manifold path",False
original_f,periodic_mask,fixed,unstable,977,0,bmag,0.0599093077707153,0.055519714116437434,0.0640915409792094,0.0599093077707153,1.0,False,False,"native max(log Q, -2)",deliberately_off_manifold_diagnostic,"fixed matched observation; observed endpoint, off-manifold path",True
original_f,periodic_mask,fixed,unstable,977,1,gbdrift,0.1358979796453557,0.13037881907316315,0.14189740128135728,0.1358979796453557,1.0,False,False,"native max(log Q, -2)",deliberately_off_manifold_diagnostic,"fixed matched observation; observed endpoint, off-manifold path",True
original_f,periodic_mask,fixed,unstable,977,2,cvdrift,0.07825093451573323,0.07378603151756165,0.08413991670565879,0.07825093451573323,1.0,False,False,"native max(log Q, -2)",deliberately_off_manifold_diagnostic,"fixed matched observation; observed endpoint, off-manifold path",True
original_f,periodic_mask,fixed,unstable,977,3,gbdrift0_over_shat,0.1596178831372231,0.146418372881264,0.17275974412121434,0.1596178831372231,1.0,False,False,"native max(log Q, -2)",deliberately_off_manifold_diagnostic,"fixed matched observation; observed endpoint, off-manifold path",True
original_f,periodic_mask,fixed,unstable,977,4,gds2,0.13997247825225337,0.1330971265780476,0.1466075579563725,0.13997247825225337,1.0,False,False,"native max(log Q, -2)",deliberately_off_manifold_diagnostic,"fixed matched observation; observed endpoint, off-manifold path",True
original_f,periodic_mask,fixed,unstable,977,5,gds21_over_shat,0.11746682473927085,0.11094730192352466,0.12370609197295472,0.11746682473927085,1.0,False,False,"native max(log Q, -2)",deliberately_off_manifold_diagnostic,"fixed matched observation; observed endpoint, off-manifold path",True
original_f,periodic_mask,fixed,unstable,977,6,gds22_over_shat_squared,0.12488318817884274,0.11719129769526289,0.13400101800687175,0.12488318817884274,1.0,False,False,"native max(log Q, -2)",deliberately_off_manifold_diagnostic,"fixed matched observation; observed endpoint, off-manifold path",True
invariant_tilde_f,ig_low_pass,varied,all,1000,0,bmag,1.7806689449957773e-05,-1.3384944807715155e-05,5.1086402640231965e-05,0.0004888689522372908,0.7166666666666667,True,True,"native max(log Q, -2)",deliberately_off_manifold_diagnostic,input-derived low-pass; deliberately off-manifold diagnostic,True
invariant_tilde_f,ig_low_pass,varied,all,1000,1,gbdrift,4.845697023802567e-06,-9.9856919625619e-05,9.715786256384994e-05,0.0019226585204128975,0.7895833333333333,True,True,"native max(log Q, -2)",deliberately_off_manifold_diagnostic,input-derived low-pass; deliberately off-manifold diagnostic,True
invariant_tilde_f,ig_low_pass,varied,all,1000,2,cvdrift,1.1671103198418244e-05,-4.6501705356985176e-05,7.114231018328966e-05,0.0009601726378594878,0.759375,True,True,"native max(log Q, -2)",deliberately_off_manifold_diagnostic,input-derived low-pass; deliberately off-manifold diagnostic,True
invariant_tilde_f,ig_low_pass,varied,all,1000,3,gbdrift0_over_shat,0.0001076564962225389,-7.222557834014703e-05,0.0002672576664109127,0.0022085828504135614,0.7677083333333332,True,True,"native max(log Q, -2)",deliberately_off_manifold_diagnostic,input-derived low-pass; deliberately off-manifold diagnostic,True
invariant_tilde_f,ig_low_pass,varied,all,1000,4,gds2,-8.37562641894275e-05,-0.000273989051099905,4.591182706627209e-05,0.001164242029143135,0.7239583333333334,True,True,"native max(log Q, -2)",deliberately_off_manifold_diagnostic,input-derived low-pass; deliberately off-manifold diagnostic,True
invariant_tilde_f,ig_low_pass,varied,all,1000,5,gds21_over_shat,-3.9297923637730494e-05,-0.0001371273509269779,5.309323919243629e-05,0.0012498150505005706,0.7229166666666665,True,True,"native max(log Q, -2)",deliberately_off_manifold_diagnostic,input-derived low-pass; deliberately off-manifold diagnostic,True
invariant_tilde_f,ig_low_pass,varied,all,1000,6,gds22_over_shat_squared,-6.308360969403052e-06,-4.565762518213954e-05,3.467597093310308e-05,0.000763969841039342,0.759375,True,True,"native max(log Q, -2)",deliberately_off_manifold_diagnostic,input-derived low-pass; deliberately off-manifold diagnostic,True
invariant_tilde_f,ig_low_pass,varied,stable_or_near_floor,240,0,bmag,6.229755702963526e-06,-2.91773880493287e-05,4.8562886893718765e-05,0.00020049076670592314,0.7145833333333332,True,True,"native max(log Q, -2)",deliberately_off_manifold_diagnostic,input-derived low-pass; deliberately off-manifold diagnostic,False
invariant_tilde_f,ig_low_pass,varied,stable_or_near_floor,240,1,gbdrift,-3.0722046864077914e-05,-0.00019509652947095297,0.00013866631281882278,0.001065542481879772,0.7885416666666667,True,True,"native max(log Q, -2)",deliberately_off_manifold_diagnostic,input-derived low-pass; deliberately off-manifold diagnostic,False
invariant_tilde_f,ig_low_pass,varied,stable_or_near_floor,240,2,cvdrift,3.4134741824747914e-06,-8.3648816272929e-05,0.00010099857931184934,0.00048686456719244,0.6791666666666666,True,True,"native max(log Q, -2)",deliberately_off_manifold_diagnostic,input-derived low-pass; deliberately off-manifold diagnostic,False
invariant_tilde_f,ig_low_pass,varied,stable_or_near_floor,240,3,gbdrift0_over_shat,3.010409420903567e-05,-0.00013727219904620774,0.00019791491809612334,0.000958554362663819,0.8354166666666666,True,True,"native max(log Q, -2)",deliberately_off_manifold_diagnostic,input-derived low-pass; deliberately off-manifold diagnostic,False
invariant_tilde_f,ig_low_pass,varied,stable_or_near_floor,240,4,gds2,-1.6762211848794017e-05,-0.00010604476912830117,7.009599424587916e-05,0.00039539354083479444,0.6749999999999999,True,True,"native max(log Q, -2)",deliberately_off_manifold_diagnostic,input-derived low-pass; deliberately off-manifold diagnostic,False
invariant_tilde_f,ig_low_pass,varied,stable_or_near_floor,240,5,gds21_over_shat,-1.4458616931537192e-05,-0.00013488865132388434,8.451402685097314e-05,0.0004925734539354726,0.6499999999999999,True,True,"native max(log Q, -2)",deliberately_off_manifold_diagnostic,input-derived low-pass; deliberately off-manifold diagnostic,False
invariant_tilde_f,ig_low_pass,varied,stable_or_near_floor,240,6,gds22_over_shat_squared,-3.3802392650439444e-06,-4.6086360334545275e-05,4.288355077635788e-05,0.00026415907825036667,0.6614583333333334,True,True,"native max(log Q, -2)",deliberately_off_manifold_diagnostic,input-derived low-pass; deliberately off-manifold diagnostic,False
invariant_tilde_f,ig_low_pass,varied,unstable,760,0,bmag,1.8556203535792868e-05,-1.836039751089895e-05,6.171739525324297e-05,0.0005780393426038662,0.71875,True,True,"native max(log Q, -2)",deliberately_off_manifold_diagnostic,input-derived low-pass; deliberately off-manifold diagnostic,True
invariant_tilde_f,ig_low_pass,varied,unstable,760,1,gbdrift,9.443859417148032e-06,-0.00011011671307076155,0.00012837794202570367,0.0021752464836793874,0.7708333333333334,True,True,"native max(log Q, -2)",deliberately_off_manifold_diagnostic,input-derived low-pass; deliberately off-manifold diagnostic,True
invariant_tilde_f,ig_low_pass,varied,unstable,760,2,cvdrift,1.395900241219265e-05,-5.153505810070739e-05,8.185875640960901e-05,0.001102564982283717,0.7708333333333334,True,True,"native max(log Q, -2)",deliberately_off_manifold_diagnostic,input-derived low-pass; deliberately off-manifold diagnostic,True
invariant_tilde_f,ig_low_pass,varied,unstable,760,3,gbdrift0_over_shat,0.00013138486351927354,-8.022247297499292e-05,0.0003224142064357499,0.0026095691653521477,0.7447916666666666,True,True,"native max(log Q, -2)",deliberately_off_manifold_diagnostic,input-derived low-pass; deliberately off-manifold diagnostic,True
invariant_tilde_f,ig_low_pass,varied,unstable,760,4,gds2,-0.00010156273596252739,-0.000350949631899398,5.326857122398612e-05,0.0013970246554277277,0.7208333333333333,True,True,"native max(log Q, -2)",deliberately_off_manifold_diagnostic,input-derived low-pass; deliberately off-manifold diagnostic,True
invariant_tilde_f,ig_low_pass,varied,unstable,760,5,gds21_over_shat,-4.5784066298296e-05,-0.00015908057620854507,6.499801657379175e-05,0.00149363397728974,0.7260416666666666,True,True,"native max(log Q, -2)",deliberately_off_manifold_diagnostic,input-derived low-pass; deliberately off-manifold diagnostic,True
invariant_tilde_f,ig_low_pass,varied,unstable,760,6,gds22_over_shat_squared,-9.064491667488776e-06,-5.8826143666766935e-05,4.35464300199728e-05,0.0009181588140432536,0.7666666666666667,True,True,"native max(log Q, -2)",deliberately_off_manifold_diagnostic,input-derived low-pass; deliberately off-manifold diagnostic,True
invariant_tilde_f,ig_low_pass,fixed,all,1000,0,bmag,1.8130172856870796e-06,-1.9452757709581957e-05,2.402094966665413e-05,0.00038719356501728505,0.7239583333333334,True,True,"native max(log Q, -2)",deliberately_off_manifold_diagnostic,input-derived low-pass; deliberately off-manifold diagnostic,True
invariant_tilde_f,ig_low_pass,fixed,all,1000,1,gbdrift,-1.4524255008027908e-05,-0.00010956762664963776,8.386679647668169e-05,0.0015323846738204147,0.7666666666666666,True,True,"native max(log Q, -2)",deliberately_off_manifold_diagnostic,input-derived low-pass; deliberately off-manifold diagnostic,True
invariant_tilde_f,ig_low_pass,fixed,all,1000,2,cvdrift,6.765379242695984e-06,-4.8139751469538364e-05,5.951703376831426e-05,0.0007825899493483324,0.7374999999999999,True,True,"native max(log Q, -2)",deliberately_off_manifold_diagnostic,input-derived low-pass; deliberately off-manifold diagnostic,True
invariant_tilde_f,ig_low_pass,fixed,all,1000,3,gbdrift0_over_shat,0.00011618013867871058,-9.27908917464631e-05,0.0003078242908940474,0.0019173964455539139,0.7958333333333334,True,True,"native max(log Q, -2)",deliberately_off_manifold_diagnostic,input-derived low-pass; deliberately off-manifold diagnostic,True
invariant_tilde_f,ig_low_pass,fixed,all,1000,4,gds2,-1.9837060689372097e-05,-0.0002707060334836376,0.0002536438127891239,0.001301721835542451,0.6416666666666666,True,True,"native max(log Q, -2)",deliberately_off_manifold_diagnostic,input-derived low-pass; deliberately off-manifold diagnostic,True
invariant_tilde_f,ig_low_pass,fixed,all,1000,5,gds21_over_shat,-5.4629336099269396e-05,-0.00015443010395573407,4.658903103580271e-05,0.001116880341637563,0.759375,True,True,"native max(log Q, -2)",deliberately_off_manifold_diagnostic,input-derived low-pass; deliberately off-manifold diagnostic,True
invariant_tilde_f,ig_low_pass,fixed,all,1000,6,gds22_over_shat_squared,-2.4858856355876227e-05,-5.9001581858402544e-05,1.4090373165389459e-05,0.0006896737390981767,0.7916666666666666,True,True,"native max(log Q, -2)",deliberately_off_manifold_diagnostic,input-derived low-pass; deliberately off-manifold diagnostic,True
invariant_tilde_f,ig_low_pass,fixed,stable_or_near_floor,23,0,bmag,5.7809432829499255e-06,-1.9805884901392573e-05,3.181015246248164e-05,4.4188249083507954e-05,0.6760416666666668,True,True,"native max(log Q, -2)",deliberately_off_manifold_diagnostic,input-derived low-pass; deliberately off-manifold diagnostic,False
invariant_tilde_f,ig_low_pass,fixed,stable_or_near_floor,23,1,gbdrift,-1.2412868944358493e-05,-0.00010071552852687641,7.412991822344595e-05,0.0002343157130445053,0.7291666666666666,True,True,"native max(log Q, -2)",deliberately_off_manifold_diagnostic,input-derived low-pass; deliberately off-manifold diagnostic,False
invariant_tilde_f,ig_low_pass,fixed,stable_or_near_floor,23,2,cvdrift,3.5551309583609588e-06,-3.4155554352140574e-05,4.583360156077313e-05,8.281594963608805e-05,0.6177083333333333,True,True,"native max(log Q, -2)",deliberately_off_manifold_diagnostic,input-derived low-pass; deliberately off-manifold diagnostic,False
invariant_tilde_f,ig_low_pass,fixed,stable_or_near_floor,23,3,gbdrift0_over_shat,-2.8579987416623467e-06,-0.0001648186997101558,0.00016737738769735425,0.0003537103970421487,0.7468749999999998,True,True,"native max(log Q, -2)",deliberately_off_manifold_diagnostic,input-derived low-pass; deliberately off-manifold diagnostic,False
invariant_tilde_f,ig_low_pass,fixed,stable_or_near_floor,23,4,gds2,3.1452851518954983e-06,-2.1236698099099396e-05,3.0358393844851676e-05,7.702504045547244e-05,0.6666666666666666,True,True,"native max(log Q, -2)",deliberately_off_manifold_diagnostic,input-derived low-pass; deliberately off-manifold diagnostic,False
invariant_tilde_f,ig_low_pass,fixed,stable_or_near_floor,23,5,gds21_over_shat,-1.6535382374344495e-05,-7.042322219068848e-05,4.3988312377730196e-05,0.00016065567606213303,0.6583333333333332,True,True,"native max(log Q, -2)",deliberately_off_manifold_diagnostic,input-derived low-pass; deliberately off-manifold diagnostic,False
invariant_tilde_f,ig_low_pass,fixed,stable_or_near_floor,23,6,gds22_over_shat_squared,1.8868215284578893e-06,-1.8870481100140904e-05,2.2644599821766467e-05,5.476687257883063e-05,0.6749999999999999,True,True,"native max(log Q, -2)",deliberately_off_manifold_diagnostic,input-derived low-pass; deliberately off-manifold diagnostic,False
invariant_tilde_f,ig_low_pass,fixed,unstable,977,0,bmag,1.4554894158261099e-06,-1.9958040944841353e-05,2.4220183109907305e-05,0.0003949037012629104,0.725,True,True,"native max(log Q, -2)",deliberately_off_manifold_diagnostic,input-derived low-pass; deliberately off-manifold diagnostic,True
invariant_tilde_f,ig_low_pass,fixed,unstable,977,1,gbdrift,-1.4597877961585129e-05,-0.00011254501778469314,8.707818502846746e-05,0.001561572002489705,0.765625,True,True,"native max(log Q, -2)",deliberately_off_manifold_diagnostic,input-derived low-pass; deliberately off-manifold diagnostic,True
invariant_tilde_f,ig_low_pass,fixed,unstable,977,2,cvdrift,6.851118183651433e-06,-4.941831703580063e-05,6.058586765112789e-05,0.0007984244677619363,0.7333333333333334,True,True,"native max(log Q, -2)",deliberately_off_manifold_diagnostic,input-derived low-pass; deliberately off-manifold diagnostic,True
invariant_tilde_f,ig_low_pass,fixed,unstable,977,3,gbdrift0_over_shat,0.00011839136596678456,-9.167676917387135e-05,0.0003118264362225897,0.001953877983614556,0.7979166666666666,True,True,"native max(log Q, -2)",deliberately_off_manifold_diagnostic,input-derived low-pass; deliberately off-manifold diagnostic,True
invariant_tilde_f,ig_low_pass,fixed,unstable,977,4,gds2,-2.050435699923952e-05,-0.0002772376405034591,0.0002596059283729373,0.001330120285059757,0.6427083333333333,True,True,"native max(log Q, -2)",deliberately_off_manifold_diagnostic,input-derived low-pass; deliberately off-manifold diagnostic,True
invariant_tilde_f,ig_low_pass,fixed,unstable,977,5,gds21_over_shat,-5.571417384209855e-05,-0.00015703712948946747,4.81045322736895e-05,0.0011388604457355286,0.759375,True,True,"native max(log Q, -2)",deliberately_off_manifold_diagnostic,input-derived low-pass; deliberately off-manifold diagnostic,True
invariant_tilde_f,ig_low_pass,fixed,unstable,977,6,gds22_over_shat_squared,-2.5462930623648812e-05,-6.0492155396306516e-05,1.443039931082889e-05,0.0007044641635033841,0.7927083333333332,True,True,"native max(log Q, -2)",deliberately_off_manifold_diagnostic,input-derived low-pass; deliberately off-manifold diagnostic,True
invariant_tilde_f,periodic_mask,varied,all,1000,0,bmag,0.06703847012719638,0.06290511577924988,0.07104415796456516,0.06703847012719638,1.0,False,False,"native max(log Q, -2)",deliberately_off_manifold_diagnostic,"fixed matched observation; observed endpoint, off-manifold path",True
invariant_tilde_f,periodic_mask,varied,all,1000,1,gbdrift,0.13531777299118442,0.13069037487335075,0.1407874604579538,0.13531777299118442,1.0,False,False,"native max(log Q, -2)",deliberately_off_manifold_diagnostic,"fixed matched observation; observed endpoint, off-manifold path",True
invariant_tilde_f,periodic_mask,varied,all,1000,2,cvdrift,0.08224890980378427,0.07739993681078693,0.08696458099243436,0.08224890980378427,1.0,False,False,"native max(log Q, -2)",deliberately_off_manifold_diagnostic,"fixed matched observation; observed endpoint, off-manifold path",True
invariant_tilde_f,periodic_mask,varied,all,1000,3,gbdrift0_over_shat,0.15725776621184798,0.1499909705639601,0.16528440731833716,0.15725776621184798,1.0,False,False,"native max(log Q, -2)",deliberately_off_manifold_diagnostic,"fixed matched observation; observed endpoint, off-manifold path",True
invariant_tilde_f,periodic_mask,varied,all,1000,4,gds2,0.1185315371940916,0.11352589227833847,0.12371567677781577,0.1185315371940916,1.0,False,False,"native max(log Q, -2)",deliberately_off_manifold_diagnostic,"fixed matched observation; observed endpoint, off-manifold path",True
invariant_tilde_f,periodic_mask,varied,all,1000,5,gds21_over_shat,0.10951929088778196,0.10386808873319453,0.1157337294817679,0.10951929088778196,1.0,False,False,"native max(log Q, -2)",deliberately_off_manifold_diagnostic,"fixed matched observation; observed endpoint, off-manifold path",True
invariant_tilde_f,periodic_mask,varied,all,1000,6,gds22_over_shat_squared,0.11224135556151427,0.10792970451886108,0.11778969230386649,0.11224135556151427,1.0,False,False,"native max(log Q, -2)",deliberately_off_manifold_diagnostic,"fixed matched observation; observed endpoint, off-manifold path",True
invariant_tilde_f,periodic_mask,varied,stable_or_near_floor,240,0,bmag,0.07058612163543991,0.06652191739890163,0.0748230580002656,0.07058612163543991,1.0,False,False,"native max(log Q, -2)",deliberately_off_manifold_diagnostic,"fixed matched observation; observed endpoint, off-manifold path",False
invariant_tilde_f,periodic_mask,varied,stable_or_near_floor,240,1,gbdrift,0.12711652343225374,0.12101624707424562,0.1332155498862386,0.12711652343225374,1.0,False,False,"native max(log Q, -2)",deliberately_off_manifold_diagnostic,"fixed matched observation; observed endpoint, off-manifold path",False
invariant_tilde_f,periodic_mask,varied,stable_or_near_floor,240,2,cvdrift,0.07911089725406088,0.07431115975077891,0.08422455274027567,0.07911089725406088,1.0,False,False,"native max(log Q, -2)",deliberately_off_manifold_diagnostic,"fixed matched observation; observed endpoint, off-manifold path",False
invariant_tilde_f,periodic_mask,varied,stable_or_near_floor,240,3,gbdrift0_over_shat,0.13781490595760823,0.1277924423883566,0.1486155372570691,0.13781490595760823,1.0,False,False,"native max(log Q, -2)",deliberately_off_manifold_diagnostic,"fixed matched observation; observed endpoint, off-manifold path",False
invariant_tilde_f,periodic_mask,varied,stable_or_near_floor,240,4,gds2,0.10113746294415155,0.09487722583878788,0.1075750137712224,0.10113746294415155,1.0,False,False,"native max(log Q, -2)",deliberately_off_manifold_diagnostic,"fixed matched observation; observed endpoint, off-manifold path",False
invariant_tilde_f,periodic_mask,varied,stable_or_near_floor,240,5,gds21_over_shat,0.10301939562740141,0.09698585149328692,0.10948607763230432,0.10301939562740141,1.0,False,False,"native max(log Q, -2)",deliberately_off_manifold_diagnostic,"fixed matched observation; observed endpoint, off-manifold path",False
invariant_tilde_f,periodic_mask,varied,stable_or_near_floor,240,6,gds22_over_shat_squared,0.10922337897069391,0.10341983277840948,0.11535804969013075,0.10922337897069391,1.0,False,False,"native max(log Q, -2)",deliberately_off_manifold_diagnostic,"fixed matched observation; observed endpoint, off-manifold path",False
invariant_tilde_f,periodic_mask,varied,unstable,760,0,bmag,0.06570942533489299,0.06108830004540597,0.07004437488262995,0.06570942533489299,1.0,False,False,"native max(log Q, -2)",deliberately_off_manifold_diagnostic,"fixed matched observation; observed endpoint, off-manifold path",True
invariant_tilde_f,periodic_mask,varied,unstable,760,1,gbdrift,0.137877669381354,0.13228126844325258,0.1436762159323385,0.137877669381354,1.0,False,False,"native max(log Q, -2)",deliberately_off_manifold_diagnostic,"fixed matched observation; observed endpoint, off-manifold path",True
invariant_tilde_f,periodic_mask,varied,unstable,760,2,cvdrift,0.08265339791472616,0.07774864058363383,0.08824377111566034,0.08265339791472616,1.0,False,False,"native max(log Q, -2)",deliberately_off_manifold_diagnostic,"fixed matched observation; observed endpoint, off-manifold path",True
invariant_tilde_f,periodic_mask,varied,unstable,760,3,gbdrift0_over_shat,0.16336828961773844,0.15496000835119794,0.171714712670919,0.16336828961773844,1.0,False,False,"native max(log Q, -2)",deliberately_off_manifold_diagnostic,"fixed matched observation; observed endpoint, off-manifold path",True
invariant_tilde_f,periodic_mask,varied,unstable,760,4,gds2,0.12393301757092773,0.11825494375234648,0.12965869347110484,0.12393301757092773,1.0,False,False,"native max(log Q, -2)",deliberately_off_manifold_diagnostic,"fixed matched observation; observed endpoint, off-manifold path",True
invariant_tilde_f,periodic_mask,varied,unstable,760,5,gds21_over_shat,0.11150864376161296,0.10524292079366948,0.11857415037315534,0.11150864376161296,1.0,False,False,"native max(log Q, -2)",deliberately_off_manifold_diagnostic,"fixed matched observation; observed endpoint, off-manifold path",True
invariant_tilde_f,periodic_mask,varied,unstable,760,6,gds22_over_shat_squared,0.11324450576093065,0.10824219330054456,0.11995273627127963,0.11324450576093065,1.0,False,False,"native max(log Q, -2)",deliberately_off_manifold_diagnostic,"fixed matched observation; observed endpoint, off-manifold path",True
invariant_tilde_f,periodic_mask,fixed,all,1000,0,bmag,0.05259592438281685,0.04860882376040232,0.05621457642003972,0.05259592438281685,1.0,False,False,"native max(log Q, -2)",deliberately_off_manifold_diagnostic,"fixed matched observation; observed endpoint, off-manifold path",True
invariant_tilde_f,periodic_mask,fixed,all,1000,1,gbdrift,0.15633907479663278,0.14979073886315952,0.16492839324820172,0.15633907479663278,1.0,False,False,"native max(log Q, -2)",deliberately_off_manifold_diagnostic,"fixed matched observation; observed endpoint, off-manifold path",True
invariant_tilde_f,periodic_mask,fixed,all,1000,2,cvdrift,0.07360373930236636,0.06819772549019466,0.07934606563357012,0.07360373930236636,1.0,False,False,"native max(log Q, -2)",deliberately_off_manifold_diagnostic,"fixed matched observation; observed endpoint, off-manifold path",True
invariant_tilde_f,periodic_mask,fixed,all,1000,3,gbdrift0_over_shat,0.17927758878969155,0.16254376009752913,0.19485917290258084,0.17927758878969155,1.0,False,False,"native max(log Q, -2)",deliberately_off_manifold_diagnostic,"fixed matched observation; observed endpoint, off-manifold path",True
invariant_tilde_f,periodic_mask,fixed,all,1000,4,gds2,0.1417115592655827,0.13318608809833318,0.14916007542427337,0.1417115592655827,1.0,False,False,"native max(log Q, -2)",deliberately_off_manifold_diagnostic,"fixed matched observation; observed endpoint, off-manifold path",True
invariant_tilde_f,periodic_mask,fixed,all,1000,5,gds21_over_shat,0.11429730293204117,0.10743100035501757,0.1214969102797679,0.11429730293204117,1.0,False,False,"native max(log Q, -2)",deliberately_off_manifold_diagnostic,"fixed matched observation; observed endpoint, off-manifold path",True
invariant_tilde_f,periodic_mask,fixed,all,1000,6,gds22_over_shat_squared,0.1290615641181007,0.12034520377888568,0.13908461105458444,0.1290615641181007,1.0,False,False,"native max(log Q, -2)",deliberately_off_manifold_diagnostic,"fixed matched observation; observed endpoint, off-manifold path",True
invariant_tilde_f,periodic_mask,fixed,stable_or_near_floor,23,0,bmag,0.05910652321284302,0.049450072741243224,0.07114009814973127,0.05910652321284302,1.0,False,False,"native max(log Q, -2)",deliberately_off_manifold_diagnostic,"fixed matched observation; observed endpoint, off-manifold path",False
invariant_tilde_f,periodic_mask,fixed,stable_or_near_floor,23,1,gbdrift,0.13679797607411123,0.11326975114410993,0.16543813373981145,0.13679797607411123,1.0,False,False,"native max(log Q, -2)",deliberately_off_manifold_diagnostic,"fixed matched observation; observed endpoint, off-manifold path",False
invariant_tilde_f,periodic_mask,fixed,stable_or_near_floor,23,2,cvdrift,0.06836691274935365,0.05799388220086844,0.08054765084785105,0.06836691274935365,1.0,False,False,"native max(log Q, -2)",deliberately_off_manifold_diagnostic,"fixed matched observation; observed endpoint, off-manifold path",False
invariant_tilde_f,periodic_mask,fixed,stable_or_near_floor,23,3,gbdrift0_over_shat,0.17800006744048757,0.13918331013019353,0.21827115464182079,0.17800006744048757,1.0,False,False,"native max(log Q, -2)",deliberately_off_manifold_diagnostic,"fixed matched observation; observed endpoint, off-manifold path",False
invariant_tilde_f,periodic_mask,fixed,stable_or_near_floor,23,4,gds2,0.09840246316953465,0.08010123633227663,0.12229152895029864,0.09840246316953465,1.0,False,False,"native max(log Q, -2)",deliberately_off_manifold_diagnostic,"fixed matched observation; observed endpoint, off-manifold path",False
invariant_tilde_f,periodic_mask,fixed,stable_or_near_floor,23,5,gds21_over_shat,0.09518820192644946,0.077967780510151,0.11700323560865027,0.09518820192644946,1.0,False,False,"native max(log Q, -2)",deliberately_off_manifold_diagnostic,"fixed matched observation; observed endpoint, off-manifold path",False
invariant_tilde_f,periodic_mask,fixed,stable_or_near_floor,23,6,gds22_over_shat_squared,0.10777639382240523,0.08531658048560446,0.1355912809360985,0.10777639382240523,1.0,False,False,"native max(log Q, -2)",deliberately_off_manifold_diagnostic,"fixed matched observation; observed endpoint, off-manifold path",False
invariant_tilde_f,periodic_mask,fixed,unstable,977,0,bmag,0.0523949625496652,0.04827985910353442,0.05609503132186668,0.0523949625496652,1.0,False,False,"native max(log Q, -2)",deliberately_off_manifold_diagnostic,"fixed matched observation; observed endpoint, off-manifold path",True
invariant_tilde_f,periodic_mask,fixed,unstable,977,1,gbdrift,0.1568382197861511,0.14998570502784267,0.16548403649881824,0.1568382197861511,1.0,False,False,"native max(log Q, -2)",deliberately_off_manifold_diagnostic,"fixed matched observation; observed endpoint, off-manifold path",True
invariant_tilde_f,periodic_mask,fixed,unstable,977,2,cvdrift,0.07355697257030411,0.06823858151214073,0.07943002406323733,0.07355697257030411,1.0,False,False,"native max(log Q, -2)",deliberately_off_manifold_diagnostic,"fixed matched observation; observed endpoint, off-manifold path",True
invariant_tilde_f,periodic_mask,fixed,unstable,977,3,gbdrift0_over_shat,0.1793038378236629,0.16256776147672333,0.19453303182863188,0.1793038378236629,1.0,False,False,"native max(log Q, -2)",deliberately_off_manifold_diagnostic,"fixed matched observation; observed endpoint, off-manifold path",True
invariant_tilde_f,periodic_mask,fixed,unstable,977,4,gds2,0.14264023767880576,0.13392025440465888,0.1501877787425768,0.14264023767880576,1.0,False,False,"native max(log Q, -2)",deliberately_off_manifold_diagnostic,"fixed matched observation; observed endpoint, off-manifold path",True
invariant_tilde_f,periodic_mask,fixed,unstable,977,5,gds21_over_shat,0.11472359230181572,0.1076954629469505,0.1219034482744647,0.11472359230181572,1.0,False,False,"native max(log Q, -2)",deliberately_off_manifold_diagnostic,"fixed matched observation; observed endpoint, off-manifold path",True
invariant_tilde_f,periodic_mask,fixed,unstable,977,6,gds22_over_shat_squared,0.1296408570080174,0.1207274792395769,0.13972091717425747,0.1296408570080174,1.0,False,False,"native max(log Q, -2)",deliberately_off_manifold_diagnostic,"fixed matched observation; observed endpoint, off-manifold path",True
