function,method,gradient_set,stratifier,stratum_value,sample_count,channel,channel_name,median_signed,median_absolute,sign_agreement
invariant_tilde_f,ig_low_pass,varied,flux,low_unstable,254,0,bmag,2.3286790517020554e-05,0.0007101378323072742,0.7197916666666666
invariant_tilde_f,ig_low_pass,varied,flux,low_unstable,254,1,gbdrift,-7.680511776164329e-06,0.003129265165439467,0.796875
invariant_tilde_f,ig_low_pass,varied,flux,low_unstable,254,2,cvdrift,2.039946748812985e-05,0.001457970739193815,0.7739583333333332
invariant_tilde_f,ig_low_pass,varied,flux,low_unstable,254,3,gbdrift0_over_shat,0.00017633953106663174,0.003483579553286329,0.7020833333333334
invariant_tilde_f,ig_low_pass,varied,flux,low_unstable,254,4,gds2,-2.3863028669185737e-06,0.001180857411122123,0.71875
invariant_tilde_f,ig_low_pass,varied,flux,low_unstable,254,5,gds21_over_shat,-2.9289437127707143e-05,0.0017093784287029092,0.7052083333333332
invariant_tilde_f,ig_low_pass,varied,flux,low_unstable,254,6,gds22_over_shat_squared,3.5935846198499354e-05,0.0009411952423700535,0.709375
invariant_tilde_f,ig_low_pass,varied,flux,medium_unstable,253,0,bmag,2.6399756546711474e-05,0.000497611542114779,0.775
invariant_tilde_f,ig_low_pass,varied,flux,medium_unstable,253,1,gbdrift,-4.663183049935536e-06,0.0017973728088518234,0.7697916666666668
invariant_tilde_f,ig_low_pass,varied,flux,medium_unstable,253,2,cvdrift,7.069036092238386e-06,0.0009192167392695402,0.7135416666666666
invariant_tilde_f,ig_low_pass,varied,flux,medium_unstable,253,3,gbdrift0_over_shat,9.23930980164312e-05,0.0023061460541871116,0.7291666666666666
invariant_tilde_f,ig_low_pass,varied,flux,medium_unstable,253,4,gds2,-0.00010256218458375828,0.0013925062516014074,0.7114583333333334
invariant_tilde_f,ig_low_pass,varied,flux,medium_unstable,253,5,gds21_over_shat,-4.856565531151402e-05,0.001354427641095016,0.7260416666666666
invariant_tilde_f,ig_low_pass,varied,flux,medium_unstable,253,6,gds22_over_shat_squared,-1.4190661300806893e-05,0.0007910999143575766,0.7354166666666667
invariant_tilde_f,ig_low_pass,varied,flux,high_unstable,253,0,bmag,2.085360334774734e-06,0.0005091906490303084,0.74375
invariant_tilde_f,ig_low_pass,varied,flux,high_unstable,253,1,gbdrift,2.6473256460877033e-05,0.0015608506170312088,0.7239583333333334
invariant_tilde_f,ig_low_pass,varied,flux,high_unstable,253,2,cvdrift,2.2277330028459314e-05,0.0008845268238371265,0.7229166666666668
invariant_tilde_f,ig_low_pass,varied,flux,high_unstable,253,3,gbdrift0_over_shat,8.884332816273912e-05,0.0019000668331953837,0.6979166666666666
invariant_tilde_f,ig_low_pass,varied,flux,high_unstable,253,4,gds2,-0.0002235406915661487,0.0015610366120612006,0.7177083333333334
invariant_tilde_f,ig_low_pass,varied,flux,high_unstable,253,5,gds21_over_shat,-5.650447074707783e-05,0.0014126725711469128,0.7364583333333333
invariant_tilde_f,ig_low_pass,varied,flux,high_unstable,253,6,gds22_over_shat_squared,-4.403060540913718e-05,0.0010019312608709478,0.7645833333333334
invariant_tilde_f,ig_low_pass,varied,a_over_lt,low,334,0,bmag,1.6082057423749166e-05,0.0005570541794334465,0.7364583333333332
invariant_tilde_f,ig_low_pass,varied,a_over_lt,low,334,1,gbdrift,8.365808343212586e-06,0.0019789865599548675,0.7312500000000001
invariant_tilde_f,ig_low_pass,varied,a_over_lt,low,334,2,cvdrift,3.824836421246683e-06,0.000990952983704857,0.7239583333333334
invariant_tilde_f,ig_low_pass,varied,a_over_lt,low,334,3,gbdrift0_over_shat,9.293829213795678e-05,0.0023187174528597524,0.7510416666666666
invariant_tilde_f,ig_low_pass,varied,a_over_lt,low,334,4,gds2,-4.054828055687257e-06,0.000748734656250958,0.6791666666666667
invariant_tilde_f,ig_low_pass,varied,a_over_lt,low,334,5,gds21_over_shat,-1.7974694666899986e-05,0.0012002265662238879,0.6458333333333334
invariant_tilde_f,ig_low_pass,varied,a_over_lt,low,334,6,gds22_over_shat_squared,-1.0633901581927655e-05,0.0007527175579749706,0.6999999999999998
invariant_tilde_f,ig_low_pass,varied,a_over_lt,medium,333,0,bmag,2.4345769371277704e-05,0.0004760943126924766,0.7135416666666666
invariant_tilde_f,ig_low_pass,varied,a_over_lt,medium,333,1,gbdrift,-1.186480675538656e-05,0.0019722833133218394,0.8052083333333333
invariant_tilde_f,ig_low_pass,varied,a_over_lt,medium,333,2,cvdrift,1.897867768196928e-05,0.000951576351349826,0.7520833333333333
invariant_tilde_f,ig_low_pass,varied,a_over_lt,medium,333,3,gbdrift0_over_shat,0.0001179442139540335,0.0022781744648078333,0.7739583333333334
invariant_tilde_f,ig_low_pass,varied,a_over_lt,medium,333,4,gds2,1.211337785611767e-06,0.0008632904092997084,0.6541666666666667
invariant_tilde_f,ig_low_pass,varied,a_over_lt,medium,333,5,gds21_over_shat,-4.6565419707093555e-05,0.0011982583653649293,0.71875
invariant_tilde_f,ig_low_pass,varied,a_over_lt,medium,333,6,gds22_over_shat_squared,3.621671580426842e-06,0.0007372457488969688,0.6979166666666666
invariant_tilde_f,ig_low_pass,varied,a_over_lt,high,333,0,bmag,1.0017605015519987e-05,0.0004303884552245758,0.7145833333333332
invariant_tilde_f,ig_low_pass,varied,a_over_lt,high,333,1,gbdrift,5.295907260328796e-06,0.0017821214662533235,0.709375
invariant_tilde_f,ig_low_pass,varied,a_over_lt,high,333,2,cvdrift,1.6083794224981963e-05,0.0009040851626881809,0.6885416666666666
invariant_tilde_f,ig_low_pass,varied,a_over_lt,high,333,3,gbdrift0_over_shat,0.00010490581185589281,0.0019836637339919086,0.75625
invariant_tilde_f,ig_low_pass,varied,a_over_lt,high,333,4,gds2,-0.0002520283491689926,0.001839487514687774,0.7270833333333333
invariant_tilde_f,ig_low_pass,varied,a_over_lt,high,333,5,gds21_over_shat,-7.627576312760265e-05,0.0013440753430089408,0.7531249999999999
invariant_tilde_f,ig_low_pass,varied,a_over_lt,high,333,6,gds22_over_shat_squared,-7.81178582508476e-06,0.0007728800806823015,0.7645833333333334
invariant_tilde_f,ig_low_pass,varied,a_over_ln,low,334,0,bmag,2.9825574870563075e-05,0.000638602896837362,0.7302083333333332
invariant_tilde_f,ig_low_pass,varied,a_over_ln,low,334,1,gbdrift,2.983943062278957e-05,0.002447435846854131,0.7552083333333334
invariant_tilde_f,ig_low_pass,varied,a_over_ln,low,334,2,cvdrift,1.2691766437474153e-05,0.0012156976633139686,0.7072916666666668
invariant_tilde_f,ig_low_pass,varied,a_over_ln,low,334,3,gbdrift0_over_shat,0.00013157160240897178,0.0026516149215584004,0.734375
invariant_tilde_f,ig_low_pass,varied,a_over_ln,low,334,4,gds2,-0.00010936062208759663,0.0013671030064518943,0.709375
invariant_tilde_f,ig_low_pass,varied,a_over_ln,low,334,5,gds21_over_shat,-4.2382232313794654e-05,0.00158798789787347,0.7104166666666667
invariant_tilde_f,ig_low_pass,varied,a_over_ln,low,334,6,gds22_over_shat_squared,-1.902291950381195e-05,0.0009901673160277026,0.7114583333333334
invariant_tilde_f,ig_low_pass,varied,a_over_ln,medium,333,0,bmag,2.5325220785877944e-06,0.0004412332957992697,0.7958333333333334
invariant_tilde_f,ig_low_pass,varied,a_over_ln,medium,333,1,gbdrift,-1.529310369537769e-05,0.001611858919828097,0.7770833333333332
invariant_tilde_f,ig_low_pass,varied,a_over_ln,medium,333,2,cvdrift,4.644773195579851e-06,0.0007867439653225578,0.6916666666666668
invariant_tilde_f,ig_low_pass,varied,a_over_ln,medium,333,3,gbdrift0_over_shat,8.059758858543373e-05,0.001997995398417335,0.7489583333333334
invariant_tilde_f,ig_low_pass,varied,a_over_ln,medium,333,4,gds2,-1.1933951512248003e-05,0.0007373838055110419,0.6843749999999998
invariant_tilde_f,ig_low_pass,varied,a_over_ln,medium,333,5,gds21_over_shat,-2.9984322770880257e-05,0.0011616140703723397,0.734375
invariant_tilde_f,ig_low_pass,varied,a_over_ln,medium,333,6,gds22_over_shat_squared,-1.798429741953627e-05,0.0006927997239647433,0.7531249999999999
invariant_tilde_f,ig_low_pass,varied,a_over_ln,high,333,0,bmag,2.0351909089872834e-05,0.00036691027012510465,0.7145833333333335
invariant_tilde_f,ig_low_pass,varied,a_over_ln,high,333,1,gbdrift,-1.5911674161272594e-05,0.0016861305244664866,0.7864583333333334
invariant_tilde_f,ig_low_pass,varied,a_over_ln,high,333,2,cvdrift,1.826280480122923e-05,0.0008532029615415383,0.7875
invariant_tilde_f,ig_low_pass,varied,a_over_ln,high,333,3,gbdrift0_over_shat,0.00011916880140452149,0.0019435604785939694,0.7312499999999998
invariant_tilde_f,ig_low_pass,varied,a_over_ln,high,333,4,gds2,-0.0001264455753321262,0.0013518678622350148,0.6906249999999999
invariant_tilde_f,ig_low_pass,varied,a_over_ln,high,333,5,gds21_over_shat,-4.628379632130552e-05,0.0010001597549748437,0.6968749999999999
invariant_tilde_f,ig_low_pass,varied,a_over_ln,high,333,6,gds22_over_shat_squared,2.0033165811468745e-05,0.000587414760042345,0.7166666666666667
invariant_tilde_f,ig_low_pass,varied,equilibrium_class,0,240,0,bmag,4.103798605113122e-05,0.0016204935403038752,0.7041666666666666
invariant_tilde_f,ig_low_pass,varied,equilibrium_class,0,240,1,gbdrift,7.316587612421796e-05,0.004436197420466486,0.7770833333333332
invariant_tilde_f,ig_low_pass,varied,equilibrium_class,0,240,2,cvdrift,3.469149849391099e-05,0.002179603021630266,0.759375
invariant_tilde_f,ig_low_pass,varied,equilibrium_class,0,240,3,gbdrift0_over_shat,0.0002651525637234351,0.00478842826584036,0.7385416666666668
invariant_tilde_f,ig_low_pass,varied,equilibrium_class,0,240,4,gds2,-2.418443590962217e-05,0.0014054193913878453,0.7041666666666666
invariant_tilde_f,ig_low_pass,varied,equilibrium_class,0,240,5,gds21_over_shat,-0.00010959551548209012,0.001658366623364874,0.7010416666666667
invariant_tilde_f,ig_low_pass,varied,equilibrium_class,0,240,6,gds22_over_shat_squared,-3.10578341713804e-05,0.0016592163866698834,0.7374999999999999
invariant_tilde_f,ig_low_pass,varied,equilibrium_class,1,199,0,bmag,3.4129290011039733e-06,0.00011193037262580918,0.69375
invariant_tilde_f,ig_low_pass,varied,equilibrium_class,1,199,1,gbdrift,-1.7427255743919475e-05,0.002016664330057687,0.8322916666666668
invariant_tilde_f,ig_low_pass,varied,equilibrium_class,1,199,2,cvdrift,8.114729715447768e-06,0.00097637845822564,0.6979166666666666
invariant_tilde_f,ig_low_pass,varied,equilibrium_class,1,199,3,gbdrift0_over_shat,5.003545215613402e-05,0.0020072429640692877,0.7291666666666666
invariant_tilde_f,ig_low_pass,varied,equilibrium_class,1,199,4,gds2,-0.000327891189631163,0.002160778740260293,0.7208333333333333
invariant_tilde_f,ig_low_pass,varied,equilibrium_class,1,199,5,gds21_over_shat,-9.166934330195923e-05,0.001521756918911321,0.6979166666666666
invariant_tilde_f,ig_low_pass,varied,equilibrium_class,1,199,6,gds22_over_shat_squared,-6.151935618929037e-06,0.0007197536007979696,0.7291666666666666
invariant_tilde_f,ig_low_pass,varied,equilibrium_class,2,184,0,bmag,3.2628419328534495e-05,0.00026263143746479495,0.7395833333333334
invariant_tilde_f,ig_low_pass,varied,equilibrium_class,2,184,1,gbdrift,-6.15692150766336e-05,0.002005359036922965,0.725
invariant_tilde_f,ig_low_pass,varied,equilibrium_class,2,184,2,cvdrift,-2.0695301908048845e-05,0.001074868055577982,0.6947916666666666
invariant_tilde_f,ig_low_pass,varied,equilibrium_class,2,184,3,gbdrift0_over_shat,0.00011670854755341151,0.002204268867033184,0.7104166666666667
invariant_tilde_f,ig_low_pass,varied,equilibrium_class,2,184,4,gds2,-8.842627246565206e-05,0.0014128624995986949,0.6770833333333331
invariant_tilde_f,ig_low_pass,varied,equilibrium_class,2,184,5,gds21_over_shat,-2.11074273474015e-05,0.00113655645188,0.7197916666666666
invariant_tilde_f,ig_low_pass,varied,equilibrium_class,2,184,6,gds22_over_shat_squared,-1.0634079461466683e-06,0.0005552019619446765,0.6958333333333333
invariant_tilde_f,ig_low_pass,varied,equilibrium_class,3,154,0,bmag,1.594535015343212e-06,6.913024394113277e-05,0.6260416666666666
invariant_tilde_f,ig_low_pass,varied,equilibrium_class,3,154,1,gbdrift,1.2377590195856732e-06,0.0001965620443576903,0.7322916666666667
invariant_tilde_f,ig_low_pass,varied,equilibrium_class,3,154,2,cvdrift,-6.662921103241632e-07,9.556886027229718e-05,0.7052083333333332
invariant_tilde_f,ig_low_pass,varied,equilibrium_class,3,154,3,gbdrift0_over_shat,7.77168248908599e-06,0.0007366073773760303,0.7854166666666668
invariant_tilde_f,ig_low_pass,varied,equilibrium_class,3,154,4,gds2,-1.251567739083741e-07,0.00028933646763032835,0.634375
invariant_tilde_f,ig_low_pass,varied,equilibrium_class,3,154,5,gds21_over_shat,-7.00872704686999e-06,0.0009330642484304969,0.7083333333333334
invariant_tilde_f,ig_low_pass,varied,equilibrium_class,3,154,6,gds22_over_shat_squared,1.0371591379995171e-05,0.0003014101932050292,0.7125
invariant_tilde_f,ig_low_pass,varied,equilibrium_class,4,223,0,bmag,1.0924093454117751e-06,7.160033657268532e-05,0.6802083333333333
invariant_tilde_f,ig_low_pass,varied,equilibrium_class,4,223,1,gbdrift,3.9804637480198643e-07,0.00018496281519841495,0.7781249999999998
invariant_tilde_f,ig_low_pass,varied,equilibrium_class,4,223,2,cvdrift,-4.239502408752836e-07,8.537609756426529e-05,0.7177083333333334
invariant_tilde_f,ig_low_pass,varied,equilibrium_class,4,223,3,gbdrift0_over_shat,7.389624405906852e-06,0.0006553360560943193,0.8010416666666665
invariant_tilde_f,ig_low_pass,varied,equilibrium_class,4,223,4,gds2,-3.2078090054003954e-07,0.0002939220892018076,0.6666666666666666
invariant_tilde_f,ig_low_pass,varied,equilibrium_class,4,223,5,gds21_over_shat,1.600309929462089e-05,0.000905744361604208,0.7583333333333333
invariant_tilde_f,ig_low_pass,varied,equilibrium_class,4,223,6,gds22_over_shat_squared,-8.022599336793364e-07,0.0002946645932245436,0.7458333333333332
invariant_tilde_f,ig_low_pass,varied,member_absolute_error,low,334,0,bmag,4.661737715095187e-06,0.00010673979079901114,0.7010416666666665
invariant_tilde_f,ig_low_pass,varied,member_absolute_error,low,334,1,gbdrift,2.539445444563584e-06,0.0005602882296466871,0.74375
invariant_tilde_f,ig_low_pass,varied,member_absolute_error,low,334,2,cvdrift,2.0686326232681777e-06,0.00029807954989856936,0.6979166666666666
invariant_tilde_f,ig_low_pass,varied,member_absolute_error,low,334,3,gbdrift0_over_shat,4.137024643038308e-05,0.0007585730797427053,0.7437499999999999
invariant_tilde_f,ig_low_pass,varied,member_absolute_error,low,334,4,gds2,-1.8477521002964695e-05,0.00033733687267979386,0.6770833333333334
invariant_tilde_f,ig_low_pass,varied,member_absolute_error,low,334,5,gds21_over_shat,-1.8090426697561414e-05,0.00039382534853621637,0.765625
invariant_tilde_f,ig_low_pass,varied,member_absolute_error,low,334,6,gds22_over_shat_squared,-6.3152596750684494e-06,0.00025470219884169825,0.6989583333333332
invariant_tilde_f,ig_low_pass,varied,member_absolute_error,medium,333,0,bmag,1.3753438551245114e-05,0.0004189835985073307,0.6947916666666667
invariant_tilde_f,ig_low_pass,varied,member_absolute_error,medium,333,1,gbdrift,-3.71272441641203e-05,0.0016066622376529102,0.8072916666666666
invariant_tilde_f,ig_low_pass,varied,member_absolute_error,medium,333,2,cvdrift,-6.0863698865253155e-06,0.0008406147481470529,0.775
invariant_tilde_f,ig_low_pass,varied,member_absolute_error,medium,333,3,gbdrift0_over_shat,0.00011974253821856145,0.00212538171405442,0.7645833333333333
invariant_tilde_f,ig_low_pass,varied,member_absolute_error,medium,333,4,gds2,-4.366382258529046e-05,0.0009612146631330673,0.7010416666666667
invariant_tilde_f,ig_low_pass,varied,member_absolute_error,medium,333,5,gds21_over_shat,-1.5744870271329898e-05,0.00118263225946328,0.771875
invariant_tilde_f,ig_low_pass,varied,member_absolute_error,medium,333,6,gds22_over_shat_squared,-1.4617638419760783e-05,0.0006887621165807553,0.765625
invariant_tilde_f,ig_low_pass,varied,member_absolute_error,high,333,0,bmag,4.016563268788576e-05,0.0009339732765958633,0.7208333333333332
invariant_tilde_f,ig_low_pass,varied,member_absolute_error,high,333,1,gbdrift,3.13424131547323e-05,0.0035816928541063746,0.7864583333333334
invariant_tilde_f,ig_low_pass,varied,member_absolute_error,high,333,2,cvdrift,3.876337971084309e-05,0.0017291403062687366,0.7520833333333332
invariant_tilde_f,ig_low_pass,varied,member_absolute_error,high,333,3,gbdrift0_over_shat,0.0001459840968910328,0.0037894699410415734,0.7260416666666667
invariant_tilde_f,ig_low_pass,varied,member_absolute_error,high,333,4,gds2,-0.00019832215437297286,0.0021666882704034405,0.7135416666666666
invariant_tilde_f,ig_low_pass,varied,member_absolute_error,high,333,5,gds21_over_shat,-9.084576561407271e-05,0.002175286584076968,0.6854166666666667
invariant_tilde_f,ig_low_pass,varied,member_absolute_error,high,333,6,gds22_over_shat_squared,1.2393321334193668e-06,0.001336914040117658,0.7385416666666668
invariant_tilde_f,ig_low_pass,varied,ensemble_spread,low,334,0,bmag,-4.790150829909093e-07,0.00011844651972803585,0.7062499999999999
invariant_tilde_f,ig_low_pass,varied,ensemble_spread,low,334,1,gbdrift,-1.2068263329728698e-05,0.0004879633718976421,0.6895833333333332
invariant_tilde_f,ig_low_pass,varied,ensemble_spread,low,334,2,cvdrift,2.707074856767083e-06,0.0002495563222798818,0.7062499999999999
invariant_tilde_f,ig_low_pass,varied,ensemble_spread,low,334,3,gbdrift0_over_shat,4.6018925148706245e-05,0.0007257409981880486,0.734375
invariant_tilde_f,ig_low_pass,varied,ensemble_spread,low,334,4,gds2,-1.391993855286242e-05,0.0003057838616220252,0.6697916666666667
invariant_tilde_f,ig_low_pass,varied,ensemble_spread,low,334,5,gds21_over_shat,-1.1376451837415176e-05,0.00038704606900740336,0.7291666666666666
invariant_tilde_f,ig_low_pass,varied,ensemble_spread,low,334,6,gds22_over_shat_squared,-9.180932183597869e-06,0.00023970466879201066,0.8083333333333332
invariant_tilde_f,ig_low_pass,varied,ensemble_spread,medium,333,0,bmag,2.757219330775367e-05,0.0004043421244809165,0.75625
invariant_tilde_f,ig_low_pass,varied,ensemble_spread,medium,333,1,gbdrift,-7.910603568767621e-06,0.0016554200952891126,0.8145833333333332
invariant_tilde_f,ig_low_pass,varied,ensemble_spread,medium,333,2,cvdrift,2.009811105837815e-05,0.0008324923938838285,0.7822916666666666
invariant_tilde_f,ig_low_pass,varied,ensemble_spread,medium,333,3,gbdrift0_over_shat,0.00012675571509452194,0.002146799347637421,0.81875
invariant_tilde_f,ig_low_pass,varied,ensemble_spread,medium,333,4,gds2,-2.956207586580203e-05,0.0008422944125632822,0.75625
invariant_tilde_f,ig_low_pass,varied,ensemble_spread,medium,333,5,gds21_over_shat,-2.0314726894821545e-05,0.0010000099083162593,0.7677083333333332
invariant_tilde_f,ig_low_pass,varied,ensemble_spread,medium,333,6,gds22_over_shat_squared,-3.961260564827112e-06,0.0006727055192084055,0.771875
invariant_tilde_f,ig_low_pass,varied,ensemble_spread,high,333,0,bmag,2.192378494620469e-05,0.0009424737158189979,0.7125
invariant_tilde_f,ig_low_pass,varied,ensemble_spread,high,333,1,gbdrift,3.829132187010873e-05,0.0036163539740900435,0.7927083333333335
invariant_tilde_f,ig_low_pass,varied,ensemble_spread,high,333,2,cvdrift,3.983251571889874e-06,0.001782042233524154,0.7312499999999998
invariant_tilde_f,ig_low_pass,varied,ensemble_spread,high,333,3,gbdrift0_over_shat,0.00013213446840659008,0.0037532364128115337,0.7468750000000001
invariant_tilde_f,ig_low_pass,varied,ensemble_spread,high,333,4,gds2,-0.00019362889019822703,0.0023333772021421322,0.6927083333333334
invariant_tilde_f,ig_low_pass,varied,ensemble_spread,high,333,5,gds21_over_shat,-8.70171888397886e-05,0.0023643702245067957,0.7052083333333332
invariant_tilde_f,ig_low_pass,varied,ensemble_spread,high,333,6,gds22_over_shat_squared,-2.069833531422325e-06,0.0013682390915093151,0.7291666666666666
invariant_tilde_f,ig_low_pass,fixed,flux,low_unstable,326,0,bmag,-7.671184541294257e-06,0.0005661151327638572,0.6999999999999998
invariant_tilde_f,ig_low_pass,fixed,flux,low_unstable,326,1,gbdrift,-4.1004390347266536e-05,0.002730480556515613,0.7572916666666667
invariant_tilde_f,ig_low_pass,fixed,flux,low_unstable,326,2,cvdrift,1.8128054075393513e-05,0.0012421904445913212,0.678125
invariant_tilde_f,ig_low_pass,fixed,flux,low_unstable,326,3,gbdrift0_over_shat,0.00018271064111080888,0.003025403055978083,0.759375
invariant_tilde_f,ig_low_pass,fixed,flux,low_unstable,326,4,gds2,1.1297090041489683e-05,0.0024374236448982817,0.6489583333333333
invariant_tilde_f,ig_low_pass,fixed,flux,low_unstable,326,5,gds21_over_shat,-0.00012029895943891076,0.001709380117588594,0.7145833333333332
invariant_tilde_f,ig_low_pass,fixed,flux,low_unstable,326,6,gds22_over_shat_squared,-3.068739649074153e-05,0.0008276071809633646,0.7927083333333332
invariant_tilde_f,ig_low_pass,fixed,flux,medium_unstable,325,0,bmag,1.6489638472115835e-05,0.0003297503990695269,0.7687500000000002
invariant_tilde_f,ig_low_pass,fixed,flux,medium_unstable,325,1,gbdrift,-4.733026023745689e-06,0.0011420020397482523,0.7791666666666668
invariant_tilde_f,ig_low_pass,fixed,flux,medium_unstable,325,2,cvdrift,3.5974369804427246e-06,0.0006759426351997895,0.7510416666666666
invariant_tilde_f,ig_low_pass,fixed,flux,medium_unstable,325,3,gbdrift0_over_shat,0.00010255968104226642,0.0016613894054828392,0.7625000000000001
invariant_tilde_f,ig_low_pass,fixed,flux,medium_unstable,325,4,gds2,-4.299322406526865e-05,0.000815204194995376,0.7458333333333332
invariant_tilde_f,ig_low_pass,fixed,flux,medium_unstable,325,5,gds21_over_shat,-2.3700815600518712e-05,0.0008781126018909165,0.7843750000000002
invariant_tilde_f,ig_low_pass,fixed,flux,medium_unstable,325,6,gds22_over_shat_squared,-3.392604983527666e-05,0.0006985027254791274,0.7135416666666666
invariant_tilde_f,ig_low_pass,fixed,flux,high_unstable,326,0,bmag,-6.978810017564247e-06,0.00027817642212371255,0.7645833333333333
invariant_tilde_f,ig_low_pass,fixed,flux,high_unstable,326,1,gbdrift,9.629419274352933e-06,0.0007738683973583185,0.7416666666666666
invariant_tilde_f,ig_low_pass,fixed,flux,high_unstable,326,2,cvdrift,5.205974536281075e-06,0.0004692234945633813,0.7916666666666666
invariant_tilde_f,ig_low_pass,fixed,flux,high_unstable,326,3,gbdrift0_over_shat,5.227704838198598e-05,0.001151880974937434,0.7364583333333332
invariant_tilde_f,ig_low_pass,fixed,flux,high_unstable,326,4,gds2,-1.040132109883577e-05,0.0006293094213688815,0.7062499999999999
invariant_tilde_f,ig_low_pass,fixed,flux,high_unstable,326,5,gds21_over_shat,-1.4093913097653988e-05,0.0007992735357043153,0.7229166666666665
invariant_tilde_f,ig_low_pass,fixed,flux,high_unstable,326,6,gds22_over_shat_squared,-5.495850558409051e-06,0.0005809367354457692,0.7374999999999999
invariant_tilde_f,ig_low_pass,fixed,equilibrium_class,0,240,0,bmag,-1.8394508875735587e-05,0.0012279304929678112,0.7083333333333334
invariant_tilde_f,ig_low_pass,fixed,equilibrium_class,0,240,1,gbdrift,2.484166458841779e-05,0.0030680475800149223,0.7927083333333332
invariant_tilde_f,ig_low_pass,fixed,equilibrium_class,0,240,2,cvdrift,4.376334248770294e-05,0.0015414257313586673,0.7239583333333334
invariant_tilde_f,ig_low_pass,fixed,equilibrium_class,0,240,3,gbdrift0_over_shat,0.00025805303211987247,0.00357487973279186,0.7479166666666667
invariant_tilde_f,ig_low_pass,fixed,equilibrium_class,0,240,4,gds2,-3.283883750198742e-05,0.0011299142173034021,0.7302083333333332
invariant_tilde_f,ig_low_pass,fixed,equilibrium_class,0,240,5,gds21_over_shat,-0.0001193804443642312,0.0014117152286250562,0.7479166666666667
invariant_tilde_f,ig_low_pass,fixed,equilibrium_class,0,240,6,gds22_over_shat_squared,-5.6006562215226616e-05,0.0014204623521024255,0.7875
invariant_tilde_f,ig_low_pass,fixed,equilibrium_class,1,199,0,bmag,-4.1696930090701957e-07,0.00011384407915883316,0.6833333333333332
invariant_tilde_f,ig_low_pass,fixed,equilibrium_class,1,199,1,gbdrift,-3.8905295108942655e-05,0.0016611112374953954,0.7322916666666668
invariant_tilde_f,ig_low_pass,fixed,equilibrium_class,1,199,2,cvdrift,1.5902682458169672e-05,0.0008830458576881576,0.6958333333333334
invariant_tilde_f,ig_low_pass,fixed,equilibrium_class,1,199,3,gbdrift0_over_shat,9.479371646297768e-05,0.002059087601719349,0.7906249999999999
invariant_tilde_f,ig_low_pass,fixed,equilibrium_class,1,199,4,gds2,-0.00012062604440370221,0.00272366917698616,0.6739583333333333
invariant_tilde_f,ig_low_pass,fixed,equilibrium_class,1,199,5,gds21_over_shat,-7.503496260434094e-05,0.001478121239480942,0.7239583333333334
invariant_tilde_f,ig_low_pass,fixed,equilibrium_class,1,199,6,gds22_over_shat_squared,-3.8052433244430404e-05,0.0007295399058888583,0.7614583333333332
invariant_tilde_f,ig_low_pass,fixed,equilibrium_class,2,184,0,bmag,3.413794681563772e-05,0.00027571322782477697,0.7708333333333334
invariant_tilde_f,ig_low_pass,fixed,equilibrium_class,2,184,1,gbdrift,-3.945685026250165e-05,0.0021619552068819895,0.78125
invariant_tilde_f,ig_low_pass,fixed,equilibrium_class,2,184,2,cvdrift,-1.4868847168643846e-05,0.001140088210229676,0.678125
invariant_tilde_f,ig_low_pass,fixed,equilibrium_class,2,184,3,gbdrift0_over_shat,0.00014143394687610137,0.0024869044922115643,0.7687499999999999
invariant_tilde_f,ig_low_pass,fixed,equilibrium_class,2,184,4,gds2,0.00013556684281757205,0.0019347259424548546,0.6260416666666667
invariant_tilde_f,ig_low_pass,fixed,equilibrium_class,2,184,5,gds21_over_shat,-4.168749071243858e-05,0.001206927358075968,0.71875
invariant_tilde_f,ig_low_pass,fixed,equilibrium_class,2,184,6,gds22_over_shat_squared,-2.4484203972391052e-05,0.0006133288757659415,0.7270833333333332
invariant_tilde_f,ig_low_pass,fixed,equilibrium_class,3,154,0,bmag,9.087383238820521e-08,4.17574728456144e-05,0.7083333333333334
invariant_tilde_f,ig_low_pass,fixed,equilibrium_class,3,154,1,gbdrift,2.170276211998744e-06,0.00012179266597705527,0.7041666666666666
invariant_tilde_f,ig_low_pass,fixed,equilibrium_class,3,154,2,cvdrift,4.900163133088823e-07,6.105888381500062e-05,0.7052083333333332
invariant_tilde_f,ig_low_pass,fixed,equilibrium_class,3,154,3,gbdrift0_over_shat,3.7006993581141872e-06,0.0005035981268127835,0.9031250000000001
invariant_tilde_f,ig_low_pass,fixed,equilibrium_class,3,154,4,gds2,-5.318076090216631e-07,0.0002128041067311213,0.7374999999999999
invariant_tilde_f,ig_low_pass,fixed,equilibrium_class,3,154,5,gds21_over_shat,-4.9755316778116995e-06,0.0006660541162289896,0.7749999999999999
invariant_tilde_f,ig_low_pass,fixed,equilibrium_class,3,154,6,gds22_over_shat_squared,3.7937473963834884e-06,0.00022439718266548366,0.8354166666666667
invariant_tilde_f,ig_low_pass,fixed,equilibrium_class,4,223,0,bmag,9.170158587880124e-07,4.646344871004327e-05,0.71875
invariant_tilde_f,ig_low_pass,fixed,equilibrium_class,4,223,1,gbdrift,7.320385503646953e-08,0.00013007461084314743,0.803125
invariant_tilde_f,ig_low_pass,fixed,equilibrium_class,4,223,2,cvdrift,3.55958037679158e-07,6.262221488965759e-05,0.7083333333333334
invariant_tilde_f,ig_low_pass,fixed,equilibrium_class,4,223,3,gbdrift0_over_shat,3.219870687679499e-06,0.000555305416369546,0.853125
invariant_tilde_f,ig_low_pass,fixed,equilibrium_class,4,223,4,gds2,1.4274739653282583e-06,0.0002116586604094106,0.7072916666666668
invariant_tilde_f,ig_low_pass,fixed,equilibrium_class,4,223,5,gds21_over_shat,-1.756322623234066e-06,0.0006743821211917972,0.8145833333333332
invariant_tilde_f,ig_low_pass,fixed,equilibrium_class,4,223,6,gds22_over_shat_squared,2.1384103442477355e-06,0.00021978276513272632,0.8239583333333332
invariant_tilde_f,ig_low_pass,fixed,member_absolute_error,low,334,0,bmag,4.898597736900348e-06,0.00013006775102057528,0.7260416666666667
invariant_tilde_f,ig_low_pass,fixed,member_absolute_error,low,334,1,gbdrift,2.9219402428739775e-06,0.0006057264801519192,0.8104166666666667
invariant_tilde_f,ig_low_pass,fixed,member_absolute_error,low,334,2,cvdrift,1.3559734399755178e-07,0.0003502096679281103,0.7937499999999998
invariant_tilde_f,ig_low_pass,fixed,member_absolute_error,low,334,3,gbdrift0_over_shat,4.4619351583470265e-05,0.0010180445251727174,0.7708333333333334
invariant_tilde_f,ig_low_pass,fixed,member_absolute_error,low,334,4,gds2,-3.7583617003658956e-05,0.0005191287836647016,0.7583333333333334
invariant_tilde_f,ig_low_pass,fixed,member_absolute_error,low,334,5,gds21_over_shat,-1.2507078031965188e-05,0.0006316872369341678,0.8354166666666667
invariant_tilde_f,ig_low_pass,fixed,member_absolute_error,low,334,6,gds22_over_shat_squared,-1.659722127007994e-05,0.0004249666617924019,0.7937500000000002
invariant_tilde_f,ig_low_pass,fixed,member_absolute_error,medium,333,0,bmag,-3.513739494236692e-06,0.0003563927415025648,0.725
invariant_tilde_f,ig_low_pass,fixed,member_absolute_error,medium,333,1,gbdrift,-1.9278807138963244e-05,0.0011822815114999488,0.7999999999999998
invariant_tilde_f,ig_low_pass,fixed,member_absolute_error,medium,333,2,cvdrift,-3.343084033200481e-06,0.000653468491574596,0.7374999999999999
invariant_tilde_f,ig_low_pass,fixed,member_absolute_error,medium,333,3,gbdrift0_over_shat,0.00010076260568284498,0.0016668866498533294,0.734375
invariant_tilde_f,ig_low_pass,fixed,member_absolute_error,medium,333,4,gds2,1.9050164720883586e-05,0.0008178162018917674,0.7010416666666667
invariant_tilde_f,ig_low_pass,fixed,member_absolute_error,medium,333,5,gds21_over_shat,-1.3233822944444298e-05,0.0009253120413574672,0.7708333333333334
invariant_tilde_f,ig_low_pass,fixed,member_absolute_error,medium,333,6,gds22_over_shat_squared,-3.2293778700051025e-05,0.0006369782263457715,0.796875
invariant_tilde_f,ig_low_pass,fixed,member_absolute_error,high,333,0,bmag,6.9596941643912945e-06,0.0006746202860323855,0.759375
invariant_tilde_f,ig_low_pass,fixed,member_absolute_error,high,333,1,gbdrift,-1.1090615873340755e-05,0.002773777856406147,0.7833333333333332
invariant_tilde_f,ig_low_pass,fixed,member_absolute_error,high,333,2,cvdrift,2.6721436979400124e-05,0.001340617859363467,0.6927083333333334
invariant_tilde_f,ig_low_pass,fixed,member_absolute_error,high,333,3,gbdrift0_over_shat,0.00018237501040534765,0.003080268025989907,0.7833333333333332
invariant_tilde_f,ig_low_pass,fixed,member_absolute_error,high,333,4,gds2,-1.1996569525697195e-05,0.002480958147559652,0.6489583333333333
invariant_tilde_f,ig_low_pass,fixed,member_absolute_error,high,333,5,gds21_over_shat,-0.00012354847810473667,0.0017864683950590016,0.7104166666666667
invariant_tilde_f,ig_low_pass,fixed,member_absolute_error,high,333,6,gds22_over_shat_squared,-2.2777672981006143e-05,0.0009996882766730782,0.7531250000000002
invariant_tilde_f,ig_low_pass,fixed,ensemble_spread,low,334,0,bmag,-5.585707923498047e-06,0.00015183582651124398,0.7625000000000001
invariant_tilde_f,ig_low_pass,fixed,ensemble_spread,low,334,1,gbdrift,6.968103636511405e-06,0.0005953231375871574,0.790625
invariant_tilde_f,ig_low_pass,fixed,ensemble_spread,low,334,2,cvdrift,-2.3109663774535153e-06,0.00035461369570233904,0.7739583333333334
invariant_tilde_f,ig_low_pass,fixed,ensemble_spread,low,334,3,gbdrift0_over_shat,6.152828642935591e-05,0.001018261144044669,0.771875
invariant_tilde_f,ig_low_pass,fixed,ensemble_spread,low,334,4,gds2,-2.5025217010702185e-05,0.00046956116097573276,0.796875
invariant_tilde_f,ig_low_pass,fixed,ensemble_spread,low,334,5,gds21_over_shat,-1.3911706758474893e-05,0.0005548198918760326,0.709375
invariant_tilde_f,ig_low_pass,fixed,ensemble_spread,low,334,6,gds22_over_shat_squared,-2.145310795846309e-05,0.00044550618309960826,0.8197916666666667
invariant_tilde_f,ig_low_pass,fixed,ensemble_spread,medium,333,0,bmag,4.139972802477388e-06,0.0002377170994093678,0.7781250000000001
invariant_tilde_f,ig_low_pass,fixed,ensemble_spread,medium,333,1,gbdrift,-2.3891691759554697e-05,0.0008203470658107214,0.7760416666666666
invariant_tilde_f,ig_low_pass,fixed,ensemble_spread,medium,333,2,cvdrift,4.622801476072728e-06,0.00046992425609351817,0.8052083333333334
invariant_tilde_f,ig_low_pass,fixed,ensemble_spread,medium,333,3,gbdrift0_over_shat,5.0679521513245254e-05,0.0012848422381633341,0.7979166666666667
invariant_tilde_f,ig_low_pass,fixed,ensemble_spread,medium,333,4,gds2,-3.523556230418243e-05,0.0006756410011961767,0.7312500000000001
invariant_tilde_f,ig_low_pass,fixed,ensemble_spread,medium,333,5,gds21_over_shat,-4.141296795314407e-06,0.0008217385838370422,0.8250000000000001
invariant_tilde_f,ig_low_pass,fixed,ensemble_spread,medium,333,6,gds22_over_shat_squared,-2.6732336494473196e-05,0.00048250929335589746,0.803125
invariant_tilde_f,ig_low_pass,fixed,ensemble_spread,high,333,0,bmag,9.792117688204638e-06,0.0007755603717732304,0.6958333333333334
invariant_tilde_f,ig_low_pass,fixed,ensemble_spread,high,333,1,gbdrift,-2.4335517137705976e-05,0.0031599957175420207,0.7666666666666666
invariant_tilde_f,ig_low_pass,fixed,ensemble_spread,high,333,2,cvdrift,2.420398707342853e-05,0.001523128160214223,0.6979166666666666
invariant_tilde_f,ig_low_pass,fixed,ensemble_spread,high,333,3,gbdrift0_over_shat,0.0002321084300209334,0.0034336778321312545,0.7947916666666667
invariant_tilde_f,ig_low_pass,fixed,ensemble_spread,high,333,4,gds2,1.3869232222287305e-05,0.002712285931402944,0.615625
invariant_tilde_f,ig_low_pass,fixed,ensemble_spread,high,333,5,gds21_over_shat,-0.0001297008887299587,0.0019466600874905916,0.7364583333333332
invariant_tilde_f,ig_low_pass,fixed,ensemble_spread,high,333,6,gds22_over_shat_squared,-2.2252946848098156e-05,0.0011323741030061956,0.7510416666666667
