member_id,filter_index,channel_index,channel_name,kernel_width,dc_amplitude,peak_frequency_index,spectral_centroid,kernel_l1,kernel_l2
2864601_0.437,0,0,bmag,13,0.6623911485075951,6,12.71010323503773,3.0374863147735596,0.9455090761184692
2864601_0.437,0,1,gbdrift,13,6.487978935241699,0,12.53489190614939,6.487978935241699,1.8797663450241089
2864601_0.437,0,2,cvdrift,13,2.4624887249374297,0,16.899692986844318,2.640136241912842,0.9735149145126343
2864601_0.437,0,3,gbdrift0_over_shat,13,2.543890183791518,0,17.25806245964495,2.5438899993896484,0.8825520873069763
2864601_0.437,0,4,gds2,13,0.22248056600801647,48,24.594066309602194,0.4742303490638733,0.17126990854740143
2864601_0.437,0,5,gds21_over_shat,13,0.37101206090301275,7,17.374718872094547,1.3204312324523926,0.48590967059135437
2864601_0.437,0,6,gds22_over_shat_squared,13,0.11008610064163804,11,18.014164758621654,0.9070222973823547,0.32558345794677734
2864601_0.437,1,0,bmag,13,0.24373474717140198,6,13.124118786342391,2.8577442169189453,0.8475509881973267
2864601_0.437,1,1,gbdrift,13,5.236720971763134,0,11.243026538886335,5.654812335968018,1.855318546295166
2864601_0.437,1,2,cvdrift,13,0.30750623159110546,7,19.057081949393396,2.5847227573394775,0.964917778968811
2864601_0.437,1,3,gbdrift0_over_shat,13,3.174251802265644,0,12.276187752377496,3.285681962966919,1.0141979455947876
2864601_0.437,1,4,gds2,13,0.20885092671960592,4,22.134153179025795,0.5919952988624573,0.18506944179534912
2864601_0.437,1,5,gds21_over_shat,13,0.2501308061182499,25,23.066767085366973,0.822927713394165,0.2622939348220825
2864601_0.437,1,6,gds22_over_shat_squared,13,0.27640552015509456,21,20.69611740023649,0.563895583152771,0.19718919694423676
2864601_0.437,2,0,bmag,13,0.6760570965707302,6,12.107126942311385,3.939347267150879,1.19105863571167
2864601_0.437,2,1,gbdrift,13,4.488523900508881,0,12.12793180704773,4.488523960113525,1.3580747842788696
2864601_0.437,2,2,cvdrift,13,2.776687491685152,2,12.155822917125697,3.527406692504883,1.1454180479049683
2864601_0.437,2,3,gbdrift0_over_shat,13,1.2868887353688478,0,17.57608330382345,1.8464964628219604,0.5764705538749695
2864601_0.437,2,4,gds2,13,1.3007079847157001,0,15.557253778461993,1.6694443225860596,0.49980318546295166
2864601_0.437,2,5,gds21_over_shat,13,1.5792194828391075,0,17.740185977314237,1.8442485332489014,0.5760270357131958
2864601_0.437,2,6,gds22_over_shat_squared,13,0.1871674731373787,24,24.605476858582026,0.6552876234054565,0.20190083980560303
2864601_0.437,3,0,bmag,13,1.1699441820383072,8,14.224734968685121,2.423460006713867,0.8177701234817505
2864601_0.437,3,1,gbdrift,13,0.6872065990464762,6,17.789672176886352,1.5980125665664673,0.4987284541130066
2864601_0.437,3,2,cvdrift,13,2.3940946720540524,0,14.345830352315737,3.2202839851379395,1.0385966300964355
2864601_0.437,3,3,gbdrift0_over_shat,13,0.9630324691534042,12,20.066719560089023,2.9650797843933105,1.0457905530929565
2864601_0.437,3,4,gds2,13,0.1527014933526516,38,26.539308407732264,0.8312521576881409,0.25688615441322327
2864601_0.437,3,5,gds21_over_shat,13,0.006742745754308999,43,28.41518026555783,0.5773872137069702,0.20503908395767212
2864601_0.437,3,6,gds22_over_shat_squared,13,0.19352390430867672,5,23.373622781408667,0.9193106889724731,0.2934543788433075
2864601_0.437,4,0,bmag,13,2.508344821166247,0,13.37855387081332,2.631737470626831,0.9570338129997253
2864601_0.437,4,1,gbdrift,13,1.8369233955163509,0,15.034080380137848,2.1578853130340576,0.7287768721580505
2864601_0.437,4,2,cvdrift,13,2.9828301444649696,0,11.741883285199707,3.039896011352539,1.0739483833312988
2864601_0.437,4,3,gbdrift0_over_shat,13,5.270491749048233,0,14.812382000833095,5.270492076873779,1.569814682006836
2864601_0.437,4,4,gds2,13,0.09265909297391772,5,21.934205831468166,0.7563962340354919,0.24163778126239777
2864601_0.437,4,5,gds21_over_shat,13,0.017749021528288722,5,17.07837563683651,2.085714101791382,0.7003843188285828
2864601_0.437,4,6,gds22_over_shat_squared,13,0.20912506245076656,48,23.565682506647004,0.6990407109260559,0.25128453969955444
2864601_0.437,5,0,bmag,13,0.31414894526824355,7,17.996920868436558,1.1271623373031616,0.40442901849746704
2864601_0.437,5,1,gbdrift,13,7.664392247796059,0,8.275664433910501,7.664391994476318,2.299880027770996
2864601_0.437,5,2,cvdrift,13,4.4563954919576645,0,10.540690259090326,4.456395149230957,1.3942131996154785
2864601_0.437,5,3,gbdrift0_over_shat,13,3.11685511469841,4,14.425318446289229,4.695093154907227,1.503329873085022
2864601_0.437,5,4,gds2,13,1.7287070248275995,0,14.496065296840584,1.8004270792007446,0.6218485236167908
2864601_0.437,5,5,gds21_over_shat,13,0.9343403624370694,0,16.258221260600795,1.0962183475494385,0.35799354314804077
2864601_0.437,5,6,gds22_over_shat_squared,13,0.30610120855271816,20,25.603663442929363,0.8675974607467651,0.2728182077407837
2864601_0.437,6,0,bmag,13,0.5730060633504763,6,12.776991216945593,2.3659169673919678,0.7887246012687683
2864601_0.437,6,1,gbdrift,13,3.3875471502542496,0,12.24469768234309,3.387547254562378,0.9848495721817017
2864601_0.437,6,2,cvdrift,13,0.7819861713796854,8,17.783216515544137,1.6441951990127563,0.5203881859779358
2864601_0.437,6,3,gbdrift0_over_shat,13,4.535799190402031,0,13.003642736629232,4.535799026489258,1.394728422164917
2864601_0.437,6,4,gds2,13,0.17708132602274418,40,26.457922820561382,0.771988570690155,0.2614867091178894
2864601_0.437,6,5,gds21_over_shat,13,0.019996045622974634,14,20.36526924562715,0.9639281630516052,0.3100735545158386
2864601_0.437,6,6,gds22_over_shat_squared,13,0.8503967486321926,8,13.110580622825232,1.5756912231445312,0.50440514087677
2864601_0.437,7,0,bmag,13,1.6563459793105721,6,15.950791640113275,2.533182144165039,0.8651007413864136
2864601_0.437,7,1,gbdrift,13,2.1909674424678087,0,11.131207355426959,2.6191446781158447,0.9235200881958008
2864601_0.437,7,2,cvdrift,13,1.7175088226795197,0,16.507161192463887,2.1163434982299805,0.7577409744262695
2864601_0.437,7,3,gbdrift0_over_shat,13,7.577314600348473,0,7.7718694652040305,7.577314853668213,2.349107265472412
2864601_0.437,7,4,gds2,13,0.057558939792215824,48,27.87487003430699,0.7110729813575745,0.22371867299079895
2864601_0.437,7,5,gds21_over_shat,13,0.576730151893571,0,23.20303605584978,0.8414166569709778,0.3238542973995209
2864601_0.437,7,6,gds22_over_shat_squared,13,2.2795201807748526,2,11.795151892391527,2.734391450881958,0.9470881819725037
2864601_0.437,8,0,bmag,13,0.25623857602477074,10,21.18223535063639,0.9824495911598206,0.3224196135997772
2864601_0.437,8,1,gbdrift,13,4.104879014194012,0,15.278323053705655,4.104878902435303,1.2063771486282349
2864601_0.437,8,2,cvdrift,13,1.1286789230071008,0,17.384029321480234,1.4344048500061035,0.5160096287727356
2864601_0.437,8,3,gbdrift0_over_shat,13,5.123936288058758,0,12.321637884049188,5.123936653137207,1.5544017553329468
2864601_0.437,8,4,gds2,13,0.3549927524290979,5,18.562487117753484,0.9331760406494141,0.29468071460723877
2864601_0.437,8,5,gds21_over_shat,13,0.1018888687249273,6,19.432249668350874,1.065176010131836,0.36974796652793884
2864601_0.437,8,6,gds22_over_shat_squared,13,0.06507573917042464,48,25.428588456844516,0.7155357599258423,0.22555561363697052
2864601_0.437,9,0,bmag,13,0.09488117508590221,7,18.637964291881698,1.458871603012085,0.4713234007358551
2864601_0.437,9,1,gbdrift,13,0.5000713202171028,8,18.553357276837048,2.0083584785461426,0.6724982261657715
2864601_0.437,9,2,cvdrift,13,1.1477930304245092,7,15.013782144173076,2.162043809890747,0.7457755208015442
2864601_0.437,9,3,gbdrift0_over_shat,13,7.282015351578593,2,12.342504237429695,8.485374450683594,2.899257183074951
2864601_0.437,9,4,gds2,13,0.10359623492695391,13,23.4817893615426,0.7110811471939087,0.24372979998588562
2864601_0.437,9,5,gds21_over_shat,13,0.29369143210351467,21,22.57729931297326,1.2073111534118652,0.44802576303482056
2864601_0.437,9,6,gds22_over_shat_squared,13,0.042554362560622394,22,23.20429601843195,0.5012240409851074,0.17417387664318085
2864601_0.437,10,0,bmag,13,0.25049191899597645,7,11.996487625195844,5.135045051574707,1.6511919498443604
2864601_0.437,10,1,gbdrift,13,0.8160016387701035,6,11.916313694298811,4.461493015289307,1.3421891927719116
2864601_0.437,10,2,cvdrift,13,2.1798442136496305,0,14.557267990104332,2.475306510925293,0.930942177772522
2864601_0.437,10,3,gbdrift0_over_shat,13,0.5437792874872684,7,17.70841124548365,2.2711730003356934,0.7149815559387207
2864601_0.437,10,4,gds2,13,0.22426177840679884,17,20.933892445203433,0.7337461709976196,0.25728678703308105
2864601_0.437,10,5,gds21_over_shat,13,0.15926787952776067,35,23.252189621692445,0.41753071546554565,0.14154231548309326
2864601_0.437,10,6,gds22_over_shat_squared,13,0.07496596220880747,34,27.613583669700233,0.7402876615524292,0.23808112740516663
2864601_0.437,11,0,bmag,13,0.566668406536337,0,18.953701603069362,1.0942107439041138,0.35544896125793457
2864601_0.437,11,1,gbdrift,13,1.3005614168941975,0,18.05495840768491,1.5298235416412354,0.5296773314476013
2864601_0.437,11,2,cvdrift,13,0.6277181934565306,12,17.627636042063912,1.2509431838989258,0.46062007546424866
2864601_0.437,11,3,gbdrift0_over_shat,13,4.354350797832012,0,13.464716439614602,4.628626823425293,1.4617105722427368
2864601_0.437,11,4,gds2,13,0.2389338817447424,29,23.596358666094705,0.7027876377105713,0.22669193148612976
2864601_0.437,11,5,gds21_over_shat,13,0.7360569406300783,0,21.34331492314172,1.0541222095489502,0.32932108640670776
2864601_0.437,11,6,gds22_over_shat_squared,13,0.4434186900034547,0,22.063198257707025,0.7267631888389587,0.2376471608877182
2864601_0.437,12,0,bmag,13,1.6435274370014668,1,14.791825896771051,2.120710849761963,0.682471752166748
2864601_0.437,12,1,gbdrift,13,2.4883770868182182,0,13.388854382009606,2.4883766174316406,0.7720797657966614
2864601_0.437,12,2,cvdrift,13,2.807939235586673,0,13.037425542531425,2.809718370437622,0.8605427145957947
2864601_0.437,12,3,gbdrift0_over_shat,13,2.1543223715852946,4,14.872301693466193,3.0974678993225098,1.014463186264038
2864601_0.437,12,4,gds2,13,0.1173779308956,14,24.449175251735582,0.9513699412345886,0.293129563331604
2864601_0.437,12,5,gds21_over_shat,13,0.09926109854131937,13,21.4075405489201,1.5765148401260376,0.4813201427459717
2864601_0.437,12,6,gds22_over_shat_squared,13,2.1839741514995694,0,15.662064077951452,2.25251841545105,0.8368836045265198
2864601_0.437,13,0,bmag,13,0.22343645058572292,11,14.192986037264971,2.9222230911254883,1.0240248441696167
2864601_0.437,13,1,gbdrift,13,0.34011792950332165,27,21.236600599768128,1.9002057313919067,0.6597397327423096
2864601_0.437,13,2,cvdrift,13,2.0941444784402847,10,16.909089387699485,3.263192892074585,1.0691933631896973
2864601_0.437,13,3,gbdrift0_over_shat,13,0.7129089012742043,6,17.13968342732183,3.7052931785583496,1.1882344484329224
2864601_0.437,13,4,gds2,13,0.33884651586413383,16,20.50410833474536,1.4246418476104736,0.443049818277359
2864601_0.437,13,5,gds21_over_shat,13,0.23520004702731967,18,23.379450084731353,0.6558669805526733,0.2468825727701187
2864601_0.437,13,6,gds22_over_shat_squared,13,0.062128755351295695,15,23.134126829814694,1.302411675453186,0.43959519267082214
2864601_0.437,14,0,bmag,13,1.1731823962181807,8,13.5540037218551,2.5925240516662598,0.9135124683380127
2864601_0.437,14,1,gbdrift,13,0.18432185472920537,5,20.190822994061133,1.658324956893921,0.5336742997169495
2864601_0.437,14,2,cvdrift,13,1.1229429468512535,0,17.651601690535536,1.5063668489456177,0.49884921312332153
2864601_0.437,14,3,gbdrift0_over_shat,13,7.472661044448614,0,10.011132919771288,7.47266149520874,2.8740246295928955
2864601_0.437,14,4,gds2,13,0.07118290802463889,39,26.501641423462374,0.5633081197738647,0.21809245645999908
2864601_0.437,14,5,gds21_over_shat,13,0.05184871261008084,7,20.934616460852375,0.9411147832870483,0.3215634822845459
2864601_0.437,14,6,gds22_over_shat_squared,13,0.15686109755188227,27,24.86818760945028,0.706480860710144,0.23588977754116058
2864601_0.437,15,0,bmag,13,2.003119178349152,0,11.217811435288384,2.0805904865264893,0.6742427349090576
2864601_0.437,15,1,gbdrift,13,1.0529761482030153,12,16.19705421707911,1.6146613359451294,0.5609624981880188
2864601_0.437,15,2,cvdrift,13,0.5069137020036578,5,16.854290397342236,1.6202960014343262,0.5329329371452332
2864601_0.437,15,3,gbdrift0_over_shat,13,2.6691654697060585,0,13.565750002036003,2.6691653728485107,0.8106566071510315
2864601_0.437,15,4,gds2,13,0.28303764085285366,6,18.139414240639702,0.9940705895423889,0.31435778737068176
2864601_0.437,15,5,gds21_over_shat,13,0.016631466685794294,14,19.2825338511516,1.5768139362335205,0.5339658260345459
2864601_0.437,15,6,gds22_over_shat_squared,13,0.23702905140817165,39,24.151012767518495,0.6122782230377197,0.19563321769237518
2864601_0.437,16,0,bmag,13,2.454838890582323,0,11.603703655319299,2.454838991165161,0.7470530271530151
2864601_0.437,16,1,gbdrift,13,4.038529172539711,0,8.797104014206528,4.038529396057129,1.1691902875900269
2864601_0.437,16,2,cvdrift,13,0.4847267175791785,6,16.86257265893293,0.8219590187072754,0.36768579483032227
2864601_0.437,16,3,gbdrift0_over_shat,13,6.265917994081974,0,9.958113292242297,6.265918731689453,1.9787105321884155
2864601_0.437,16,4,gds2,13,0.049597036093473434,33,29.428655759917792,0.7895978689193726,0.24217787384986877
2864601_0.437,16,5,gds21_over_shat,13,0.14720893441699445,8,16.94484781270296,0.976715087890625,0.31700462102890015
2864601_0.437,16,6,gds22_over_shat_squared,13,0.7090978901833296,14,16.121828921810597,1.33664870262146,0.4557817578315735
2864601_0.437,17,0,bmag,13,2.084960359148681,3,11.77494073970516,2.7245287895202637,0.8976598381996155
2864601_0.437,17,1,gbdrift,13,4.377538785338402,0,13.791387179839122,4.377539157867432,1.3060823678970337
2864601_0.437,17,2,cvdrift,13,0.7990632583387196,7,15.567063497687691,2.242997884750366,0.7914190888404846
2864601_0.437,17,3,gbdrift0_over_shat,13,8.006711453199387,0,14.259806156207018,8.00671100616455,2.413081407546997
2864601_0.437,17,4,gds2,13,0.23125043138861656,42,27.454661366049088,0.7839264869689941,0.2474852055311203
2864601_0.437,17,5,gds21_over_shat,13,0.7953145410865545,0,21.83996692672919,1.3201490640640259,0.41261523962020874
2864601_0.437,17,6,gds22_over_shat_squared,13,0.17713048867881298,43,23.932243742854045,0.6699014902114868,0.19683462381362915
2864601_0.437,18,0,bmag,13,0.7040317244827747,13,18.02934902078419,1.9169126749038696,0.635223388671875
2864601_0.437,18,1,gbdrift,13,2.2366761043667793,3,13.71894932807175,2.8794612884521484,1.049055814743042
2864601_0.437,18,2,cvdrift,13,3.5549353890819475,0,9.80786385723963,3.733003854751587,1.2118767499923706
2864601_0.437,18,3,gbdrift0_over_shat,13,0.10481640417128801,7,15.959186159282543,2.7405593395233154,0.9232925176620483
2864601_0.437,18,4,gds2,13,0.5561870448291302,5,17.003239157359396,1.1641300916671753,0.3692629635334015
2864601_0.437,18,5,gds21_over_shat,13,0.36324852146208286,5,18.084007265389605,1.0561131238937378,0.3571876883506775
2864601_0.437,18,6,gds22_over_shat_squared,13,0.16430263128131628,9,19.036573653297914,1.235751748085022,0.4141070246696472
2864601_0.437,19,0,bmag,13,0.1561021041125059,7,12.867954455753917,2.908228874206543,0.9762814044952393
2864601_0.437,19,1,gbdrift,13,4.49809065181762,0,9.806400912753059,5.209133148193359,1.959015130996704
2864601_0.437,19,2,cvdrift,13,0.9700984600931406,9,13.358018163343614,4.466676712036133,1.555158257484436
2864601_0.437,19,3,gbdrift0_over_shat,13,2.6081559285521507,0,12.727775478598167,3.174631118774414,0.9368426203727722
2864601_0.437,19,4,gds2,13,0.3701055636629462,8,20.357230430657726,0.8806721568107605,0.28190621733665466
2864601_0.437,19,5,gds21_over_shat,13,0.5258046395611018,17,15.704249299150883,1.1272379159927368,0.3863576054573059
2864601_0.437,19,6,gds22_over_shat_squared,13,0.1180708222091198,17,20.96317339792575,1.224064826965332,0.3669322431087494
2864601_0.437,20,0,bmag,13,1.3182201921008527,0,14.513227830037597,1.7800816297531128,0.6239469051361084
2864601_0.437,20,1,gbdrift,13,7.833072945475578,0,11.863263319162199,7.833073139190674,2.341430425643921
2864601_0.437,20,2,cvdrift,13,1.9610431937035173,0,17.74953428510514,2.0705180168151855,0.6995717287063599
2864601_0.437,20,3,gbdrift0_over_shat,13,6.216677501797676,0,12.321469519834151,6.216677665710449,1.7890857458114624
2864601_0.437,20,4,gds2,13,0.07049492979422212,25,28.052539755306398,0.43421339988708496,0.1426703780889511
2864601_0.437,20,5,gds21_over_shat,13,0.35120763164013624,17,17.99080817030519,0.8843337297439575,0.28651896119117737
2864601_0.437,20,6,gds22_over_shat_squared,13,0.2348070729058236,28,26.28206172724812,0.8733787536621094,0.2768944203853607
2864601_0.437,21,0,bmag,13,0.7905146740376949,6,12.482916285094241,4.248286247253418,1.3218368291854858
2864601_0.437,21,1,gbdrift,13,6.315857157111168,0,10.257321585815584,6.315857410430908,2.0609474182128906
2864601_0.437,21,2,cvdrift,13,1.4426357997581363,10,15.589149133455983,2.704467296600342,0.875085175037384
2864601_0.437,21,3,gbdrift0_over_shat,13,1.2800037246197462,0,16.900201950886437,1.5891616344451904,0.5928823947906494
2864601_0.437,21,4,gds2,13,0.4244902888312936,2,23.590189753965348,0.7835102677345276,0.27610334753990173
2864601_0.437,21,5,gds21_over_shat,13,0.11205240269191563,12,25.607310182174626,1.1072531938552856,0.43380430340766907
2864601_0.437,21,6,gds22_over_shat_squared,13,0.0058656493201851845,20,20.783919263164993,0.5475718975067139,0.17797353863716125
2864601_0.437,22,0,bmag,13,1.064854972064495,7,14.976441738383937,3.437161445617676,1.0569788217544556
2864601_0.437,22,1,gbdrift,13,2.1269069043919444,0,14.031742930337757,2.2033579349517822,0.7517707347869873
2864601_0.437,22,2,cvdrift,13,0.46642051078379154,29,23.33031814863039,1.5123085975646973,0.495374858379364
2864601_0.437,22,3,gbdrift0_over_shat,13,5.589441508054733,0,13.471828860071843,7.068872451782227,2.062746524810791
2864601_0.437,22,4,gds2,13,0.1716177170164883,12,22.135444922249608,0.8200981020927429,0.28311023116111755
2864601_0.437,22,5,gds21_over_shat,13,1.5623961752280593,0,15.10875648085688,1.6074713468551636,0.5069107413291931
2864601_0.437,22,6,gds22_over_shat_squared,13,0.7175380755215883,0,18.514742182297777,0.8769063353538513,0.28294408321380615
2864601_0.437,23,0,bmag,13,1.118518441915512,7,11.865380019565137,3.6779887676239014,1.1954841613769531
2864601_0.437,23,1,gbdrift,13,0.972159187309444,16,18.4589000415349,2.4310154914855957,0.8356840014457703
2864601_0.437,23,2,cvdrift,13,0.979208966717124,13,20.626208493399087,2.8402676582336426,0.9308810234069824
2864601_0.437,23,3,gbdrift0_over_shat,13,0.5551728513091803,6,15.445443425682754,4.138270854949951,1.3273683786392212
2864601_0.437,23,4,gds2,13,0.14045023173093796,32,22.68332340307963,0.7324435710906982,0.24231934547424316
2864601_0.437,23,5,gds21_over_shat,13,0.024788590148091316,20,24.331309174838342,1.3123960494995117,0.4430530071258545
2864601_0.437,23,6,gds22_over_shat_squared,13,1.0250374842435122,6,14.59542053651014,1.7697707414627075,0.6142417192459106
2864601_0.437,24,0,bmag,13,0.2205953449010849,7,14.831380355395126,1.6792418956756592,0.5038920640945435
2864601_0.437,24,1,gbdrift,13,1.7346978560090065,0,13.334371819779994,2.6047492027282715,0.9001343846321106
2864601_0.437,24,2,cvdrift,13,2.1568381870165467,0,14.114095040758615,2.5467777252197266,0.8952648639678955
2864601_0.437,24,3,gbdrift0_over_shat,13,0.8220905177295208,13,19.031227449778203,2.5736327171325684,0.8383278846740723
2864601_0.437,24,4,gds2,13,0.48756520450115204,14,22.211314471642773,1.140618920326233,0.36797067523002625
2864601_0.437,24,5,gds21_over_shat,13,0.37245693802833557,8,15.883301373691907,3.1673531532287598,0.9411393404006958
2864601_0.437,24,6,gds22_over_shat_squared,13,0.30302318651229143,0,23.268121580213048,0.665568470954895,0.2067273110151291
2864601_0.437,25,0,bmag,13,0.9661550261080265,4,12.163137399284839,1.4104578495025635,0.4494365155696869
2864601_0.437,25,1,gbdrift,13,0.7406901828944683,14,15.400247294301714,2.9133760929107666,0.9598270058631897
2864601_0.437,25,2,cvdrift,13,0.8938574157655239,12,15.7223988745171,3.1267688274383545,1.0407963991165161
2864601_0.437,25,3,gbdrift0_over_shat,13,4.957172658294439,0,15.110615153033006,5.070124626159668,1.7071006298065186
2864601_0.437,25,4,gds2,13,0.3727939969394356,35,24.99067568140998,0.6722869277000427,0.22896941006183624
2864601_0.437,25,5,gds21_over_shat,13,2.037521884776652,0,17.05226178108189,2.0375218391418457,0.636542558670044
2864601_0.437,25,6,gds22_over_shat_squared,13,0.138125978410244,48,28.960324611487636,0.8157249689102173,0.2397438883781433
2864601_0.437,26,0,bmag,13,0.05079294694587588,12,21.549972998620415,0.8884550333023071,0.2990521788597107
2864601_0.437,26,1,gbdrift,13,0.9704197878018022,9,20.04964549456564,3.076899528503418,1.0369421243667603
2864601_0.437,26,2,cvdrift,13,5.372415695339441,0,12.051305560155088,5.734715938568115,1.8193849325180054
2864601_0.437,26,3,gbdrift0_over_shat,13,3.882509005255997,0,13.46415791169632,4.648610591888428,1.4396055936813354
2864601_0.437,26,4,gds2,13,0.2466895328834653,17,25.356458398881347,0.78266441822052,0.3030065894126892
2864601_0.437,26,5,gds21_over_shat,13,0.23766381631139666,23,19.54005540224594,1.601619839668274,0.5320711135864258
2864601_0.437,26,6,gds22_over_shat_squared,13,0.21618992928415537,12,22.740731948464568,1.1870691776275635,0.37676867842674255
2864601_0.437,27,0,bmag,13,0.7009593835100532,0,19.35533595965346,0.992339551448822,0.314919650554657
2864601_0.437,27,1,gbdrift,13,0.17791028413921595,10,25.10333293724324,0.7586957216262817,0.23971711099147797
2864601_0.437,27,2,cvdrift,13,0.2248880293482216,10,23.940661638750175,0.5853703618049622,0.19491492211818695
2864601_0.437,27,3,gbdrift0_over_shat,13,0.34191975090652704,38,26.086011629589272,0.7788863182067871,0.2696174681186676
2864601_0.437,27,4,gds2,13,0.5605998820974492,0,23.134693849741247,0.8816466927528381,0.28374555706977844
2864601_0.437,27,5,gds21_over_shat,13,0.013887890614569187,40,25.0551336605672,0.42224201560020447,0.1468358337879181
2864601_0.437,27,6,gds22_over_shat_squared,13,0.5838287258520722,0,21.152360633226575,0.8703362941741943,0.283218115568161
2864601_0.437,28,0,bmag,13,0.7577679110690951,0,19.629466130159226,0.9566552639007568,0.3287050127983093
2864601_0.437,28,1,gbdrift,13,8.661538511514664,0,7.740422967970159,8.661538124084473,2.5990216732025146
2864601_0.437,28,2,cvdrift,13,5.028786219656467,0,9.852453641939599,5.028785705566406,1.546592354774475
2864601_0.437,28,3,gbdrift0_over_shat,13,4.515938100405037,0,11.201501883294206,4.538383483886719,1.5803357362747192
2864601_0.437,28,4,gds2,13,0.41398491989821196,0,23.660488020072652,0.7317279577255249,0.2296135574579239
2864601_0.437,28,5,gds21_over_shat,13,0.6084284717217088,11,20.401505275201608,1.4720113277435303,0.483325719833374
2864601_0.437,28,6,gds22_over_shat_squared,13,0.25578412506729364,10,21.86167241165587,0.7780327796936035,0.2411041408777237
2864601_0.437,29,0,bmag,13,0.10491773020476103,6,17.804972922603042,1.063584566116333,0.34794342517852783
2864601_0.437,29,1,gbdrift,13,3.4487868696451187,0,12.852693400758996,3.448786973953247,0.9831323623657227
2864601_0.437,29,2,cvdrift,13,0.9707978889346123,2,17.649599645154844,1.3892645835876465,0.4297739863395691
2864601_0.437,29,3,gbdrift0_over_shat,13,8.666123136878014,0,10.33514594348608,8.666122436523438,2.6322295665740967
2864601_0.437,29,4,gds2,13,0.18832474015653133,48,25.75708644058878,0.7659867405891418,0.24125996232032776
2864601_0.437,29,5,gds21_over_shat,13,0.6899757739156485,0,20.307988536683464,1.1351995468139648,0.3625842034816742
2864601_0.437,29,6,gds22_over_shat_squared,13,0.6588513772003353,0,20.570581052825247,0.6958028674125671,0.23876255750656128
2864601_0.371,0,0,bmag,3,1.2282695174217224,0,13.749720531681207,1.2282695770263672,0.7287815809249878
2864601_0.371,0,1,gbdrift,3,0.05653441697359085,48,30.716613832425573,0.525934636592865,0.36430010199546814
2864601_0.371,0,2,cvdrift,3,0.7094261795282364,0,22.745974270878584,0.7094261646270752,0.47630035877227783
2864601_0.371,0,3,gbdrift0_over_shat,3,3.3507604598999023,0,16.162588752066686,3.3507604598999023,1.938765287399292
2864601_0.371,0,4,gds2,3,0.15409880876541138,23,23.026164286634426,0.3546428084373474,0.20599208772182465
2864601_0.371,0,5,gds21_over_shat,3,0.9844346642494202,0,16.111102611322902,0.9844346046447754,0.5809488892555237
2864601_0.371,0,6,gds22_over_shat_squared,3,0.3978174477815628,0,18.29569382636913,0.397817462682724,0.27662742137908936
2864601_0.371,1,0,bmag,3,1.897725224494934,0,13.860047951728566,1.897725224494934,1.1176869869232178
2864601_0.371,1,1,gbdrift,3,2.616644322872162,0,17.581947301628233,2.6166443824768066,1.52513587474823
2864601_0.371,1,2,cvdrift,3,1.8917522430419922,0,13.917341755652485,1.8917522430419922,1.143933892250061
2864601_0.371,1,3,gbdrift0_over_shat,3,0.09280820190906525,48,31.144362309427567,0.3017398416996002,0.18281683325767517
2864601_0.371,1,4,gds2,3,0.008706562221050262,48,32.52585247696691,0.41569650173187256,0.2663446068763733
2864601_0.371,1,5,gds21_over_shat,3,0.0035438649356365204,48,33.02780189372785,0.2720443606376648,0.17110778391361237
2864601_0.371,1,6,gds22_over_shat_squared,3,0.022267269901931286,48,30.741262911932434,0.2546549439430237,0.17749188840389252
2864601_0.371,2,0,bmag,3,0.18453151732683182,48,29.48709380287958,0.35621994733810425,0.21099421381950378
2864601_0.371,2,1,gbdrift,3,0.8328726962208748,48,25.436167977649593,0.9791769981384277,0.655190646648407
2864601_0.371,2,2,cvdrift,3,1.395548552274704,0,16.77123341262653,1.3955485820770264,0.8188672065734863
2864601_0.371,2,3,gbdrift0_over_shat,3,0.8469708114862442,0,16.46453597370859,0.846970796585083,0.550123393535614
2864601_0.371,2,4,gds2,3,0.9351029694080353,0,15.405242664535868,0.9351029396057129,0.5892210602760315
2864601_0.371,2,5,gds21_over_shat,3,0.7791170924901962,0,19.077587278487428,0.7791171073913574,0.46518397331237793
2864601_0.371,2,6,gds22_over_shat_squared,3,0.08926166221499443,48,29.742954320779244,0.2389049530029297,0.15232770144939423
2864601_0.371,3,0,bmag,3,0.18576521915383637,0,20.996609790727852,0.18576522171497345,0.1461028754711151
2864601_0.371,3,1,gbdrift,3,1.0556419491767883,0,16.429860266303447,1.0556418895721436,0.6519676446914673
2864601_0.371,3,2,cvdrift,3,0.9678825102746487,0,18.151993490091343,1.045857310295105,0.7205766439437866
2864601_0.371,3,3,gbdrift0_over_shat,3,1.286780595779419,0,17.3855635802005,1.286780595779419,0.7547329068183899
2864601_0.371,3,4,gds2,3,0.1502620168030262,48,26.60624889111518,0.29499977827072144,0.2203788012266159
2864601_0.371,3,5,gds21_over_shat,3,0.814731702208519,0,15.319487605459702,0.8147317171096802,0.47248712182044983
2864601_0.371,3,6,gds22_over_shat_squared,3,0.3191090524196625,13,19.048265497350933,0.40833601355552673,0.2656494677066803
2864601_0.371,4,0,bmag,3,1.1386043578386307,0,15.452644931091651,1.1386044025421143,0.7282574772834778
2864601_0.371,4,1,gbdrift,3,3.186688184738159,0,17.483269561903185,3.186688184738159,1.8558502197265625
2864601_0.371,4,2,cvdrift,3,0.9546682834625244,0,22.492278503659946,0.9546682834625244,0.630642294883728
2864601_0.371,4,3,gbdrift0_over_shat,3,0.6289654225111008,48,28.02406604900748,1.097888469696045,0.7006741762161255
2864601_0.371,4,4,gds2,3,0.8485754292923957,0,17.498910328944067,0.8485754132270813,0.6022664904594421
2864601_0.371,4,5,gds21_over_shat,3,0.8627177178859711,0,14.956689146019581,0.8627177476882935,0.5113038420677185
2864601_0.371,4,6,gds22_over_shat_squared,3,0.059158165007829666,20,20.88189815952351,0.09805253148078918,0.05890394374728203
2864601_0.371,5,0,bmag,3,0.41595876804785803,0,17.661065423657153,0.41605764627456665,0.2960622310638428
2864601_0.371,5,1,gbdrift,3,0.4262733906507492,0,21.047644579595175,0.4262734055519104,0.2847517430782318
2864601_0.371,5,2,cvdrift,3,0.39493895322084427,0,21.967780517749183,0.39493894577026367,0.31256237626075745
2864601_0.371,5,3,gbdrift0_over_shat,3,1.0639141649007797,0,16.399678548062536,1.063914179801941,0.6530650854110718
2864601_0.371,5,4,gds2,3,0.11278887093067169,48,33.36037972607716,0.4843555688858032,0.28123724460601807
2864601_0.371,5,5,gds21_over_shat,3,0.2718251347541809,48,27.307692197145073,0.44818824529647827,0.3039061427116394
2864601_0.371,5,6,gds22_over_shat_squared,3,1.0457516312599182,0,13.919747767700578,1.0457515716552734,0.6228082180023193
2864601_0.371,6,0,bmag,3,0.47426408529281616,0,21.655095446723273,0.47426408529281616,0.3132176995277405
2864601_0.371,6,1,gbdrift,3,0.8548055440187454,0,15.003082555146399,0.854805588722229,0.534168541431427
2864601_0.371,6,2,cvdrift,3,0.3283862918615341,48,29.14453248677221,0.6893460154533386,0.42808449268341064
2864601_0.371,6,3,gbdrift0_over_shat,3,3.4134474396705627,0,15.928243659517339,3.413447380065918,1.995222806930542
2864601_0.371,6,4,gds2,3,0.00021107681095600128,29,28.222363053033575,0.14308589696884155,0.08915272355079651
2864601_0.371,6,5,gds21_over_shat,3,0.07985394261777401,24,24.51969362037789,0.19060298800468445,0.14331090450286865
2864601_0.371,6,6,gds22_over_shat_squared,3,1.2229627668857574,0,16.640824077524634,1.2229628562927246,0.7433775067329407
2864601_0.371,7,0,bmag,3,0.5386393405497074,0,18.247027886390505,0.5386393666267395,0.37215477228164673
2864601_0.371,7,1,gbdrift,3,1.4835948050022125,0,16.655982868293737,1.4835947751998901,0.8945348262786865
2864601_0.371,7,2,cvdrift,3,1.4313787072896957,0,17.33741748302092,1.431378722190857,0.918728232383728
2864601_0.371,7,3,gbdrift0_over_shat,3,1.1116025745868683,0,16.33092316518738,1.111602544784546,0.695759654045105
2864601_0.371,7,4,gds2,3,0.10638734698295593,21,20.580954308685914,0.18658673763275146,0.1137906089425087
2864601_0.371,7,5,gds21_over_shat,3,0.38747584261000156,0,23.11131132907997,0.387475848197937,0.26248058676719666
2864601_0.371,7,6,gds22_over_shat_squared,3,1.2611293494701385,0,14.507401364503632,1.261129379272461,0.779262125492096
2864601_0.371,8,0,bmag,3,0.31184718385338783,0,21.553149944606844,0.31184718012809753,0.2543642520904541
2864601_0.371,8,1,gbdrift,3,1.7909471988677979,0,17.388618881551317,1.7909471988677979,1.043247103691101
2864601_0.371,8,2,cvdrift,3,0.9022249951958656,48,24.976000117290226,1.0121828317642212,0.7018488049507141
2864601_0.371,8,3,gbdrift0_over_shat,3,0.5731914080679417,0,16.952135388850433,0.5731914043426514,0.37806448340415955
2864601_0.371,8,4,gds2,3,0.017143219709396362,48,30.827777834507014,0.24915462732315063,0.1737109273672104
2864601_0.371,8,5,gds21_over_shat,3,0.28408198803663254,0,18.070453105532863,0.28408199548721313,0.19401830434799194
2864601_0.371,8,6,gds22_over_shat_squared,3,0.11077192425727844,23,22.83472097714752,0.2839418649673462,0.16506561636924744
2864601_0.371,9,0,bmag,3,0.3690972365438938,8,19.21351443879568,0.44415998458862305,0.299083411693573
2864601_0.371,9,1,gbdrift,3,6.525301456451416,0,17.214799120176746,6.525300979614258,3.794520854949951
2864601_0.371,9,2,cvdrift,3,1.845171332359314,0,17.156411229228944,1.845171332359314,1.0834146738052368
2864601_0.371,9,3,gbdrift0_over_shat,3,0.20367889059707522,48,25.938735342596907,0.31019917130470276,0.2591557502746582
2864601_0.371,9,4,gds2,3,2.0598745346069336,0,15.886939532230253,2.0598745346069336,1.1893854141235352
2864601_0.371,9,5,gds21_over_shat,3,0.48295407742261887,0,20.819689027971744,0.48295408487319946,0.3002856969833374
2864601_0.371,9,6,gds22_over_shat_squared,3,0.031444523483514786,24,24.83085812577508,0.15573155879974365,0.09110818058252335
2864601_0.371,10,0,bmag,3,0.4311006832867861,0,17.693513277129625,0.4491686224937439,0.31267279386520386
2864601_0.371,10,1,gbdrift,3,2.5421706438064575,0,17.102518183329053,2.542170524597168,1.489319920539856
2864601_0.371,10,2,cvdrift,3,0.47035685181617737,17,19.74963867516019,0.6482867002487183,0.41993436217308044
2864601_0.371,10,3,gbdrift0_over_shat,3,0.45795548893511295,0,22.48732521796929,0.4579555094242096,0.38288700580596924
2864601_0.371,10,4,gds2,3,0.48483892530202866,0,16.241074029794014,0.48483893275260925,0.3122129738330841
2864601_0.371,10,5,gds21_over_shat,3,0.30465462803840637,0,15.908043332675636,0.30465462803840637,0.1786053478717804
2864601_0.371,10,6,gds22_over_shat_squared,3,0.09968082513660192,48,29.248190621928998,0.35585451126098633,0.25512900948524475
2864601_0.371,11,0,bmag,3,0.7609239220619202,0,16.71384248838239,0.7609239220619202,0.5013494491577148
2864601_0.371,11,1,gbdrift,3,2.8693618774414062,0,18.749025699077546,2.8693618774414062,1.7000272274017334
2864601_0.371,11,2,cvdrift,3,1.326376348733902,0,18.53544954328581,1.3263764381408691,0.7836902141571045
2864601_0.371,11,3,gbdrift0_over_shat,3,2.162774443626404,0,16.07663283652175,2.1627743244171143,1.2523937225341797
2864601_0.371,11,4,gds2,3,0.28594465437345207,0,22.09988161697677,0.2859446704387665,0.24397677183151245
2864601_0.371,11,5,gds21_over_shat,3,0.726260595023632,0,22.781934060863573,0.7262606024742126,0.4912009537220001
2864601_0.371,11,6,gds22_over_shat_squared,3,0.13037502020597458,21,20.84976179468745,0.23548343777656555,0.14635327458381653
2864601_0.371,12,0,bmag,3,0.3705814555287361,0,15.211680364436111,0.3705814480781555,0.22791416943073273
2864601_0.371,12,1,gbdrift,3,0.4849408529698849,0,22.030755887357987,0.5341478586196899,0.41745486855506897
2864601_0.371,12,2,cvdrift,3,1.2895947396755219,0,16.365003198702357,1.2895946502685547,0.7513355016708374
2864601_0.371,12,3,gbdrift0_over_shat,3,2.8056965470314026,0,19.003470772304354,2.805696487426758,1.6817617416381836
2864601_0.371,12,4,gds2,3,0.5515274479985237,0,18.34489892049247,0.5515274405479431,0.3838947117328644
2864601_0.371,12,5,gds21_over_shat,3,0.26354826241731644,0,17.44693635399044,0.26354825496673584,0.15712951123714447
2864601_0.371,12,6,gds22_over_shat_squared,3,0.026278024539351463,23,22.468914026438068,0.06844010204076767,0.04033597186207771
2864601_0.371,13,0,bmag,3,0.3402227386832237,18,20.46917774408577,0.46180036664009094,0.3113449811935425
2864601_0.371,13,1,gbdrift,3,1.2868646532297134,0,17.794980595515923,1.2868646383285522,0.8271150588989258
2864601_0.371,13,2,cvdrift,3,0.8948812335729599,0,18.69175032721039,0.8948812484741211,0.5542464256286621
2864601_0.371,13,3,gbdrift0_over_shat,3,3.865379214286804,0,18.727734287318643,3.8653793334960938,2.289665937423706
2864601_0.371,13,4,gds2,3,0.008985288441181183,48,33.49907709911806,0.4189085364341736,0.25915607810020447
2864601_0.371,13,5,gds21_over_shat,3,0.08203044347465038,0,19.34948331706945,0.08203044533729553,0.05924653261899948
2864601_0.371,13,6,gds22_over_shat_squared,3,0.1301514133810997,32,26.012833557007554,0.29333922266960144,0.19336718320846558
2864601_0.371,14,0,bmag,3,0.3265628069639206,22,21.93808273033559,0.6787987947463989,0.398046612739563
2864601_0.371,14,1,gbdrift,3,2.0262901186943054,0,17.04672542153332,2.02629017829895,1.1776857376098633
2864601_0.371,14,2,cvdrift,3,0.5416538640856743,0,17.090288113547746,0.5416538715362549,0.33988747000694275
2864601_0.371,14,3,gbdrift0_over_shat,3,1.4799177423119545,0,22.977673662869464,1.4799177646636963,1.0166678428649902
2864601_0.371,14,4,gds2,3,0.049315497279167175,24,23.896855509917017,0.2341155856847763,0.1403549164533615
2864601_0.371,14,5,gds21_over_shat,3,0.30312972515821457,0,19.678776639820228,0.30312973260879517,0.20611119270324707
2864601_0.371,14,6,gds22_over_shat_squared,3,0.0018776431679725647,26,26.786763749072005,0.13483566045761108,0.08296440541744232
2864601_0.371,15,0,bmag,3,1.4305028021335602,0,15.488694586555141,1.4305028915405273,0.8270170092582703
2864601_0.371,15,1,gbdrift,3,2.409917116165161,0,17.87847173914515,2.409917116165161,1.4219090938568115
2864601_0.371,15,2,cvdrift,3,1.426125168800354,0,15.09122730693964,1.426125168800354,0.8269335031509399
2864601_0.371,15,3,gbdrift0_over_shat,3,2.605593204498291,0,17.36050524413439,2.605593204498291,1.532267689704895
2864601_0.371,15,4,gds2,3,0.2810503989458084,20,21.963022411307314,0.3711585998535156,0.27637356519699097
2864601_0.371,15,5,gds21_over_shat,3,0.5984482914209366,0,21.031823135025938,0.5984482765197754,0.3810894787311554
2864601_0.371,15,6,gds22_over_shat_squared,3,0.015218257904052734,48,32.69800883960573,0.40917640924453735,0.2594233453273773
2864601_0.371,16,0,bmag,3,1.9243732690811157,0,16.210258669428306,1.9243732690811157,1.111572504043579
2864601_0.371,16,1,gbdrift,3,0.3463902063667774,48,26.013830474692366,0.4666494131088257,0.33563315868377686
2864601_0.371,16,2,cvdrift,3,0.9196697808802128,0,17.92607680236196,0.9886728525161743,0.6797069311141968
2864601_0.371,16,3,gbdrift0_over_shat,3,2.349069654941559,0,15.92598675822502,2.349069595336914,1.3627756834030151
2864601_0.371,16,4,gds2,3,0.07346327975392342,48,29.099457034833904,0.23874621093273163,0.17050065100193024
2864601_0.371,16,5,gds21_over_shat,3,0.7255816012620926,18,20.07276345865055,1.0898457765579224,0.6682088971138
2864601_0.371,16,6,gds22_over_shat_squared,3,0.09254810214042664,48,27.879015702548823,0.14248943328857422,0.08696760982275009
2864601_0.371,17,0,bmag,3,0.20877984166145325,24,23.414931494239994,0.6073123216629028,0.351889967918396
2864601_0.371,17,1,gbdrift,3,0.7989665865898132,48,25.856869016789048,0.9824735522270203,0.6435502171516418
2864601_0.371,17,2,cvdrift,3,1.0166423618793488,0,18.71248912897505,1.0166423320770264,0.6174839735031128
2864601_0.371,17,3,gbdrift0_over_shat,3,0.6929768566042185,48,24.23956190208757,0.7165849804878235,0.5599507093429565
2864601_0.371,17,4,gds2,3,0.07797528058290482,24,24.853687384168783,0.4978535771369934,0.29565131664276123
2864601_0.371,17,5,gds21_over_shat,3,0.056901320815086365,42,28.857054610738405,0.3972625732421875,0.25669828057289124
2864601_0.371,17,6,gds22_over_shat_squared,3,0.31639835238456726,48,24.232600411184702,0.32455381751060486,0.22869491577148438
2864601_0.371,18,0,bmag,3,0.8889986276626587,0,14.168777478060067,0.8889986276626587,0.5271239280700684
2864601_0.371,18,1,gbdrift,3,4.399997591972351,0,17.93422536293588,4.399997711181641,2.575556516647339
2864601_0.371,18,2,cvdrift,3,0.46203022450208664,48,26.435001459406813,0.6548320055007935,0.45392096042633057
2864601_0.371,18,3,gbdrift0_over_shat,3,0.7208532989025116,0,15.48724054753927,0.720853328704834,0.4548127353191376
2864601_0.371,18,4,gds2,3,0.7658125106245279,0,17.596394634328234,0.8029052019119263,0.555104672908783
2864601_0.371,18,5,gds21_over_shat,3,0.6305540502071381,0,17.549595322750864,0.6305540800094604,0.3729463517665863
2864601_0.371,18,6,gds22_over_shat_squared,3,0.1658833846449852,0,15.144503110137766,0.1658833771944046,0.09654317796230316
2864601_0.371,19,0,bmag,3,1.831014722585678,0,14.821695028087222,1.8310147523880005,1.0786688327789307
2864601_0.371,19,1,gbdrift,3,1.0087867304682732,0,17.98324078722963,1.008786678314209,0.6858524680137634
2864601_0.371,19,2,cvdrift,3,0.7742275223135948,0,22.751185325888905,0.774227499961853,0.5903444290161133
2864601_0.371,19,3,gbdrift0_over_shat,3,2.9938937425613403,0,17.27178821616431,2.993893623352051,1.778804063796997
2864601_0.371,19,4,gds2,3,0.05157831683754921,31,27.82852899104624,0.26370948553085327,0.17702984809875488
2864601_0.371,19,5,gds21_over_shat,3,0.1905391551554203,22,22.077316915739182,0.3461574614048004,0.23450462520122528
2864601_0.371,19,6,gds22_over_shat_squared,3,0.09928405284881592,38,27.37284834695551,0.31472671031951904,0.2050696462392807
2864601_0.371,20,0,bmag,3,0.23087696731090546,22,22.265006820649436,0.49004071950912476,0.28615063428878784
2864601_0.371,20,1,gbdrift,3,2.598656952381134,0,17.291985750060842,2.5986571311950684,1.5505163669586182
2864601_0.371,20,2,cvdrift,3,0.0015402138233184814,37,29.27243886744156,0.6999759078025818,0.4520666301250458
2864601_0.371,20,3,gbdrift0_over_shat,3,4.636721253395081,0,18.552565037451494,4.636721611022949,2.7376368045806885
2864601_0.371,20,4,gds2,3,0.04515606909990311,30,26.91996768654965,0.16755516827106476,0.10290871560573578
2864601_0.371,20,5,gds21_over_shat,3,0.12727654725313187,23,22.82512266603796,0.362664133310318,0.23945452272891998
2864601_0.371,20,6,gds22_over_shat_squared,3,0.10775399580597878,36,26.897604605633184,0.25832363963127136,0.19267626106739044
2864601_0.371,21,0,bmag,3,0.2303592637181282,48,27.73050070580002,0.4074670076370239,0.2720321714878082
2864601_0.371,21,1,gbdrift,3,0.4179374426603317,24,23.019680805523212,1.3834480047225952,0.9129729270935059
2864601_0.371,21,2,cvdrift,3,0.11996911466121674,24,24.727347357157935,1.616863489151001,1.0717082023620605
2864601_0.371,21,3,gbdrift0_over_shat,3,1.5818111300468445,21,20.964437391120054,2.766179323196411,1.6526978015899658
2864601_0.371,21,4,gds2,3,0.2420118092559278,0,22.269900362970148,0.24774104356765747,0.2115165740251541
2864601_0.371,21,5,gds21_over_shat,3,0.12408089637756348,26,25.822088116768775,0.5233138799667358,0.306169718503952
2864601_0.371,21,6,gds22_over_shat_squared,3,0.2890315018594265,24,23.374533194600485,0.6328867673873901,0.4605807960033417
2864601_0.371,22,0,bmag,3,0.08880479633808136,26,26.520716444264615,0.7980642914772034,0.5097911357879639
2864601_0.371,22,1,gbdrift,3,2.2535106539726257,0,16.783498921014104,2.2535107135772705,1.3078558444976807
2864601_0.371,22,2,cvdrift,3,0.6216623187065125,0,14.175999834524742,0.6216623187065125,0.36337995529174805
2864601_0.371,22,3,gbdrift0_over_shat,3,2.4586886763572693,0,16.415966490800532,2.458688735961914,1.4478179216384888
2864601_0.371,22,4,gds2,3,0.19628034997731447,48,25.333871098804735,0.2259913980960846,0.1500387042760849
2864601_0.371,22,5,gds21_over_shat,3,0.5276021747849882,0,18.61582227720858,0.5276021957397461,0.3818224370479584
2864601_0.371,22,6,gds22_over_shat_squared,3,0.2912613954395056,24,24.51202626321698,0.6638503074645996,0.5033934116363525
2864601_0.371,23,0,bmag,3,0.14708477049134672,0,22.91889255099312,0.1506814807653427,0.1350645273923874
2864601_0.371,23,1,gbdrift,3,0.08785466849803925,35,28.365462098358893,0.5237908363342285,0.33206841349601746
2864601_0.371,23,2,cvdrift,3,0.29515260457992554,24,24.460363138812742,1.1157784461975098,0.6465527415275574
2864601_0.371,23,3,gbdrift0_over_shat,3,1.6365511119365692,0,16.930158013813784,1.6365511417388916,0.9524864554405212
2864601_0.371,23,4,gds2,3,0.00905853882431984,26,26.7416339214857,0.24166712164878845,0.1499556452035904
2864601_0.371,23,5,gds21_over_shat,3,0.5110345035791397,21,21.04222099223267,0.9037812948226929,0.5390298962593079
2864601_0.371,23,6,gds22_over_shat_squared,3,0.8485201746225357,0,18.53621496931007,0.8485201597213745,0.5240039825439453
2864601_0.371,24,0,bmag,3,0.2674350943416357,0,21.030508254070316,0.26743507385253906,0.21154773235321045
2864601_0.371,24,1,gbdrift,3,2.296246290206909,0,14.902605404992501,2.296246290206909,1.3585777282714844
2864601_0.371,24,2,cvdrift,3,1.5934164226055145,0,16.85152977626617,1.593416452407837,0.9235115647315979
2864601_0.371,24,3,gbdrift0_over_shat,3,0.6821579337120056,0,21.909586357657506,0.6821579337120056,0.4680858552455902
2864601_0.371,24,4,gds2,3,0.7447949796915054,0,18.30043915347526,0.7447949647903442,0.44789788126945496
2864601_0.371,24,5,gds21_over_shat,3,1.3342045843601227,0,16.248423446708046,1.3342046737670898,0.7853860259056091
2864601_0.371,24,6,gds22_over_shat_squared,3,0.005352873355150223,48,33.76273841121065,0.2268776148557663,0.13930529356002808
2864601_0.371,25,0,bmag,3,0.14748658798635006,48,28.792666021914798,0.4203275144100189,0.3006855845451355
2864601_0.371,25,1,gbdrift,3,0.4978077271953225,48,24.465203732754286,0.5274366140365601,0.3838574290275574
2864601_0.371,25,2,cvdrift,3,0.12896209210157394,48,28.983158923254464,0.25473296642303467,0.1568021923303604
2864601_0.371,25,3,gbdrift0_over_shat,3,1.271438866853714,0,15.109899950100122,1.2714388370513916,0.7398579120635986
2864601_0.371,25,4,gds2,3,0.2551107257604599,22,22.430208271803302,0.4896775782108307,0.2893946170806885
2864601_0.371,25,5,gds21_over_shat,3,0.3605690225958824,0,18.88764912302325,0.360569030046463,0.2175140082836151
2864601_0.371,25,6,gds22_over_shat_squared,3,0.18336591497063637,21,23.334289579686594,0.2776978015899658,0.18683455884456635
2864601_0.371,26,0,bmag,3,0.2438366860151291,23,22.515124141843348,0.6680285334587097,0.4298461675643921
2864601_0.371,26,1,gbdrift,3,0.24202295392751694,48,28.915628607670303,0.5070402026176453,0.3210742771625519
2864601_0.371,26,2,cvdrift,3,0.09352713823318481,25,25.44688264441075,0.8824954628944397,0.5275918841362
2864601_0.371,26,3,gbdrift0_over_shat,3,1.5791093707084656,0,22.074833689750218,1.5791094303131104,1.0297563076019287
2864601_0.371,26,4,gds2,3,0.10250593349337578,25,25.41747925318144,0.3336242437362671,0.2343529611825943
2864601_0.371,26,5,gds21_over_shat,3,0.10699264332652092,24,22.96483383369618,0.40017014741897583,0.2568683922290802
2864601_0.371,26,6,gds22_over_shat_squared,3,0.10583994165062904,24,23.280610519716596,0.4932326674461365,0.3221551775932312
2864601_0.371,27,0,bmag,3,0.35008402168750763,0,13.725902389389317,0.35008400678634644,0.21273235976696014
2864601_0.371,27,1,gbdrift,3,2.8370556235313416,0,18.011606772595556,2.8370556831359863,1.6954535245895386
2864601_0.371,27,2,cvdrift,3,0.2653111293911934,28,25.064109972634675,0.4154317378997803,0.3444860577583313
2864601_0.371,27,3,gbdrift0_over_shat,3,0.5351850464940071,0,19.353827004667778,0.5351850390434265,0.3208521604537964
2864601_0.371,27,4,gds2,3,0.1705770781263709,24,24.3213989107904,0.511532187461853,0.375029593706131
2864601_0.371,27,5,gds21_over_shat,3,0.20247898250818253,22,22.73458170136518,0.3089516758918762,0.23179829120635986
2864601_0.371,27,6,gds22_over_shat_squared,3,0.006849666126072407,24,24.156826156236832,0.2642709016799927,0.17699207365512848
2864601_0.371,28,0,bmag,3,0.31430971156805754,48,24.051904491325715,0.33019959926605225,0.3161100745201111
2864601_0.371,28,1,gbdrift,3,1.6967101115733385,0,23.853784491615503,1.6967101097106934,1.1909303665161133
2864601_0.371,28,2,cvdrift,3,1.4519331902265549,0,21.6522180872641,1.4519331455230713,0.9269921183586121
2864601_0.371,28,3,gbdrift0_over_shat,3,1.2724474221467972,0,21.895247988469176,1.2724474668502808,0.8478601574897766
2864601_0.371,28,4,gds2,3,0.19217456448677694,48,24.745129847952406,0.22334276139736176,0.20833465456962585
2864601_0.371,28,5,gds21_over_shat,3,0.27223235042765737,48,26.197134735740043,0.4394926428794861,0.36075925827026367
2864601_0.371,28,6,gds22_over_shat_squared,3,0.11243454832583666,0,21.13471870257237,0.11243455111980438,0.07056152075529099
2864601_0.371,29,0,bmag,3,0.9236077517271042,0,16.212709335929038,0.9236077666282654,0.5932615399360657
2864601_0.371,29,1,gbdrift,3,0.7006357610225677,0,17.559598847851365,0.7006357908248901,0.40883663296699524
2864601_0.371,29,2,cvdrift,3,0.864680141210556,0,18.441154237860292,0.8646801710128784,0.5153149962425232
2864601_0.371,29,3,gbdrift0_over_shat,3,0.25082555413246155,22,21.01942236182053,0.4586060345172882,0.287445992231369
2864601_0.371,29,4,gds2,3,0.3826415315270424,22,22.112424212453643,0.6960468292236328,0.47263890504837036
2864601_0.371,29,5,gds21_over_shat,3,0.2986566424369812,48,29.042742309424046,0.7236728668212891,0.47756335139274597
2864601_0.371,29,6,gds22_over_shat_squared,3,0.3705916032195091,24,23.16610497661927,1.0234485864639282,0.7031037211418152
2864601_0.371,30,0,bmag,3,0.26784440129995346,21,21.617264546630285,0.49761897325515747,0.2940709590911865
2864601_0.371,30,1,gbdrift,3,0.17525620013475418,17,19.894272715658115,0.23532748222351074,0.15509170293807983
2864601_0.371,30,2,cvdrift,3,0.8512305393815041,0,21.28713136923788,0.8512305021286011,0.5537912249565125
2864601_0.371,30,3,gbdrift0_over_shat,3,3.812600076198578,0,17.77409393893043,3.8126001358032227,2.227107524871826
2864601_0.371,30,4,gds2,3,0.01957349106669426,28,27.574796521968583,0.1795295923948288,0.10873452574014664
2864601_0.371,30,5,gds21_over_shat,3,0.41166242957115173,48,26.82991777832972,0.5597716569900513,0.35194161534309387
2864601_0.371,30,6,gds22_over_shat_squared,3,0.534130297601223,0,15.42418750979646,0.534130334854126,0.3367404043674469
2864601_0.371,31,0,bmag,3,0.015360284596681595,24,25.09533154943597,0.43501895666122437,0.27934983372688293
2864601_0.371,31,1,gbdrift,3,0.6195718571543694,0,15.678331630590465,0.61957186460495,0.397411584854126
2864601_0.371,31,2,cvdrift,3,0.67629324644804,0,20.523592740587038,0.6762932538986206,0.4246257245540619
2864601_0.371,31,3,gbdrift0_over_shat,3,2.951569139957428,0,16.54867664262452,2.951569080352783,1.7123043537139893
2864601_0.371,31,4,gds2,3,0.1465613367035985,48,27.651751476403653,0.3615591824054718,0.2655637860298157
2864601_0.371,31,5,gds21_over_shat,3,0.23121383413672447,15,20.75533148731602,0.3230055570602417,0.20385445654392242
2864601_0.371,31,6,gds22_over_shat_squared,3,0.04332989640533924,24,22.763903490787722,0.13968046009540558,0.08967103064060211
