member_id,unit_id,unit_index,stratum,n_equilibrium_files,signed_mean,standard_deviation,q50,q90,q99,maximum,active_fraction,median_active_positions,median_halfmax_positions,q90_halfmax_positions,s04_shapley_mean_absolute,s04_mean_ablation_rms,s04_shapley_rank
2864601_0.437,2864601_0.437:u000,0,overall,1000,1.063887119293213,0.9137147665023804,0.8833519220352173,2.3327097177505496,3.7521345210075325,5.630600452423096,0.8936041666666666,96.0,65.0,96.0,0.09242625590093667,0.21475383484071142,4.0
2864601_0.437,2864601_0.437:u000,0,stable_or_near_floor,240,0.9163016676902771,0.8875241279602051,0.6532129943370819,2.1947097778320326,3.712495167255403,5.119292259216309,0.8771701388888888,96.0,62.5,96.0,0.09242625590093667,0.21475383484071142,4.0
2864601_0.437,2864601_0.437:u000,0,unstable,760,1.1104929447174072,0.9169087409973145,0.9477238357067108,2.370792865753174,3.768281686306,5.630600452423096,0.8987938596491228,96.0,65.0,96.0,0.09242625590093667,0.21475383484071142,4.0
2864601_0.437,2864601_0.437:u001,1,overall,1000,1.8733383417129517,1.2695461511611938,1.7017854452133179,3.4110498189926157,6.076597595214838,12.729996681213379,0.9485625,96.0,96.0,96.0,0.4183336394447324,0.6342015484811914,1.0
2864601_0.437,2864601_0.437:u001,1,stable_or_near_floor,240,1.5038981437683105,1.052844524383545,1.384427547454834,2.7353706359863303,5.109392642974854,6.282045364379883,0.9213541666666667,96.0,96.0,96.0,0.4183336394447324,0.6342015484811914,1.0
2864601_0.437,2864601_0.437:u001,1,unstable,760,1.9900037050247192,1.3091835975646973,1.8043776750564575,3.5654865503311175,6.441319508552558,12.729996681213379,0.9571546052631579,96.0,96.0,96.0,0.4183336394447324,0.6342015484811914,1.0
2864601_0.437,2864601_0.437:u002,2,overall,1000,0.8597055077552795,0.7704238891601562,0.800632655620575,1.7581324219703691,3.2317620062827883,9.481535911560059,0.792125,96.0,81.0,96.0,0.03823037576804427,0.20053968462621174,9.0
2864601_0.437,2864601_0.437:u002,2,stable_or_near_floor,240,0.9277713298797607,0.6831631660461426,0.9384239912033081,1.7508882761001587,2.941084384918213,5.0457963943481445,0.8273871527777777,96.0,88.5,96.0,0.03823037576804427,0.20053968462621174,9.0
2864601_0.437,2864601_0.437:u002,2,unstable,760,0.8382108807563782,0.7947849035263062,0.752683162689209,1.761734163761139,3.330212488174443,9.481535911560059,0.7809895833333333,96.0,78.0,96.0,0.03823037576804427,0.20053968462621174,9.0
2864601_0.437,2864601_0.437:u003,3,overall,1000,0.19609755277633667,0.5480582118034363,0.0,0.8946899473667156,2.5979666280746376,3.0557258129119873,0.16395833333333334,0.0,96.0,96.0,0.1588110346283065,0.22818662073150656,3.0
2864601_0.437,2864601_0.437:u003,3,stable_or_near_floor,240,0.36017149686813354,0.7200849652290344,0.0,1.5561579465866089,2.8124910998344426,2.9735469818115234,0.28072916666666664,0.0,96.0,96.0,0.1588110346283065,0.22818662073150656,3.0
2864601_0.437,2864601_0.437:u003,3,unstable,760,0.14428472518920898,0.4693518579006195,0.0,0.3529863953590393,2.4311141967773438,3.0557258129119873,0.12708333333333333,0.0,96.0,96.0,0.1588110346283065,0.22818662073150656,3.0
2864601_0.437,2864601_0.437:u005,5,overall,1000,1.0004174709320068,0.6622592210769653,0.9367406368255615,1.7745666146278385,3.274732975959771,10.397564888000488,0.9547291666666666,96.0,88.0,96.0,0.06225084297555441,0.13731126465855456,7.0
2864601_0.437,2864601_0.437:u005,5,stable_or_near_floor,240,0.901047945022583,0.4869098961353302,0.902011513710022,1.4868024706840517,2.185696141719818,3.207590341567993,0.9619357638888889,96.0,92.0,96.0,0.06225084297555441,0.13731126465855456,7.0
2864601_0.437,2864601_0.437:u005,5,unstable,760,1.0317972898483276,0.70577472448349,0.9502992331981659,1.8712110161781312,3.482332944869995,10.397564888000488,0.952453399122807,96.0,86.5,96.0,0.06225084297555441,0.13731126465855456,7.0
2864601_0.437,2864601_0.437:u006,6,overall,1000,0.27399924397468567,0.48194217681884766,0.0,1.1229703426361084,1.7568695545196533,3.313223361968994,0.3606666666666667,18.0,73.5,96.0,0.08764937953968183,0.21356941490950665,5.0
2864601_0.437,2864601_0.437:u006,6,stable_or_near_floor,240,0.42586761713027954,0.5733129978179932,0.0,1.3899127721786502,1.819790005683899,2.674417018890381,0.48333333333333334,45.0,82.0,96.0,0.08764937953968183,0.21356941490950665,5.0
2864601_0.437,2864601_0.437:u006,6,unstable,760,0.2260408103466034,0.4384479522705078,0.0,0.9556976020336156,1.7055240321159366,3.313223361968994,0.3219298245614035,12.0,70.0,96.0,0.08764937953968183,0.21356941490950665,5.0
2864601_0.437,2864601_0.437:u007,7,overall,1000,1.2697478532791138,0.5872644782066345,1.2483962178230286,1.9171485543251041,3.1105728149414062,7.521586894989014,0.9902916666666667,96.0,96.0,96.0,0.06931178158070543,0.22842880045538666,6.0
2864601_0.437,2864601_0.437:u007,7,stable_or_near_floor,240,1.3357897996902466,0.5099588632583618,1.3223899602890015,1.9283361196517947,2.919859271049507,4.696394443511963,0.9950086805555556,96.0,96.0,96.0,0.06931178158070543,0.22842880045538666,6.0
2864601_0.437,2864601_0.437:u007,7,unstable,760,1.2488924264907837,0.6081555485725403,1.2226181626319885,1.911406183242798,3.1654441809654235,7.521586894989014,0.9888020833333333,96.0,96.0,96.0,0.06931178158070543,0.22842880045538666,6.0
2864601_0.437,2864601_0.437:u008,8,overall,1000,0.8315175771713257,0.7124746441841125,0.7417122721672058,1.8500006198883057,2.5550029182434044,6.0819525718688965,0.80909375,96.0,74.0,96.0,0.17009012714697747,0.2731404224406655,2.0
2864601_0.437,2864601_0.437:u008,8,stable_or_near_floor,240,1.0036563873291016,0.731664776802063,0.9374672174453735,1.9763343095779424,2.583808422088623,4.12349271774292,0.8625,96.0,93.5,96.0,0.17009012714697747,0.2731404224406655,2.0
2864601_0.437,2864601_0.437:u008,8,unstable,760,0.7771579027175903,0.6975358724594116,0.6798060536384583,1.779022455215454,2.5216548967361456,6.0819525718688965,0.7922286184210526,96.0,69.0,96.0,0.17009012714697747,0.2731404224406655,2.0
2864601_0.437,2864601_0.437:u009,9,overall,1000,0.038388751447200775,0.22038866579532623,0.0,0.0,1.5044483292102673,2.364319086074829,0.04411458333333333,0.0,96.0,96.0,0.045418803659267724,0.12098390994491447,8.0
2864601_0.437,2864601_0.437:u009,9,stable_or_near_floor,240,0.06638166308403015,0.2861122190952301,0.0,0.0,1.6948728954792043,2.010850191116333,0.07495659722222223,0.0,96.0,96.0,0.045418803659267724,0.12098390994491447,8.0
2864601_0.437,2864601_0.437:u009,9,unstable,760,0.0295488853007555,0.1942504495382309,0.0,0.0,1.2474873399734592,2.364319086074829,0.034375,0.0,96.0,96.0,0.045418803659267724,0.12098390994491447,8.0
2864601_0.371,2864601_0.371:u000,0,overall,1000,2.0544443130493164,2.03167462348938,1.5554875135421753,4.862639999389649,8.52174474716184,16.40224838256836,0.8302083333333333,96.0,63.0,96.0,0.0672590512126917,0.2128607497698886,5.0
2864601_0.371,2864601_0.371:u000,0,stable_or_near_floor,240,1.7981655597686768,1.9262901544570923,1.262147307395935,4.511704969406128,8.088006019592285,11.580038070678711,0.777734375,96.0,66.0,96.0,0.0672590512126917,0.2128607497698886,5.0
2864601_0.371,2864601_0.371:u000,0,unstable,760,2.1353743076324463,2.0572140216827393,1.656704604625702,4.978837585449224,8.694142570495606,16.40224838256836,0.8467790570175439,96.0,63.0,96.0,0.0672590512126917,0.2128607497698886,5.0
2864601_0.371,2864601_0.371:u001,1,overall,1000,0.010857115499675274,0.08230241388082504,0.0,0.0,0.40702053904533386,2.349059581756592,0.03078125,0.0,96.0,96.0,0.002805995032307692,0.009496765225128937,18.0
2864601_0.371,2864601_0.371:u001,1,stable_or_near_floor,240,0.008169523440301418,0.06041109189391136,0.0,0.0,0.3083924904465688,1.3116183280944824,0.030772569444444446,0.0,96.0,96.0,0.002805995032307692,0.009496765225128937,18.0
2864601_0.371,2864601_0.371:u001,1,unstable,760,0.011705828830599785,0.08807537704706192,0.0,0.0,0.43016868829727173,2.349059581756592,0.030783991228070174,0.0,96.0,96.0,0.002805995032307692,0.009496765225128937,18.0
2864601_0.371,2864601_0.371:u002,2,overall,1000,0.08800144493579865,0.3671201765537262,0.0,0.0,2.058030052185052,4.706269264221191,0.08470833333333333,0.0,96.0,96.0,0.009625096934847534,0.0471902190253087,16.0
2864601_0.371,2864601_0.371:u002,2,stable_or_near_floor,240,0.11286519467830658,0.4067065119743347,0.0,0.061669337004429614,2.0780930519104004,4.706269264221191,0.10286458333333333,0.0,96.0,96.0,0.009625096934847534,0.0471902190253087,16.0
2864601_0.371,2864601_0.371:u002,2,unstable,760,0.08014973998069763,0.3533366620540619,0.0,0.0,2.055548906326294,3.8095147609710693,0.07897478070175439,0.0,96.0,96.0,0.009625096934847534,0.0471902190253087,16.0
2864601_0.371,2864601_0.371:u003,3,overall,1000,0.48615217208862305,1.0697537660598755,0.0,2.0253567695617676,4.362523555755615,17.591428756713867,0.3017916666666667,12.0,50.0,96.0,0.03553861061972566,0.07511909106589854,7.0
2864601_0.371,2864601_0.371:u003,3,stable_or_near_floor,240,0.6683234572410583,1.0721285343170166,0.0,2.2907891273498535,3.124144988059999,14.858195304870605,0.42096354166666666,29.0,72.0,96.0,0.03553861061972566,0.07511909106589854,7.0
2864601_0.371,2864601_0.371:u003,3,unstable,760,0.42862433195114136,1.0625334978103638,0.0,1.765873908996582,4.624245648384096,17.591428756713867,0.26415844298245617,10.0,43.0,96.0,0.03553861061972566,0.07511909106589854,7.0
2864601_0.371,2864601_0.371:u004,4,overall,1000,0.562665581703186,1.7271897792816162,0.0,2.1845429897308404,8.943496704101562,10.888999938964844,0.14247916666666666,0.0,96.0,96.0,0.19944169771671294,0.28279175221575353,2.0
2864601_0.371,2864601_0.371:u004,4,stable_or_near_floor,240,1.0264397859573364,2.2583343982696533,0.0,4.5163536548614545,9.574388408660893,10.888999938964844,0.25026041666666665,0.0,96.0,96.0,0.19944169771671294,0.28279175221575353,2.0
2864601_0.371,2864601_0.371:u004,4,unstable,760,0.41621068120002747,1.4917514324188232,0.0,0.3263043642044107,7.972810049057011,10.326804161071777,0.10844298245614035,0.0,96.0,96.0,0.19944169771671294,0.28279175221575353,2.0
2864601_0.371,2864601_0.371:u005,5,overall,1000,0.42989078164100647,1.0319254398345947,0.0,1.6811267852783218,4.810711584091184,13.5494384765625,0.2648229166666667,8.0,46.5,96.0,0.021583470540121198,0.06728271432610967,9.0
2864601_0.371,2864601_0.371:u005,5,stable_or_near_floor,240,0.381367951631546,1.039966106414795,0.0,1.47736452817917,5.167079067230228,10.005890846252441,0.22651909722222222,2.0,71.5,96.0,0.021583470540121198,0.06728271432610967,9.0
2864601_0.371,2864601_0.371:u005,5,unstable,760,0.44521376490592957,1.0288978815078735,0.0,1.7360656738281264,4.726311683654785,13.5494384765625,0.27691885964912283,10.0,41.0,96.0,0.021583470540121198,0.06728271432610967,9.0
2864601_0.371,2864601_0.371:u008,8,overall,1000,0.010663856752216816,0.14417944848537445,0.0,0.0,0.15346519142388307,9.464521408081055,0.012197916666666666,0.0,96.0,96.0,0.0019013052890077234,0.009093161046024836,20.0
2864601_0.371,2864601_0.371:u008,8,stable_or_near_floor,240,0.009985649958252907,0.1289365291595459,0.0,0.0,0.04698755212128464,3.4873275756835938,0.010199652777777778,0.0,96.0,96.0,0.0019013052890077234,0.009093161046024836,20.0
2864601_0.371,2864601_0.371:u008,8,unstable,760,0.01087802555412054,0.14866802096366882,0.0,0.0,0.17912866175174713,9.464521408081055,0.012828947368421053,0.0,96.0,96.0,0.0019013052890077234,0.009093161046024836,20.0
2864601_0.371,2864601_0.371:u009,9,overall,1000,0.1883506029844284,0.858526349067688,0.0,0.1291528195142746,4.962645549774111,11.357818603515625,0.111125,0.0,96.0,96.0,0.010524399033398368,0.09313016103977927,15.0
2864601_0.371,2864601_0.371:u009,9,stable_or_near_floor,240,0.14353226125240326,0.7738956809043884,0.0,0.0,4.087503433227539,11.357818603515625,0.0890625,0.0,96.0,96.0,0.010524399033398368,0.09313016103977927,15.0
2864601_0.371,2864601_0.371:u009,9,unstable,760,0.2025037556886673,0.8830969333648682,0.0,0.2100791037082672,5.139411458969127,11.173789978027344,0.1180921052631579,0.0,96.0,96.0,0.010524399033398368,0.09313016103977927,15.0
2864601_0.371,2864601_0.371:u010,10,overall,1000,0.09237643331289291,0.577979326248169,0.0,0.0,3.981003463268252,5.7648186683654785,0.03540625,0.0,96.0,96.0,0.01110164277011063,0.06987126916349211,12.0
2864601_0.371,2864601_0.371:u010,10,stable_or_near_floor,240,0.1905374377965927,0.8073393702507019,0.0,0.0,4.560113825798036,5.7648186683654785,0.06931423611111111,0.0,96.0,96.0,0.01110164277011063,0.06987126916349211,12.0
2864601_0.371,2864601_0.371:u010,10,unstable,760,0.06137821078300476,0.47928956151008606,0.0,0.0,2.9557725715637346,5.761966228485107,0.024698464912280702,0.0,96.0,96.0,0.01110164277011063,0.06987126916349211,12.0
2864601_0.371,2864601_0.371:u011,11,overall,1000,0.5901300311088562,1.073988676071167,0.0,1.8815755486488368,4.8932085037231445,10.736674308776855,0.44371875,41.5,44.0,96.0,0.023866607431089506,0.0802420855519502,8.0
2864601_0.371,2864601_0.371:u011,11,stable_or_near_floor,240,0.5483528971672058,0.9828056693077087,0.0,1.637117862701416,4.825117239952087,6.454334735870361,0.4419704861111111,38.0,50.0,96.0,0.023866607431089506,0.0802420855519502,8.0
2864601_0.371,2864601_0.371:u011,11,unstable,760,0.6033228039741516,1.1008864641189575,0.0,1.9530785083770752,4.928922147750872,10.736674308776855,0.44427083333333334,42.0,42.0,96.0,0.023866607431089506,0.0802420855519502,8.0
2864601_0.371,2864601_0.371:u012,12,overall,1000,0.03053288720548153,0.2579183578491211,0.0,0.0,1.1682092714309629,7.41379451751709,0.02603125,0.0,96.0,96.0,0.0022850598917575553,0.014839412330792475,19.0
2864601_0.371,2864601_0.371:u012,12,stable_or_near_floor,240,0.045515935868024826,0.3408699333667755,0.0,0.0,1.572862244844438,7.41379451751709,0.03537326388888889,0.0,96.0,96.0,0.0022850598917575553,0.014839412330792475,19.0
2864601_0.371,2864601_0.371:u012,12,unstable,760,0.0258014015853405,0.22526247799396515,0.0,0.0,1.0060760974884033,6.5039286613464355,0.023081140350877192,0.0,96.0,96.0,0.0022850598917575553,0.014839412330792475,19.0
2864601_0.371,2864601_0.371:u013,13,overall,1000,0.12225043773651123,0.7366297841072083,0.0,0.0,3.5478241443634033,19.091930389404297,0.059208333333333335,0.0,96.0,96.0,0.010788032092503272,0.11146388943825679,14.0
2864601_0.371,2864601_0.371:u013,13,stable_or_near_floor,240,0.05502096936106682,0.35382333397865295,0.0,0.0,2.1011271476745605,6.111151218414307,0.03967013888888889,0.0,96.0,96.0,0.010788032092503272,0.11146388943825679,14.0
2864601_0.371,2864601_0.371:u013,13,unstable,760,0.1434808075428009,0.8201013207435608,0.0,0.0,4.1343793869018555,19.091930389404297,0.06537828947368421,0.0,96.0,96.0,0.010788032092503272,0.11146388943825679,14.0
2864601_0.371,2864601_0.371:u014,14,overall,1000,0.20360101759433746,0.6685201525688171,0.0,0.48178683817386775,3.2386985421180694,7.587844371795654,0.11661458333333333,0.0,96.0,96.0,0.04249473448377103,0.06256161599971981,6.0
2864601_0.371,2864601_0.371:u014,14,stable_or_near_floor,240,0.2887485921382904,0.7697098255157471,0.0,1.3389677286148076,3.4490246772766113,4.286906719207764,0.17026909722222222,0.0,96.0,96.0,0.04249473448377103,0.06256161599971981,6.0
2864601_0.371,2864601_0.371:u014,14,unstable,760,0.1767122745513916,0.630831778049469,0.0,0.0,3.1368560791015625,7.587844371795654,0.09967105263157895,0.0,96.0,96.0,0.04249473448377103,0.06256161599971981,6.0
2864601_0.371,2864601_0.371:u015,15,overall,1000,3.143476963043213,2.795666456222534,2.497523784637451,6.892636489868165,11.935784063339222,23.688535690307617,0.9246666666666666,96.0,95.0,96.0,0.09937077105406206,0.34580143006219816,4.0
2864601_0.371,2864601_0.371:u015,15,stable_or_near_floor,240,3.7085161209106445,2.9089550971984863,3.077950119972229,8.003131484985357,11.876648569107056,14.729527473449707,0.9579861111111111,96.0,96.0,96.0,0.09937077105406206,0.34580143006219816,4.0
2864601_0.371,2864601_0.371:u015,15,unstable,760,2.965043067932129,2.7347772121429443,2.321171760559082,6.254134178161621,11.966906547546387,23.688535690307617,0.9141447368421053,96.0,93.0,96.0,0.09937077105406206,0.34580143006219816,4.0
2864601_0.371,2864601_0.371:u016,16,overall,1000,0.0611167848110199,0.41548582911491394,0.0,0.0,2.0314223766326904,8.303481101989746,0.039760416666666666,0.0,96.0,96.0,0.00615463945560623,0.04241186719462403,17.0
2864601_0.371,2864601_0.371:u016,16,stable_or_near_floor,240,0.03420810028910637,0.3059321939945221,0.0,0.0,1.1001931214332663,7.502740383148193,0.02443576388888889,0.0,96.0,96.0,0.00615463945560623,0.04241186719462403,17.0
2864601_0.371,2864601_0.371:u016,16,unstable,760,0.06961426138877869,0.4441685676574707,0.0,0.0,2.193415455818186,8.303481101989746,0.04459978070175439,0.0,96.0,96.0,0.00615463945560623,0.04241186719462403,17.0
2864601_0.371,2864601_0.371:u017,17,overall,1000,3.1429970264434814,2.759829521179199,2.6833858489990234,6.731513500213623,11.496605796813931,24.621646881103516,0.87075,96.0,96.0,96.0,0.4628562823567772,0.6365244671852992,1.0
2864601_0.371,2864601_0.371:u017,17,stable_or_near_floor,240,2.315840005874634,2.251220941543579,1.8463202118873596,5.22865047454834,10.15486981391907,11.585325241088867,0.8019965277777777,96.0,96.0,96.0,0.4628562823567772,0.6365244671852992,1.0
2864601_0.371,2864601_0.371:u017,17,unstable,760,3.4042046070098877,2.8525795936584473,2.9344398975372314,7.039513540267947,12.090536117553711,24.621646881103516,0.8924616228070176,96.0,96.0,96.0,0.4628562823567772,0.6365244671852992,1.0
2864601_0.371,2864601_0.371:u018,18,overall,1000,0.4460926055908203,1.020514726638794,0.0,1.5731526613235474,4.754185242652886,13.233746528625488,0.31535416666666666,26.0,33.0,96.0,0.012307873335201292,0.05134478746302731,11.0
2864601_0.371,2864601_0.371:u018,18,stable_or_near_floor,240,0.41982346773147583,0.9211148023605347,0.0,1.3853730082511904,4.517096447944645,8.170755386352539,0.3391927083333333,23.0,35.5,96.0,0.012307873335201292,0.05134478746302731,11.0
2864601_0.371,2864601_0.371:u018,18,unstable,760,0.4543881118297577,1.0498143434524536,0.0,1.6359071016311721,4.86233377456665,13.233746528625488,0.3078262061403509,26.5,33.0,96.0,0.012307873335201292,0.05134478746302731,11.0
2864601_0.371,2864601_0.371:u019,19,overall,1000,0.9759125113487244,1.6726816892623901,0.0,3.7067739486694338,6.921143879890439,8.04776668548584,0.4251770833333333,24.0,96.0,96.0,0.1407468033817131,0.16310346032362213,3.0
2864601_0.371,2864601_0.371:u019,19,stable_or_near_floor,240,1.5170135498046875,1.9988707304000854,0.5080890357494354,4.727004575729371,7.286206789016729,8.04776668548584,0.5732638888888889,79.5,96.0,96.0,0.1407468033817131,0.16310346032362213,3.0
2864601_0.371,2864601_0.371:u019,19,unstable,760,0.8050385117530823,1.5159190893173218,0.0,3.0521822452545178,6.468579292297363,7.738170623779297,0.37841282894736844,12.0,96.0,96.0,0.1407468033817131,0.16310346032362213,3.0
2864601_0.371,2864601_0.371:u020,20,overall,1000,0.5124319791793823,0.9856837391853333,0.0,1.9626973748207124,4.112473964691162,16.63348388671875,0.3403125,21.5,36.0,96.0,0.021510740135796368,0.11900625449192404,10.0
2864601_0.371,2864601_0.371:u020,20,stable_or_near_floor,240,0.5127816796302795,0.980528712272644,0.0,1.9325103759765625,4.112677865028382,9.060416221618652,0.349609375,17.5,41.0,96.0,0.021510740135796368,0.11900625449192404,10.0
2864601_0.371,2864601_0.371:u020,20,unstable,760,0.5123215317726135,0.9873061180114746,0.0,1.9735256195068374,4.108522415161133,16.63348388671875,0.3373766447368421,22.0,35.0,96.0,0.021510740135796368,0.11900625449192404,10.0
2864601_0.371,2864601_0.371:u021,21,overall,1000,0.27540501952171326,0.7365453839302063,0.0,1.0168042302131661,3.5561197900771924,10.610289573669434,0.23927083333333332,21.0,20.0,96.0,0.010809966596774757,0.039064764776326796,13.0
2864601_0.371,2864601_0.371:u021,21,stable_or_near_floor,240,0.22981105744838715,0.627733051776886,0.0,0.8566452860832214,2.993675947189331,6.663157939910889,0.21770833333333334,16.5,20.0,96.0,0.010809966596774757,0.039064764776326796,13.0
2864601_0.371,2864601_0.371:u021,21,unstable,760,0.289803147315979,0.7671469449996948,0.0,1.06571000814438,3.7430674147606,10.610289573669434,0.24608004385964913,22.0,20.0,96.0,0.010809966596774757,0.039064764776326796,13.0
