member_id,unit_id,motif_status,claimed_concept,best_observed_concept,lag,lag_correlation,lag_correlation_ci95_lower,lag_correlation_ci95_upper,bootstrap_recurrence,bootstrap_unit,natural_exemplar_count,independent_exemplar_equilibria,formal_receptive_field_span,receptive_field_left,receptive_field_right,unique_periodic_positions,shift_consistency_max_abs,natural_only,synthetic_optimization_used,validity_tag
2864601_0.437,2864601_0.437:u000,supported_named_motif,bad_curvature_compression_p1_Bm1__mean_w25,bad_curvature_compression_p1_Bm1__mean_w25,18,-0.39688489592352527,-0.423295619948851,-0.3725840104304078,0.95,equilibrium_files,16,16,180,-70,109,96,2.86102294921875e-06,True,False,observed-comparison
2864601_0.437,2864601_0.437:u001,supported_named_motif,f_Q_integrand_p3_Bm1__mean_w25,f_Q_integrand_p3_Bm1__mean_w25,23,-0.3694081202042421,-0.39576158058763544,-0.3435321185976277,0.994,equilibrium_files,16,16,180,-70,109,96,2.86102294921875e-06,True,False,observed-comparison
2864601_0.437,2864601_0.437:u002,unresolved_named_concept,none,radial_drift_geodesic_curvature__mean_w25,-31,-0.18153234840452398,-0.19969263854166677,-0.1633934190391747,0.986,equilibrium_files,16,16,180,-70,109,96,2.86102294921875e-06,True,False,observed-comparison
2864601_0.437,2864601_0.437:u003,unresolved_named_concept,none,radial_drift_geodesic_curvature__mean_w25,-28,0.10782263699124664,0.09255336702750946,0.12506623627853108,1.0,equilibrium_files,16,16,180,-70,109,96,2.86102294921875e-06,True,False,observed-comparison
2864601_0.437,2864601_0.437:u005,unresolved_named_concept,none,f_Q_integrand_p3_Bm1__mean_w9,39,-0.1926829197303246,-0.2084738552938076,-0.17697623422954675,0.998,equilibrium_files,16,16,180,-70,109,96,2.86102294921875e-06,True,False,observed-comparison
2864601_0.437,2864601_0.437:u006,unresolved_named_concept,none,radial_drift_geodesic_curvature__mean_w25,22,-0.19842827089252665,-0.21938013381044077,-0.1765153334361248,1.0,equilibrium_files,16,16,180,-70,109,96,2.86102294921875e-06,True,False,observed-comparison
2864601_0.437,2864601_0.437:u007,unresolved_named_concept,none,f_Q_integrand_p3_Bm1__mean_w25,-22,0.15602850827967163,0.13511298997465776,0.17410344969615768,0.982,equilibrium_files,16,16,180,-70,109,96,2.86102294921875e-06,True,False,observed-comparison
2864601_0.437,2864601_0.437:u008,supported_named_motif,radial_drift_geodesic_curvature__mean_w25,radial_drift_geodesic_curvature__mean_w25,-39,-0.3150370488547432,-0.336026847416048,-0.2921841619264197,0.988,equilibrium_files,16,16,180,-70,109,96,2.86102294921875e-06,True,False,observed-comparison
2864601_0.437,2864601_0.437:u009,unresolved_named_concept,none,radial_drift_geodesic_curvature__mean_w25,46,0.02529994752094807,0.016334653539013273,0.03481997060628295,0.948,equilibrium_files,16,16,180,-70,109,96,2.86102294921875e-06,True,False,observed-comparison
2864601_0.371,2864601_0.371:u000,supported_named_motif,bad_curvature_compression_p1_Bm1__mean_w25,bad_curvature_compression_p1_Bm1__mean_w25,-15,-0.38581751574630535,-0.41093967565818446,-0.3628907625803452,1.0,equilibrium_files,16,16,330,-135,194,96,1.0013580322265625e-05,True,False,observed-comparison
2864601_0.371,2864601_0.371:u001,unresolved_named_concept,none,bad_curvature_compression_p1_Bm1__mean_w25,30,0.03529272388418867,0.027408849100013784,0.0431791530928906,0.804,equilibrium_files,16,16,330,-135,194,96,1.0013580322265625e-05,True,False,observed-comparison
2864601_0.371,2864601_0.371:u002,unresolved_named_concept,none,radial_drift_geodesic_curvature__mean_w25,43,0.04137125793678169,0.03199538767039486,0.04999858426435467,1.0,equilibrium_files,16,16,330,-135,194,96,1.0013580322265625e-05,True,False,observed-comparison
2864601_0.371,2864601_0.371:u003,unresolved_named_concept,none,compression_abs_grad_x_p4__mean_w25,31,0.1282267745923577,0.11046419585457315,0.1453655883964378,0.44,equilibrium_files,16,16,330,-135,194,96,1.0013580322265625e-05,True,False,observed-comparison
2864601_0.371,2864601_0.371:u004,unresolved_named_concept,none,radial_drift_geodesic_curvature__mean_w25,5,0.07922940046323836,0.06544370323278628,0.09302607202480095,0.968,equilibrium_files,16,16,330,-135,194,96,1.0013580322265625e-05,True,False,observed-comparison
2864601_0.371,2864601_0.371:u005,unresolved_named_concept,none,radial_drift_geodesic_curvature__mean_w25,-16,0.13771101174175687,0.12302363467762183,0.1540961567514384,0.87,equilibrium_files,16,16,330,-135,194,96,1.0013580322265625e-05,True,False,observed-comparison
2864601_0.371,2864601_0.371:u008,unresolved_named_concept,none,radial_drift_geodesic_curvature__mean_w9,3,-0.013414312427161526,-0.019450407931663544,-0.007863705860732201,0.422,equilibrium_files,16,16,330,-135,194,96,1.0013580322265625e-05,True,False,observed-comparison
2864601_0.371,2864601_0.371:u009,unresolved_named_concept,none,bad_curvature_compression_p2_Bm1__mean_w25,-13,0.157937936503872,0.14078141586757054,0.17457082378284175,0.942,equilibrium_files,16,16,330,-135,194,96,1.0013580322265625e-05,True,False,observed-comparison
2864601_0.371,2864601_0.371:u010,unresolved_named_concept,none,abs_radial_drift_geodesic_curvature__mean_w25,-34,0.02134520082356497,0.014895475899703938,0.028748653230821184,0.822,equilibrium_files,16,16,330,-135,194,96,1.0013580322265625e-05,True,False,observed-comparison
2864601_0.371,2864601_0.371:u011,supported_named_motif,bad_curvature_compression_p1_Bm1__mean_w25,bad_curvature_compression_p1_Bm1__mean_w25,-1,0.25706898509819737,0.2370598608304662,0.27570854424763075,0.994,equilibrium_files,16,16,330,-135,194,96,1.0013580322265625e-05,True,False,observed-comparison
2864601_0.371,2864601_0.371:u012,unresolved_named_concept,none,bad_curvature_compression_p1_Bm1__mean_w25,25,0.039284451870894105,0.031049193962128362,0.0486892086998513,0.904,equilibrium_files,16,16,330,-135,194,96,1.0013580322265625e-05,True,False,observed-comparison
2864601_0.371,2864601_0.371:u013,unresolved_named_concept,none,bad_curvature_compression_p3_Bm1__mean_w25,7,0.10637765939204535,0.09045734270153719,0.12242411212154591,0.412,equilibrium_files,16,16,330,-135,194,96,1.0013580322265625e-05,True,False,observed-comparison
2864601_0.371,2864601_0.371:u014,unresolved_named_concept,none,radial_drift_geodesic_curvature__mean_w25,-16,-0.07001627765708808,-0.08460725208414252,-0.056055200294234324,0.994,equilibrium_files,16,16,330,-135,194,96,1.0013580322265625e-05,True,False,observed-comparison
2864601_0.371,2864601_0.371:u015,unresolved_named_concept,none,f_Q_integrand_p3_Bm1__mean_w9,9,-0.08627480592760685,-0.10352886851815793,-0.07114272117251542,0.524,equilibrium_files,16,16,330,-135,194,96,1.0013580322265625e-05,True,False,observed-comparison
2864601_0.371,2864601_0.371:u016,unresolved_named_concept,none,radial_drift_geodesic_curvature__mean_w25,19,0.057299622660704354,0.04523663075927175,0.06750922236618041,0.636,equilibrium_files,16,16,330,-135,194,96,1.0013580322265625e-05,True,False,observed-comparison
2864601_0.371,2864601_0.371:u017,unresolved_named_concept,none,radial_drift_geodesic_curvature__mean_w25,45,0.19155090566984748,0.17644079636318377,0.2068764170523308,1.0,equilibrium_files,16,16,330,-135,194,96,1.0013580322265625e-05,True,False,observed-comparison
2864601_0.371,2864601_0.371:u018,supported_named_motif,f_Q_integrand_p3_Bm1__mean_w25,f_Q_integrand_p3_Bm1__mean_w25,11,0.2662686727176458,0.2472912973009131,0.2873274207323608,1.0,equilibrium_files,16,16,330,-135,194,96,1.0013580322265625e-05,True,False,observed-comparison
2864601_0.371,2864601_0.371:u019,unresolved_named_concept,none,f_Q_integrand_p3_Bm1__mean_w25,-39,-0.1378474317311741,-0.15408955778615546,-0.1199086038837427,0.842,equilibrium_files,16,16,330,-135,194,96,1.0013580322265625e-05,True,False,observed-comparison
2864601_0.371,2864601_0.371:u020,unresolved_named_concept,none,abs_radial_drift_geodesic_curvature__mean_w25,14,-0.09794407483313199,-0.1147101149524368,-0.08034598761709012,0.858,equilibrium_files,16,16,330,-135,194,96,1.0013580322265625e-05,True,False,observed-comparison
2864601_0.371,2864601_0.371:u021,unresolved_named_concept,none,f_Q_integrand_p3_Bm1__mean_w25,11,-0.1456155611351301,-0.16190463798883964,-0.12866260382630018,0.848,equilibrium_files,16,16,330,-135,194,96,1.0013580322265625e-05,True,False,observed-comparison
