target_kind,target_id,concept_set,feature_count,registered_interaction_count,held_out_r2,held_out_r2_ci95_lower,held_out_r2_ci95_upper,gain_over_baseline_trio,gain_ci95_lower,gain_ci95_upper,bootstrap_replicates,bootstrap_unit,split_unit,model,model_version,estimand,validity_tag
member_output,2864601_0.437,drives_only,2,0,0.6060248349783237,0.5666873539037478,0.6432344263167671,-0.17535815315599868,-0.20534547696468572,-0.14491671477640225,2000,equilibrium_files,equilibrium_files,ExplainableBoostingRegressor,interpret-core==0.7.8,"native max(log Q, -2)",observed-comparison
member_output,2864601_0.437,baseline_trio,3,0,0.7813829881343224,0.7605145735192591,0.801065426741447,0.0,0.0,0.0,2000,equilibrium_files,equilibrium_files,ExplainableBoostingRegressor,interpret-core==0.7.8,"native max(log Q, -2)",observed-comparison
member_output,2864601_0.437,paper_five,5,0,0.8019637390733814,0.7810384584213705,0.8211023200797439,0.020580750939058978,0.01366849604792437,0.027629024986199315,2000,equilibrium_files,equilibrium_files,ExplainableBoostingRegressor,interpret-core==0.7.8,"native max(log Q, -2)",observed-comparison
member_output,2864601_0.437,all_17_main_effects,17,0,0.8045705205178704,0.7834210497352282,0.8233488544329948,0.023187532383547982,0.014597474769237692,0.031961544254524576,2000,equilibrium_files,equilibrium_files,ExplainableBoostingRegressor,interpret-core==0.7.8,"native max(log Q, -2)",observed-comparison
member_output,2864601_0.437,all_17_registered_interactions,17,5,0.8603164016682042,0.844711513727106,0.8745226883733712,0.07893341353388184,0.06588422505831505,0.09360778471353873,2000,equilibrium_files,equilibrium_files,ExplainableBoostingRegressor,interpret-core==0.7.8,"native max(log Q, -2)",observed-comparison
member_output,2864601_0.437,baseline_trio_aLT_logfQ_interaction,3,1,0.8116346669820639,0.7897198079899588,0.8314021272153084,0.030251678847741492,0.023029818978458367,0.037556767323811455,2000,equilibrium_files,equilibrium_files,ExplainableBoostingRegressor,interpret-core==0.7.8,"native max(log Q, -2)",observed-comparison
member_output,2864601_0.371,drives_only,2,0,0.5998320080895534,0.5577470696875081,0.639442684594168,-0.1800179307105425,-0.21068653305757207,-0.14955812200174107,2000,equilibrium_files,equilibrium_files,ExplainableBoostingRegressor,interpret-core==0.7.8,"native max(log Q, -2)",observed-comparison
member_output,2864601_0.371,baseline_trio,3,0,0.7798499388000959,0.7569433773684638,0.8001830036098071,0.0,0.0,0.0,2000,equilibrium_files,equilibrium_files,ExplainableBoostingRegressor,interpret-core==0.7.8,"native max(log Q, -2)",observed-comparison
member_output,2864601_0.371,paper_five,5,0,0.7944045381733716,0.7704259975957316,0.815367474315829,0.014554599373275745,0.007723221315326201,0.021882728155441518,2000,equilibrium_files,equilibrium_files,ExplainableBoostingRegressor,interpret-core==0.7.8,"native max(log Q, -2)",observed-comparison
member_output,2864601_0.371,all_17_main_effects,17,0,0.7999208517858546,0.7774735397636653,0.8204708231577478,0.020070912985758693,0.011661713773132474,0.028032067916285878,2000,equilibrium_files,equilibrium_files,ExplainableBoostingRegressor,interpret-core==0.7.8,"native max(log Q, -2)",observed-comparison
member_output,2864601_0.371,all_17_registered_interactions,17,5,0.8560790733151917,0.8395981218397228,0.8709188663873332,0.07622913451509583,0.061907234360410485,0.09153194485589966,2000,equilibrium_files,equilibrium_files,ExplainableBoostingRegressor,interpret-core==0.7.8,"native max(log Q, -2)",observed-comparison
member_output,2864601_0.371,baseline_trio_aLT_logfQ_interaction,3,1,0.8090869939747405,0.7874753589410624,0.8304433857349068,0.02923705517464459,0.022388902488493807,0.036572195607571724,2000,equilibrium_files,equilibrium_files,ExplainableBoostingRegressor,interpret-core==0.7.8,"native max(log Q, -2)",observed-comparison
member_output,2864601_0.409,drives_only,2,0,0.612378626712956,0.5739445897229128,0.6483108777537837,-0.17162139838107637,-0.2042568123702181,-0.1417570393359586,2000,equilibrium_files,equilibrium_files,ExplainableBoostingRegressor,interpret-core==0.7.8,"native max(log Q, -2)",observed-comparison
member_output,2864601_0.409,baseline_trio,3,0,0.7840000250940323,0.7622157498733404,0.804479424717983,0.0,0.0,0.0,2000,equilibrium_files,equilibrium_files,ExplainableBoostingRegressor,interpret-core==0.7.8,"native max(log Q, -2)",observed-comparison
member_output,2864601_0.409,paper_five,5,0,0.8021931346752623,0.7816060939502213,0.8213617901195646,0.018193109581229994,0.01152100707629176,0.025004701644899284,2000,equilibrium_files,equilibrium_files,ExplainableBoostingRegressor,interpret-core==0.7.8,"native max(log Q, -2)",observed-comparison
member_output,2864601_0.409,all_17_main_effects,17,0,0.8068992753535185,0.7863378828640737,0.8253515826118794,0.022899250259486137,0.014302815569326716,0.0319403815146545,2000,equilibrium_files,equilibrium_files,ExplainableBoostingRegressor,interpret-core==0.7.8,"native max(log Q, -2)",observed-comparison
member_output,2864601_0.409,all_17_registered_interactions,17,5,0.8635806956843547,0.8480153598418999,0.87734839824339,0.07958067059032237,0.06575009294803968,0.094181464337438,2000,equilibrium_files,equilibrium_files,ExplainableBoostingRegressor,interpret-core==0.7.8,"native max(log Q, -2)",observed-comparison
member_output,2864601_0.409,baseline_trio_aLT_logfQ_interaction,3,1,0.8105627686058374,0.7888549717487583,0.8300917891237346,0.026562743511805098,0.019921774545224053,0.033406865073797434,2000,equilibrium_files,equilibrium_files,ExplainableBoostingRegressor,interpret-core==0.7.8,"native max(log Q, -2)",observed-comparison
ensemble_mean_output,stored_validation_top_member_mean,drives_only,2,0,0.6033978339419456,0.5638239106973877,0.6390877241608173,-0.18337080597219502,-0.21579534219518734,-0.1542405866242815,2000,equilibrium_files,equilibrium_files,ExplainableBoostingRegressor,interpret-core==0.7.8,"native max(log Q, -2)",observed-comparison
ensemble_mean_output,stored_validation_top_member_mean,baseline_trio,3,0,0.7867686399141406,0.7659741084669252,0.8054769388401926,0.0,0.0,0.0,2000,equilibrium_files,equilibrium_files,ExplainableBoostingRegressor,interpret-core==0.7.8,"native max(log Q, -2)",observed-comparison
ensemble_mean_output,stored_validation_top_member_mean,paper_five,5,0,0.805464033833429,0.7851669095260493,0.8243717670413528,0.018695393919288428,0.011800578425263927,0.025730279705836735,2000,equilibrium_files,equilibrium_files,ExplainableBoostingRegressor,interpret-core==0.7.8,"native max(log Q, -2)",observed-comparison
ensemble_mean_output,stored_validation_top_member_mean,all_17_main_effects,17,0,0.8065660694999017,0.7856424346447572,0.8256735925590138,0.01979742958576114,0.012167532158251212,0.028741084930722458,2000,equilibrium_files,equilibrium_files,ExplainableBoostingRegressor,interpret-core==0.7.8,"native max(log Q, -2)",observed-comparison
ensemble_mean_output,stored_validation_top_member_mean,all_17_registered_interactions,17,5,0.8631588309984835,0.8495167904866376,0.8769706586875469,0.07639019108434286,0.06364030860675532,0.09004338464905005,2000,equilibrium_files,equilibrium_files,ExplainableBoostingRegressor,interpret-core==0.7.8,"native max(log Q, -2)",observed-comparison
ensemble_mean_output,stored_validation_top_member_mean,baseline_trio_aLT_logfQ_interaction,3,1,0.8115190648670243,0.7889510456289722,0.8313117744910392,0.02475042495288371,0.017886279514147837,0.031934429693553174,2000,equilibrium_files,equilibrium_files,ExplainableBoostingRegressor,interpret-core==0.7.8,"native max(log Q, -2)",observed-comparison
true_clipped_log_Q,GX_true_target,drives_only,2,0,0.5839166113828869,0.5412034603830428,0.6222586577462487,-0.17998020427797956,-0.2132812880542943,-0.14819504496903377,2000,equilibrium_files,equilibrium_files,ExplainableBoostingRegressor,interpret-core==0.7.8,"native max(log Q, -2)",observed-comparison
true_clipped_log_Q,GX_true_target,baseline_trio,3,0,0.7638968156608664,0.7381356382424061,0.7871685731356811,0.0,0.0,0.0,2000,equilibrium_files,equilibrium_files,ExplainableBoostingRegressor,interpret-core==0.7.8,"native max(log Q, -2)",observed-comparison
true_clipped_log_Q,GX_true_target,paper_five,5,0,0.7783116732284419,0.7539798768832637,0.7998759425556592,0.014414857567575434,0.007596586483149978,0.021778446754938438,2000,equilibrium_files,equilibrium_files,ExplainableBoostingRegressor,interpret-core==0.7.8,"native max(log Q, -2)",observed-comparison
true_clipped_log_Q,GX_true_target,all_17_main_effects,17,0,0.7797930659365856,0.7553275251196432,0.8015462520956618,0.01589625027571917,0.006359033021789381,0.025579612617948576,2000,equilibrium_files,equilibrium_files,ExplainableBoostingRegressor,interpret-core==0.7.8,"native max(log Q, -2)",observed-comparison
true_clipped_log_Q,GX_true_target,all_17_registered_interactions,17,5,0.8391667615053762,0.8205872740096087,0.8549288372482129,0.07526994584450974,0.06222867397272022,0.08918427680939484,2000,equilibrium_files,equilibrium_files,ExplainableBoostingRegressor,interpret-core==0.7.8,"native max(log Q, -2)",observed-comparison
true_clipped_log_Q,GX_true_target,baseline_trio_aLT_logfQ_interaction,3,1,0.7906359782266998,0.7662687769830427,0.8142308742168824,0.02673916256583342,0.02044283813228781,0.033929146799732225,2000,equilibrium_files,equilibrium_files,ExplainableBoostingRegressor,interpret-core==0.7.8,"native max(log Q, -2)",observed-comparison
