function,method,stratum,statistic,estimate,ci_lower,ci_upper,replicates,resampling_unit,native_gap_estimate,native_gap_ci_lower,native_gap_ci_upper,oriented_native_gap_estimate,oriented_native_gap_ci_lower,oriented_native_gap_ci_upper,denominator_estimate,denominator_ci_lower,denominator_ci_upper,denominator_negative_fraction,denominator_abs_below_0_005_fraction
original_f,scaled_gradient,all,sample_mean_absolute_attribution,0.011296450101781375,0.00931463563014745,0.013475639392055427,500,equilibrium_files,,,,,,,,,,,
original_f,scaled_gradient,stable_or_near_floor,sample_mean_absolute_attribution,0.0022709102592092345,0.0011161167898204771,0.0037646201194024105,500,equilibrium_files,,,,,,,,,,,
original_f,scaled_gradient,unstable,sample_mean_absolute_attribution,0.014431637626043275,0.012084106629113911,0.017139717556266604,500,equilibrium_files,,,,,,,,,,,
original_f,ig_robust_constant,all,sample_mean_absolute_attribution,0.005829263803548201,0.005018921042722013,0.00661067713723753,500,equilibrium_files,,,,,,,,,,,
original_f,ig_robust_constant,stable_or_near_floor,sample_mean_absolute_attribution,0.001140474921681523,0.0005271959784901507,0.0018337370361967422,500,equilibrium_files,,,,,,,,,,,
original_f,ig_robust_constant,unstable,sample_mean_absolute_attribution,0.007458000994091363,0.00665332427992804,0.008215683972505902,500,equilibrium_files,,,,,,,,,,,
original_f,ig_matched_observed,all,sample_mean_absolute_attribution,0.008019481853921206,0.007072008666818874,0.008954726570490833,500,equilibrium_files,,,,,,,,,,,
original_f,ig_matched_observed,stable_or_near_floor,sample_mean_absolute_attribution,0.002814951190940161,0.0015731477936655705,0.004247393721776792,500,equilibrium_files,,,,,,,,,,,
original_f,ig_matched_observed,unstable,sample_mean_absolute_attribution,0.009827371452640938,0.008807593848905526,0.011021949786319103,500,equilibrium_files,,,,,,,,,,,
original_f,ig_medoid,all,sample_mean_absolute_attribution,0.006587346561161667,0.005696227427067413,0.007509752549410109,500,equilibrium_files,,,,,,,,,,,
original_f,ig_medoid,stable_or_near_floor,sample_mean_absolute_attribution,0.001254536519065203,0.00061369208569059,0.002014512489690925,500,equilibrium_files,,,,,,,,,,,
original_f,ig_medoid,unstable,sample_mean_absolute_attribution,0.008439796365258333,0.0075893934314004395,0.009320375251332542,500,equilibrium_files,,,,,,,,,,,
original_f,ig_low_pass,all,sample_mean_absolute_attribution,0.0014340646812556201,0.0010445820063578637,0.0017918135127812812,500,equilibrium_files,,,,,,,,,,,
original_f,ig_low_pass,stable_or_near_floor,sample_mean_absolute_attribution,0.0006978872703036883,0.0001632413671400586,0.001385414951761793,500,equilibrium_files,,,,,,,,,,,
original_f,ig_low_pass,unstable,sample_mean_absolute_attribution,0.001689789466112607,0.0012411942087227974,0.0021340970778922046,500,equilibrium_files,,,,,,,,,,,
original_f,expected_gradients,all,sample_mean_absolute_attribution,0.0067524162858489944,0.006047867447779254,0.007506655475347656,500,equilibrium_files,,,,,,,,,,,
original_f,expected_gradients,stable_or_near_floor,sample_mean_absolute_attribution,0.002023602362676298,0.0011667962599775901,0.0029119842591061374,500,equilibrium_files,,,,,,,,,,,
original_f,expected_gradients,unstable,sample_mean_absolute_attribution,0.008395056911793194,0.007660714265657589,0.00901838493061644,500,equilibrium_files,,,,,,,,,,,
original_f,vargrad,all,sample_mean_absolute_attribution,0.00016852830041196726,8.257613880219786e-05,0.00028948274495926965,500,equilibrium_files,,,,,,,,,,,
original_f,vargrad,stable_or_near_floor,sample_mean_absolute_attribution,2.0018168801759202e-05,4.7804638682117074e-06,4.266460809441217e-05,500,equilibrium_files,,,,,,,,,,,
original_f,vargrad,unstable,sample_mean_absolute_attribution,0.00022011603033972375,0.00010374210022836163,0.00038466492175189156,500,equilibrium_files,,,,,,,,,,,
original_f,cyclic_occlusion,all,sample_mean_absolute_attribution,0.007568111133650746,0.00658313178123251,0.008764091642589733,500,equilibrium_files,,,,,,,,,,,
original_f,cyclic_occlusion,stable_or_near_floor,sample_mean_absolute_attribution,0.002111148010678307,0.0011615627819330917,0.00332051243817797,500,equilibrium_files,,,,,,,,,,,
original_f,cyclic_occlusion,unstable,sample_mean_absolute_attribution,0.00946368779742012,0.008225711103112094,0.010682815929605185,500,equilibrium_files,,,,,,,,,,,
original_f,periodic_mask,all,sample_mean_absolute_attribution,0.1094893982517533,0.10787343020929256,0.11115094443957788,500,equilibrium_files,,,,,,,,,,,
original_f,periodic_mask,stable_or_near_floor,sample_mean_absolute_attribution,0.10364791796062932,0.10246032699378152,0.10510523604849975,500,equilibrium_files,,,,,,,,,,,
original_f,periodic_mask,unstable,sample_mean_absolute_attribution,0.1115185440370911,0.10941488780473409,0.11357065243940605,500,equilibrium_files,,,,,,,,,,,
original_f,tsr_scaled_gradient,all,sample_mean_absolute_attribution,0.01129644992397516,0.00911881975948745,0.013483754366927768,500,equilibrium_files,,,,,,,,,,,
original_f,tsr_scaled_gradient,stable_or_near_floor,sample_mean_absolute_attribution,0.002270910246862155,0.0011277774087141029,0.003819237583119307,500,equilibrium_files,,,,,,,,,,,
original_f,tsr_scaled_gradient,unstable,sample_mean_absolute_attribution,0.014431637390761783,0.012240021230934777,0.017021171830496507,500,equilibrium_files,,,,,,,,,,,
original_f,tsr_ig_robust_constant,all,sample_mean_absolute_attribution,0.005829263708278631,0.0050233138501781125,0.006583462037710319,500,equilibrium_files,,,,,,,,,,,
original_f,tsr_ig_robust_constant,stable_or_near_floor,sample_mean_absolute_attribution,0.0011404749119802464,0.0005652643294745234,0.0018121967304812801,500,equilibrium_files,,,,,,,,,,,
original_f,tsr_ig_robust_constant,unstable,sample_mean_absolute_attribution,0.007458000869098071,0.006701442179129165,0.008345955452011701,500,equilibrium_files,,,,,,,,,,,
invariant_tilde_f,scaled_gradient,all,sample_mean_absolute_attribution,0.009330537476898826,0.007843033714456738,0.010968188419377611,500,equilibrium_files,,,,,,,,,,,
invariant_tilde_f,scaled_gradient,stable_or_near_floor,sample_mean_absolute_attribution,0.0024962290163702246,0.0011750720183375631,0.0040457210031573515,500,equilibrium_files,,,,,,,,,,,
invariant_tilde_f,scaled_gradient,unstable,sample_mean_absolute_attribution,0.011704560415819288,0.009915448651820617,0.013851071010515288,500,equilibrium_files,,,,,,,,,,,
invariant_tilde_f,ig_robust_constant,all,sample_mean_absolute_attribution,0.004988364012660895,0.004309034667743105,0.005652695268830143,500,equilibrium_files,,,,,,,,,,,
invariant_tilde_f,ig_robust_constant,stable_or_near_floor,sample_mean_absolute_attribution,0.0009427754910465217,0.00041794048216119834,0.001510945917989099,500,equilibrium_files,,,,,,,,,,,
invariant_tilde_f,ig_robust_constant,unstable,sample_mean_absolute_attribution,0.00639367370964273,0.00574032495815405,0.007077020546421408,500,equilibrium_files,,,,,,,,,,,
invariant_tilde_f,ig_matched_observed,all,sample_mean_absolute_attribution,0.006932304757185648,0.006143853424406131,0.007686855830678496,500,equilibrium_files,,,,,,,,,,,
invariant_tilde_f,ig_matched_observed,stable_or_near_floor,sample_mean_absolute_attribution,0.002391996574067779,0.0013401756041275803,0.0035134416032440528,500,equilibrium_files,,,,,,,,,,,
invariant_tilde_f,ig_matched_observed,unstable,sample_mean_absolute_attribution,0.008509464441847645,0.007674274671406142,0.009524547158140004,500,equilibrium_files,,,,,,,,,,,
invariant_tilde_f,ig_medoid,all,sample_mean_absolute_attribution,0.005742502313978548,0.00497724717673691,0.006512883395315327,500,equilibrium_files,,,,,,,,,,,
invariant_tilde_f,ig_medoid,stable_or_near_floor,sample_mean_absolute_attribution,0.0010360114225256962,0.00048766495242902737,0.0017205878741372016,500,equilibrium_files,,,,,,,,,,,
invariant_tilde_f,ig_medoid,unstable,sample_mean_absolute_attribution,0.007377388623641117,0.00667101545758717,0.008123983310498788,500,equilibrium_files,,,,,,,,,,,
invariant_tilde_f,ig_low_pass,all,sample_mean_absolute_attribution,0.00117093582129435,0.0008564544117079187,0.0014652015870896928,500,equilibrium_files,,,,,,,,,,,
invariant_tilde_f,ig_low_pass,stable_or_near_floor,sample_mean_absolute_attribution,0.0005272756937398353,0.00016060856242340767,0.0010131245375582622,500,equilibrium_files,,,,,,,,,,,
invariant_tilde_f,ig_low_pass,unstable,sample_mean_absolute_attribution,0.001394523023497497,0.0010273774260167556,0.001769231793217554,500,equilibrium_files,,,,,,,,,,,
invariant_tilde_f,expected_gradients,all,sample_mean_absolute_attribution,0.005867813082545581,0.005264919103618126,0.006503081103872432,500,equilibrium_files,,,,,,,,,,,
invariant_tilde_f,expected_gradients,stable_or_near_floor,sample_mean_absolute_attribution,0.0015018000016094777,0.0008281410254064461,0.0021980775524174196,500,equilibrium_files,,,,,,,,,,,
invariant_tilde_f,expected_gradients,unstable,sample_mean_absolute_attribution,0.0073844281527654905,0.0067686511728434675,0.007961509257224143,500,equilibrium_files,,,,,,,,,,,
invariant_tilde_f,vargrad,all,sample_mean_absolute_attribution,5.7322939559610944e-05,2.8070359716193424e-05,0.00010138599387491559,500,equilibrium_files,,,,,,,,,,,
invariant_tilde_f,vargrad,stable_or_near_floor,sample_mean_absolute_attribution,9.581432600813004e-06,1.8475474859701344e-06,2.3364570022725445e-05,500,equilibrium_files,,,,,,,,,,,
invariant_tilde_f,vargrad,unstable,sample_mean_absolute_attribution,7.390683145056181e-05,3.4534426502187e-05,0.00014383545077322418,500,equilibrium_files,,,,,,,,,,,
invariant_tilde_f,cyclic_occlusion,all,sample_mean_absolute_attribution,0.006993038301288834,0.00609206704691303,0.008006240365290296,500,equilibrium_files,,,,,,,,,,,
invariant_tilde_f,cyclic_occlusion,stable_or_near_floor,sample_mean_absolute_attribution,0.0021177804773094867,0.0011159151053355097,0.003364438921077332,500,equilibrium_files,,,,,,,,,,,
invariant_tilde_f,cyclic_occlusion,unstable,sample_mean_absolute_attribution,0.008686548913829029,0.007610949149300148,0.009838971938956284,500,equilibrium_files,,,,,,,,,,,
invariant_tilde_f,periodic_mask,all,sample_mean_absolute_attribution,0.11226455733412877,0.11031171361537417,0.11430264591326704,500,equilibrium_files,,,,,,,,,,,
invariant_tilde_f,periodic_mask,stable_or_near_floor,sample_mean_absolute_attribution,0.10518556223674254,0.1029767656190829,0.1079413135282018,500,equilibrium_files,,,,,,,,,,,
invariant_tilde_f,periodic_mask,unstable,sample_mean_absolute_attribution,0.11472357668374714,0.11246473535111076,0.11691163267744215,500,equilibrium_files,,,,,,,,,,,
invariant_tilde_f,tsr_scaled_gradient,all,sample_mean_absolute_attribution,0.009330537544201434,0.00762950646809486,0.011118176514355581,500,equilibrium_files,,,,,,,,,,,
invariant_tilde_f,tsr_scaled_gradient,stable_or_near_floor,sample_mean_absolute_attribution,0.002496229171590654,0.0012086866759614856,0.004300689355108206,500,equilibrium_files,,,,,,,,,,,
invariant_tilde_f,tsr_scaled_gradient,unstable,sample_mean_absolute_attribution,0.01170456045258202,0.009965724051672672,0.013781352431979029,500,equilibrium_files,,,,,,,,,,,
invariant_tilde_f,tsr_ig_robust_constant,all,sample_mean_absolute_attribution,0.0049883639567838145,0.004324671524429391,0.005628384558163191,500,equilibrium_files,,,,,,,,,,,
invariant_tilde_f,tsr_ig_robust_constant,stable_or_near_floor,sample_mean_absolute_attribution,0.0009427754683367147,0.00043957970138404617,0.0015713622289309343,500,equilibrium_files,,,,,,,,,,,
invariant_tilde_f,tsr_ig_robust_constant,unstable,sample_mean_absolute_attribution,0.006393673642244386,0.005751066018772116,0.007089306771890015,500,equilibrium_files,,,,,,,,,,,
invariant_tilde_f,ig_low_pass,all,deletion_margin_vs_random,0.572084317420257,-0.11002536927960192,1.3523244425980976,500,equilibrium_files,0.009998048096895218,-0.0003419226920232177,0.01982172280550002,0.009998048096895218,-0.0003419226920232177,0.01982172280550002,0.017476528882980347,-0.0009624391794204705,0.0337166003882885,0.032,0.08
invariant_tilde_f,ig_low_pass,all,insertion_margin_vs_random,0.4159783174032042,-1.2041311958875307,1.1174650472641474,500,equilibrium_files,0.007269857078790664,-0.005438764449208974,0.020544331911951298,0.007269857078790664,-0.005438764449208974,0.020544331911951298,0.017476528882980347,0.0004655638709664348,0.03684915974736212,0.022,0.094
invariant_tilde_f,ig_low_pass,stable_or_near_floor,deletion_margin_vs_random,1.5026199825479931,-9.658067896497798,8.310066428625708,500,equilibrium_files,0.004105573892593384,-0.002318264544010162,0.010867461338639259,0.004105573892593384,-0.002318264544010162,0.010867461338639259,0.0027322769165039062,-0.004084673523902893,0.010929673910140991,0.226,0.702
invariant_tilde_f,ig_low_pass,stable_or_near_floor,insertion_margin_vs_random,0.21133289703315886,-5.0909620146011045,4.995659550680584,500,equilibrium_files,0.0005774199962615968,-0.004186794310808182,0.006028747856616968,0.0005774199962615968,-0.004186794310808182,0.006028747856616968,0.0027322769165039062,-0.004501998424530029,0.010208988189697265,0.228,0.698
invariant_tilde_f,ig_low_pass,unstable,deletion_margin_vs_random,0.41994102411259226,-0.16278846843771036,1.0340453130804381,500,equilibrium_files,0.009489989280700684,-0.0009437742829322815,0.023061487898230548,0.009489989280700684,-0.0009437742829322815,0.023061487898230548,0.02259838581085205,-2.7686357498166126e-06,0.0493182748556137,0.026,0.048
invariant_tilde_f,ig_low_pass,unstable,insertion_margin_vs_random,0.4202680818066245,-0.2868666812335895,1.272081265001869,500,equilibrium_files,0.009497380256652832,-0.0028681419044733047,0.022633508443832384,0.009497380256652832,-0.0028681419044733047,0.022633508443832384,0.02259838581085205,0.0010185360908508301,0.04708337485790251,0.02,0.058
invariant_tilde_f,periodic_mask,all,deletion_margin_vs_random,5.246975513295976,-25.16712893226439,19.64014752204678,500,equilibrium_files,0.2500357897952199,0.08647768190596253,0.400510300984606,0.2500357897952199,0.08647768190596253,0.400510300984606,0.04765331745147705,-0.2149085558950901,0.3118915446102618,0.36,0.028
invariant_tilde_f,periodic_mask,all,insertion_margin_vs_random,5.292568387346933,-20.927292030971138,22.638999741087535,500,equilibrium_files,0.2522084414958954,0.13548019882291557,0.3611855383962393,0.2522084414958954,0.13548019882291557,0.3611855383962393,0.04765331745147705,-0.22598238140344618,0.3321120161563158,0.354,0.022
invariant_tilde_f,periodic_mask,stable_or_near_floor,deletion_margin_vs_random,0.4309318851835915,0.1382389291948658,1.5958796546330807,500,equilibrium_files,-0.2117868483066559,-0.4115413733571768,-0.061021929010748883,0.2117868483066559,0.06102192901074886,0.4115413733571768,-0.49146246910095215,-0.9874587461352349,-0.10421598255634326,0.998,0.0
invariant_tilde_f,periodic_mask,stable_or_near_floor,insertion_margin_vs_random,0.05504043359111026,-0.12098800501001346,0.2017699055125789,500,equilibrium_files,-0.027050307393074034,-0.10746786989271641,0.033230896741151796,0.027050307393074034,-0.03323089674115181,0.10746786989271641,-0.49146246910095215,-0.9592092245817184,-0.13652173578739188,0.998,0.0
invariant_tilde_f,periodic_mask,unstable,deletion_margin_vs_random,1.7442419298775302,-5.986342751469013,10.554600892169008,500,equilibrium_files,0.4097662985324859,0.1806140261143446,0.6106202066421974,0.4097662985324859,0.1806140261143446,0.6106202066421974,0.23492515087127686,-0.06631491482257842,0.5450052872300143,0.054,0.006
invariant_tilde_f,periodic_mask,unstable,insertion_margin_vs_random,1.5271077716237165,-5.66809327100528,10.409680316071322,500,equilibrium_files,0.358756023645401,0.21957638211548328,0.5184521846100687,0.358756023645401,0.21957638211548328,0.5184521846100687,0.23492515087127686,-0.05055963099002838,0.5661925703287124,0.06,0.006
