entity,entity_type,convention,a_over_LT_input,n,prediction_mean,prediction_std,prediction_min,prediction_max,fraction_within_0p05_of_floor,r2_against_fixed_target,mean_absolute_error
2864601_0.437,member,training,3.0,1000,2.0131109203323723,1.1516679055240588,-2.0027825832366943,6.129403114318848,0.014,0.9831201295092915,0.10165092939441092
2864601_0.371,member,training,3.0,1000,1.9939908692240715,1.1539031884322462,-1.999916434288025,5.469010829925537,0.016,0.9865115471672866,0.09498628467996605
2864601_0.409,member,training,3.0,1000,2.0128830398917197,1.1549549407338702,-2.054163694381714,5.616428375244141,0.015,0.9814794619919714,0.10214955491269939
2864601_0.386,member,training,3.0,1000,2.0080885570943354,1.1572531704683862,-2.003848075866699,5.742302894592285,0.02,0.9836137640247611,0.09735061173071154
2864601_0.355,member,training,3.0,1000,2.011426605015993,1.1450708294807936,-2.001786470413208,5.268054962158203,0.016,0.9823359619245897,0.1005659586705733
2864601_0.449,member,training,3.0,1000,2.005377415008843,1.1446264688044911,-1.9898080825805664,5.561832427978516,0.019,0.9834380930595995,0.1008898913084995
2864601_0.340,member,training,3.0,1000,1.9918721978664398,1.1613578729307745,-2.032538414001465,5.569678783416748,0.015,0.9770732752516096,0.10504055992816574
2864601_0.296,member,training,3.0,1000,2.0065835892260075,1.1581012347105761,-2.012765645980835,5.809778690338135,0.018,0.9846650856948362,0.0962413637235295
2864601_0.270,member,training,3.0,1000,1.9964889076948167,1.1454233191208618,-2.0540575981140137,5.434718132019043,0.014,0.9809067248707242,0.10554641729150899
2864601_0.352,member,training,3.0,1000,1.9941749722659587,1.1531568405796817,-2.005568027496338,6.239665508270264,0.02,0.9867361026577386,0.09182908641849645
2864601_0.487,member,training,3.0,1000,1.9888052678406238,1.1412973975375202,-1.9985029697418213,5.545964241027832,0.013,0.9798600916088344,0.1054718557044398
2864601_0.272,member,training,3.0,1000,1.9978762929663063,1.1501543981575173,-2.0230019092559814,5.496673107147217,0.016,0.9842707581333238,0.09679174563731067
2864601_0.404,member,training,3.0,1000,2.0060510263964533,1.1481316121755938,-2.0233042240142822,6.232998847961426,0.016,0.9844836610247183,0.09833577967737801
2864601_0.274,member,training,3.0,1000,2.015568041808903,1.1593531037442892,-2.0226845741271973,5.925885200500488,0.014,0.9805733952816997,0.1047159216485452
2864601_0.240,member,training,3.0,1000,1.995751618936658,1.1479636033279212,-2.002035140991211,5.500202655792236,0.016,0.981153545234969,0.10068994438718074
2864601_0.417,member,training,3.0,1000,2.0000325035750866,1.145452264678523,-1.9760572910308838,5.6559224128723145,0.015,0.9856467426323354,0.09495268507744185
2864601_0.494,member,training,3.0,1000,1.9985296328365802,1.1484293022796224,-2.0226259231567383,5.585990905761719,0.016,0.9829743130615423,0.10215586603363044
2864601_0.260,member,training,3.0,1000,2.018248688004911,1.1537801174004,-2.0038599967956543,5.992956638336182,0.015,0.9811717811139914,0.10498680602456444
2864601_0.434,member,training,3.0,1000,2.012212304532528,1.1566254194641834,-2.000204563140869,6.245822429656982,0.016,0.9852078685059749,0.0939528123929631
2864601_0.460,member,training,3.0,1000,1.9901649888455868,1.1447828079665556,-2.0187277793884277,5.563982009887695,0.016,0.9807680404378936,0.1033115928217303
2864601_0.402,member,training,3.0,1000,2.002954244926572,1.148436341702505,-2.0346333980560303,5.4040422439575195,0.016,0.9812232475919966,0.10664184146816842
2864601_0.279,member,training,3.0,1000,2.007213149085641,1.1581985000346113,-2.022993326187134,5.664545059204102,0.015,0.9833322763397825,0.09839312210748903
2864601_0.353,member,training,3.0,1000,2.007975388213992,1.1479055226438093,-2.03214168548584,5.493889331817627,0.014,0.9779640033579309,0.11029422916541808
2864601_0.175,member,training,3.0,1000,2.0288886990249155,1.1507486316051079,-1.9964596033096313,5.5439348220825195,0.016,0.9794624759164349,0.10837474550749175
2864601_0.277,member,training,3.0,1000,2.0114332880973818,1.1534740285337388,-2.0013720989227295,5.798984527587891,0.016,0.981407934471572,0.10169591463287361
2864601_0.463,member,training,3.0,1000,2.0041765567362306,1.1443756466113013,-1.9937968254089355,5.532968521118164,0.017,0.9815217578613361,0.10377130578528158
2864601_0.229,member,training,3.0,1000,2.002040917739272,1.1539626059173054,-2.0078682899475098,5.715540409088135,0.016,0.9807467971669616,0.10113318418036216
2864601_0.224,member,training,3.0,1000,2.0191963646113873,1.1585846387420433,-2.0204474925994873,5.50239896774292,0.017,0.9819513722731678,0.10524163053114899
2864601_0.373,member,training,3.0,1000,1.9850483181998133,1.150685173886855,-2.0126938819885254,5.584524631500244,0.015,0.9805224703899762,0.10529974124510773
2864601_0.481,member,training,3.0,1000,2.0093091850802303,1.1546588376163656,-2.0233547687530518,5.418591022491455,0.015,0.9827798974168639,0.10116706411237829
2864601_0.289,member,training,3.0,1000,2.0212070825323463,1.1458636095144032,-2.0492939949035645,5.635675430297852,0.014,0.9810978343706082,0.10516818726505153
2864601_0.393,member,training,3.0,1000,1.9960348023772239,1.1462968448423327,-1.9857842922210693,5.808422088623047,0.017,0.9793467786094285,0.10685909608076327
2864601_0.406,member,training,3.0,1000,2.0028509933650493,1.1396684435067685,-1.9994921684265137,5.605325222015381,0.017,0.9795432930578769,0.10506389763136394
2864601_0.206,member,training,3.0,1000,2.0187969641312957,1.1418668602677475,-2.027644395828247,5.656966686248779,0.015,0.9827778351944356,0.10096543138544076
2864601_0.284,member,training,3.0,1000,1.9988726003170014,1.1356374161803007,-2.0144762992858887,5.368795871734619,0.014,0.9825846354775127,0.10181011490593664
2864601_0.235,member,training,3.0,1000,2.0108080764114855,1.1580580295708673,-2.006464958190918,5.7648138999938965,0.016,0.9840783599528762,0.09681678521330468
2864601_0.405,member,training,3.0,1000,1.9975566263496876,1.1363627090578208,-2.0148391723632812,5.643347263336182,0.015,0.9834136886213241,0.10218177846516482
2864601_0.398,member,training,3.0,1000,2.019261743219569,1.1522979953112247,-2.0081043243408203,5.438622951507568,0.014,0.9790838688479376,0.11142734332871623
2864601_0.358,member,training,3.0,1000,2.0118602567091584,1.1546171081633836,-2.011671781539917,5.561700820922852,0.018,0.9804569010636722,0.10859046289767138
2864601_0.242,member,training,3.0,1000,2.012625934034586,1.1511759370393286,-1.9945422410964966,5.617091655731201,0.016,0.9800060852317091,0.10674233332346193
2864601_0.490,member,training,3.0,1000,2.029744332507253,1.1395789853952485,-2.023076057434082,6.254542827606201,0.017,0.9827668519256032,0.10171491476963274
2864601_0.263,member,training,3.0,1000,2.010259292374365,1.1511278021478433,-2.042665481567383,5.66035270690918,0.016,0.9777572242182045,0.10886063514254056
2864601_0.211,member,training,3.0,1000,2.010392271116376,1.1346322258982713,-2.013387441635132,5.451301097869873,0.018,0.9798941229866792,0.10726848233188503
2864601_0.292,member,training,3.0,1000,2.002058526556939,1.1462957048737523,-1.9953519105911255,5.462042808532715,0.014,0.9819036536445305,0.10251820954610594
2864601_0.276,member,training,3.0,1000,2.0007448409348725,1.1507336992913761,-2.0294535160064697,5.768362522125244,0.014,0.9826204589975112,0.10115158955822699
2864601_0.427,member,training,3.0,1000,2.004003544330597,1.157423172934397,-2.0338375568389893,5.787085056304932,0.019,0.9796434543706597,0.10568440326000564
2864601_0.461,member,training,3.0,1000,2.0008375697731973,1.147450067990792,-2.0580897331237793,5.748608112335205,0.012,0.9832450800338334,0.10160978907416575
2864601_0.471,member,training,3.0,1000,2.004522726133466,1.1414233032045356,-2.0287442207336426,5.402072906494141,0.014,0.978333641094749,0.10804477424849757
2864601_0.440,member,training,3.0,1000,1.9995875496566295,1.1224235527277089,-2.006535530090332,5.8119215965271,0.014,0.9768507686685062,0.1149121373265516
2864601_0.457,member,training,3.0,1000,2.0060725844558327,1.1521013471992905,-1.9933431148529053,5.6276373863220215,0.014,0.980985551668448,0.10258979675290175
2864601_0.400,member,training,3.0,1000,2.0052375367879867,1.1488911236628292,-2.0018503665924072,5.533274173736572,0.018,0.982623246185669,0.10114353416929953
2864601_0.385,member,training,3.0,1000,2.0036736505925656,1.1496434202837646,-2.039501428604126,5.637812614440918,0.014,0.9841147544141601,0.09744075195561164
2864601_0.350,member,training,3.0,1000,2.0042746261656283,1.145367065905975,-2.0497310161590576,5.6270833015441895,0.017,0.9784739386445743,0.10649904826353304
2864601_0.416,member,training,3.0,1000,2.001433578103781,1.1659985082789883,-2.0410733222961426,6.11090087890625,0.017,0.9816380188148826,0.103197427629726
2864601_0.342,member,training,3.0,1000,2.003325879022479,1.1526958669687761,-2.018186092376709,5.584835052490234,0.013,0.9813620501649787,0.09999572662706487
2864601_0.359,member,training,3.0,1000,2.0063476862162353,1.1524210240199704,-2.002943277359009,5.562025547027588,0.017,0.9791824758205032,0.108677104170667
2864601_0.475,member,training,3.0,1000,2.0153176801765804,1.1562420476973168,-2.0138988494873047,5.727487564086914,0.016,0.9840824492094818,0.09866780628543347
2864601_0.462,member,training,3.0,1000,2.0212402046620848,1.1522139515034926,-1.9923664331436157,7.626828193664551,0.015,0.9809516011346521,0.10545572155271657
2864601_0.268,member,training,3.0,1000,2.0035852795988323,1.1570759074493628,-1.9966967105865479,6.086329460144043,0.015,0.9844868166557047,0.09681921305204742
2864601_0.262,member,training,3.0,1000,2.0208041543960573,1.136084053095407,-2.008253574371338,5.701495170593262,0.011,0.9819545455915423,0.10364089202065953
2864601_0.485,member,training,3.0,1000,2.005201718762517,1.1481629433802758,-2.01893949508667,5.384810447692871,0.017,0.979727275691301,0.10662536134873517
2864601_0.473,member,training,3.0,1000,1.983714217595756,1.1402392863779662,-2.128154993057251,5.790289878845215,0.017,0.980318205734708,0.10773264345829375
2864601_0.189,member,training,3.0,1000,2.0054782915115354,1.1505811596905986,-2.001500368118286,5.822517395019531,0.014,0.9798721056834684,0.10814682705397717
2864601_0.395,member,training,3.0,1000,2.0059489477276804,1.1500808595809962,-2.027155876159668,5.537206649780273,0.016,0.9825961905697672,0.09912118045170791
2864601_0.237,member,training,3.0,1000,2.0034439974054696,1.1518668880970755,-2.0203070640563965,5.493358612060547,0.016,0.9825371941123088,0.10073223497276194
2864601_0.372,member,training,3.0,1000,2.0044604641497137,1.152604407590632,-2.0434048175811768,6.439830303192139,0.016,0.9837367913360368,0.09960580146242864
2864601_0.472,member,training,3.0,1000,2.0085774162113665,1.148777330527223,-2.0749454498291016,6.175534248352051,0.017,0.9832549746690433,0.10151356875081546
2864601_0.436,member,training,3.0,1000,2.004902618646622,1.157062203694483,-2.022407054901123,6.620838165283203,0.015,0.9840506460454546,0.10071567989955656
2864601_0.454,member,training,3.0,1000,2.0076198696792127,1.1517366270384386,-2.030513286590576,5.625439643859863,0.016,0.9833839871768659,0.10150370809133165
2864601_0.377,member,training,3.0,1000,1.9973014135956764,1.1416526350063234,-2.019549608230591,5.5934247970581055,0.014,0.9800342184679469,0.10842025981773622
2864601_0.212,member,training,3.0,1000,2.007824127137661,1.1422722190746006,-2.009859800338745,5.3328375816345215,0.015,0.9828821774797872,0.1032833045378793
2864601_0.123,member,training,3.0,1000,1.9998264211788774,1.1543716401884452,-2.0098462104797363,5.719609260559082,0.016,0.9833728322876637,0.09934479511459358
2864601_0.288,member,training,3.0,1000,2.0069041051566603,1.1434090994202113,-2.0495636463165283,5.524320602416992,0.015,0.9810981510240318,0.10425214674626478
2864601_0.349,member,training,3.0,1000,2.0075651555657386,1.1527987111094296,-2.0062384605407715,5.958477973937988,0.016,0.982989473433493,0.10222791382740251
2864601_0.510,member,training,3.0,1000,2.0213981022834777,1.1707734851063252,-2.0248355865478516,5.915644645690918,0.016,0.9830988170754047,0.1000611169107724
2864601_0.376,member,training,3.0,1000,2.0082195588499308,1.1485519866313447,-2.0688717365264893,5.64244270324707,0.016,0.9784965850953993,0.10874619273399003
2864601_0.305,member,training,3.0,1000,2.0216394476890565,1.1373189627318228,-2.017665386199951,5.854526519775391,0.012,0.975100570784692,0.12018020515074022
2864601_0.496,member,training,3.0,1000,2.0098737394437194,1.1372181312947587,-2.0089657306671143,5.483888149261475,0.014,0.9795708148545669,0.1093018321909476
2864601_0.261,member,training,3.0,1000,1.9995418903939426,1.1603906724661448,-2.001877546310425,5.986015796661377,0.017,0.9845015557589791,0.09788867680053227
2864601_0.252,member,training,3.0,1000,1.986255136243999,1.1547846617268105,-2.0527608394622803,5.617766857147217,0.018,0.9814756023569798,0.10363276882772333
2864601_0.208,member,training,3.0,1000,1.999536672450602,1.1385419938198236,-1.9960612058639526,5.4921875,0.02,0.9832321940193225,0.09868374494160526
2864601_0.230,member,training,3.0,1000,2.0070649582892655,1.1438380481537693,-2.0030124187469482,5.929050922393799,0.015,0.9834491318660065,0.09920597084541805
2864601_0.452,member,training,3.0,1000,1.9993242990449072,1.1424098810448298,-2.003026008605957,5.592329025268555,0.017,0.9809955611044486,0.10344339375500568
2864601_0.498,member,training,3.0,1000,2.0032816657572985,1.1526862326985714,-2.0176916122436523,5.671334266662598,0.019,0.9755871566079528,0.11078694955189712
2864601_0.271,member,training,3.0,1000,2.016077552150935,1.1552724947819446,-2.03459095954895,5.816319465637207,0.014,0.979554042505499,0.10863890352542512
2864601_0.450,member,training,3.0,1000,2.001153077751398,1.1509047172283813,-2.0336272716522217,5.586982250213623,0.019,0.9816825918159315,0.10516608465160243
2864601_0.46,member,training,3.0,1000,2.02809052079916,1.1573492615913654,-1.9917449951171875,5.697840213775635,0.016,0.9834617515147591,0.09959333625133149
2864601_0.308,member,training,3.0,1000,2.0038628371953964,1.1600675759613635,-2.0100879669189453,5.629008769989014,0.016,0.9798003210487461,0.10870121608371847
2864601_0.163,member,training,3.0,1000,2.0031899812817575,1.1548508268038078,-2.021129846572876,5.968740463256836,0.015,0.981465275970846,0.10677826477284544
2864601_0.246,member,training,3.0,1000,2.010265607856214,1.1460071117994064,-2.0114874839782715,5.685303688049316,0.016,0.9832752145129774,0.09956477523525245
2864601_0.438,member,training,3.0,1000,2.0006285623311997,1.1530900290956503,-2.016475200653076,6.175171852111816,0.016,0.9806038364315443,0.10864311849628575
2864601_0.362,member,training,3.0,1000,2.0200133993551135,1.1352529537119422,-2.0399584770202637,5.613320350646973,0.015,0.9812057018257929,0.10654813121701591
2864601_0.136,member,training,3.0,1000,2.0091112757027147,1.1514948636269684,-2.0178704261779785,5.692200660705566,0.015,0.9862819089507799,0.09474617848242634
2864601_0.250,member,training,3.0,1000,2.0306616060882807,1.1304601009968396,-1.9982795715332031,5.885430812835693,0.014,0.9808356492086663,0.10905431359936484
2864601_0.247,member,training,3.0,1000,1.998810398042202,1.1581180474857302,-2.003632068634033,6.097028732299805,0.018,0.9859040374296079,0.09757333220611326
2864601_0.382,member,training,3.0,1000,2.000309465318918,1.1395698750623175,-1.9996029138565063,6.0428619384765625,0.015,0.9828441589939636,0.10583817161689513
2864601_0.307,member,training,3.0,1000,2.004985339820385,1.1519624962518453,-2.0225768089294434,5.580840587615967,0.01,0.9796344575312366,0.1080875271416735
2864601_0.339,member,training,3.0,1000,2.0035043145641684,1.1436288611175214,-2.0190210342407227,5.5252485275268555,0.015,0.9726104235614019,0.11539504893799313
2864601_0.426,member,training,3.0,1000,2.000744863241911,1.1476604514203614,-2.0122368335723877,5.714732646942139,0.018,0.9817580743957793,0.10285868620430119
2864601_0.379,member,training,3.0,1000,2.0072798479646443,1.1500954638965293,-2.038970470428467,5.46137809753418,0.019,0.9760136066914167,0.11620962182735092
ensemble_mean,ensemble,training,3.0,1000,2.006224050283239,1.1453105851527696,-2.0002754032611847,5.58965681552887,0.014,0.9883024277830708,0.07865581876666985
2864601_0.437,member,legacy_marker,-3.0,1000,-1.9734340218305588,0.02300316391290162,-2.0521278381347656,-1.8382664918899536,0.87,-11.737763424743509,3.981304752833443
2864601_0.371,member,legacy_marker,-3.0,1000,-2.0462935725450517,0.011107770950220856,-2.085476875305176,-1.992817759513855,1.0,-12.172951469716219,4.051126772648888
2864601_0.409,member,legacy_marker,-3.0,1000,-2.233555784225464,0.10452442596492595,-2.6684482097625732,-2.0001041889190674,1.0,-13.259097650726625,4.238329780466156
2864601_0.386,member,legacy_marker,-3.0,1000,-1.9513858127593995,0.006219296077209319,-1.9715428352355957,-1.9230310916900635,0.62,-11.60898989437321,3.9589540256329347
2864601_0.355,member,legacy_marker,-3.0,1000,-1.9995821523666382,0.0060759868082593885,-2.032782554626465,-1.9659900665283203,1.0,-11.884994392335859,4.0043561486073305
2864601_0.449,member,legacy_marker,-3.0,1000,-2.040026836156845,0.016944184836393667,-2.2101242542266846,-2.0182721614837646,1.0,-12.126039459568702,4.044800832397537
2864601_0.340,member,legacy_marker,-3.0,1000,-2.0023443584442138,0.007036403683132735,-2.0377860069274902,-1.9856324195861816,1.0,-11.907025402334325,4.007162068254547
2864601_0.296,member,legacy_marker,-3.0,1000,-2.102806335926056,0.027897474338214465,-2.2152774333953857,-1.9460198879241943,0.998,-12.484688604900086,4.107580332166748
2864601_0.270,member,legacy_marker,-3.0,1000,-1.9849239978790283,0.033683882098273076,-2.323524236679077,-1.9091670513153076,0.876,-11.826465413653624,3.9902553371258547
2864601_0.352,member,legacy_marker,-3.0,1000,-2.0700052230358126,0.09192776445043897,-2.4421966075897217,-1.7075026035308838,0.928,-12.234566360119636,4.074779219276505
2864601_0.487,member,legacy_marker,-3.0,1000,-1.8757013311386108,0.020495121672586412,-1.9850714206695557,-1.801621675491333,0.005,-11.151217992240955,3.8848576377697754
2864601_0.272,member,legacy_marker,-3.0,1000,-1.9973854198455812,0.005860843853025818,-2.0180819034576416,-1.9765386581420898,1.0,-11.867837697309755,4.002159454710083
2864601_0.404,member,legacy_marker,-3.0,1000,-2.5297097411155702,0.10438328768966909,-3.190305233001709,-2.2666468620300293,1.0,-15.377527807216655,4.534483737356262
2864601_0.274,member,legacy_marker,-3.0,1000,-1.803105842113495,0.06550659608005159,-2.2169618606567383,-1.6106642484664917,0.004,-10.828525372911237,3.820969698078232
2864601_0.240,member,legacy_marker,-3.0,1000,-1.9972265486717224,0.02483686785721118,-2.1160597801208496,-1.9244571924209595,0.991,-11.885175469990502,4.002480371601181
2864601_0.417,member,legacy_marker,-3.0,1000,-3.1712594621181487,0.21535238625152678,-4.311091423034668,-2.750580310821533,1.0,-19.74069585689287,5.176033458358841
2864601_0.494,member,legacy_marker,-3.0,1000,-2.0119415826797487,0.04566248184715366,-2.134087324142456,-1.883457899093628,0.936,-11.900834905569507,4.016715578920441
2864601_0.260,member,legacy_marker,-3.0,1000,-2.1341488132476805,0.0306767993531362,-2.198833703994751,-2.015880823135376,1.0,-12.659053512815872,4.138922809488373
2864601_0.434,member,legacy_marker,-3.0,1000,-2.0058930635452272,0.010373328490611665,-2.0462496280670166,-1.9665933847427368,1.0,-11.914265213446372,4.010667059785919
2864601_0.460,member,legacy_marker,-3.0,1000,-1.9116441413164138,0.0661456886993168,-2.1713943481445312,-1.7548558712005615,0.224,-11.288674145983459,3.916418137557106
2864601_0.402,member,legacy_marker,-3.0,1000,-1.9336810121536254,0.07691404145364357,-2.150289297103882,-1.5495617389678955,0.476,-11.463457639219966,3.941514387495117
2864601_0.279,member,legacy_marker,-3.0,1000,-2.155101732134819,0.03636952712869752,-2.318422317504883,-1.9064059257507324,0.999,-12.804538767187536,4.1598757283755114
2864601_0.353,member,legacy_marker,-3.0,1000,-1.8475694949626922,0.057998771494776204,-2.0296998023986816,-1.6447786092758179,0.052,-11.05978648409211,3.8638886436291506
2864601_0.175,member,legacy_marker,-3.0,1000,-2.262883842468262,0.05259834519484727,-2.443653106689453,-2.1093807220458984,1.0,-13.45952113117838,4.267657838708954
2864601_0.277,member,legacy_marker,-3.0,1000,-2.0269124410152437,0.005311785105828653,-2.049335241317749,-2.0125744342803955,1.0,-12.045397365306693,4.031686437255936
2864601_0.463,member,legacy_marker,-3.0,1000,-2.012777193069458,0.022036396725217483,-2.1136834621429443,-1.9152495861053467,0.979,-11.994075573082714,4.020226902372436
2864601_0.229,member,legacy_marker,-3.0,1000,-1.598994397163391,0.08824408869576658,-1.8231338262557983,-1.3252843618392944,0.0,-9.54913965478689,3.6215054725476077
2864601_0.224,member,legacy_marker,-3.0,1000,-2.0695497760772703,0.013236137031049726,-2.12762713432312,-2.029158353805542,1.0,-12.31732954785551,4.074323772317963
2864601_0.373,member,legacy_marker,-3.0,1000,-2.0146358222961425,0.011603245646568125,-2.05342435836792,-1.9825472831726074,1.0,-11.958666461704421,4.019409818536835
2864601_0.481,member,legacy_marker,-3.0,1000,-2.002440871834755,0.08203920524461182,-2.279231309890747,-1.7620433568954468,0.721,-11.903571771769066,4.01207885361393
2864601_0.289,member,legacy_marker,-3.0,1000,-2.030561827659607,0.016321069536519777,-2.0954389572143555,-1.8848638534545898,0.997,-12.058490051305888,4.035335823900299
2864601_0.393,member,legacy_marker,-3.0,1000,-2.0484028482437133,0.013186055581673779,-2.087355375289917,-1.9637620449066162,1.0,-12.180495419480254,4.053176844484406
2864601_0.406,member,legacy_marker,-3.0,1000,-2.012125949025154,0.01354690912998108,-2.051208972930908,-1.9711443185806274,1.0,-11.974062641443972,4.017801850802498
2864601_0.206,member,legacy_marker,-3.0,1000,-1.8231545839309693,0.07848271248932957,-2.2994086742401123,-1.6921509504318237,0.076,-10.866297410252272,3.82882430804451
2864601_0.284,member,legacy_marker,-3.0,1000,-1.9789297909736634,0.010615971234276845,-2.0057554244995117,-1.90717613697052,0.982,-11.756028735860047,3.9838447865315247
2864601_0.235,member,legacy_marker,-3.0,1000,-1.9163215808868408,0.07211725169808192,-2.1665611267089844,-1.7437440156936646,0.284,-11.463800649383062,3.9237129043408205
2864601_0.405,member,legacy_marker,-3.0,1000,-2.734881999015808,0.15016505565223986,-3.4821555614471436,-2.446375846862793,1.0,-16.45836209802803,4.7396559952565
2864601_0.398,member,legacy_marker,-3.0,1000,-2.027157872080803,0.0180459175185456,-2.114053964614868,-1.981202483177185,1.0,-12.038819245781683,4.031931868321495
2864601_0.358,member,legacy_marker,-3.0,1000,-1.899402952671051,0.09846637637915814,-2.198964834213257,-1.5701572895050049,0.278,-11.278173179416479,3.9083255103894046
2864601_0.242,member,legacy_marker,-3.0,1000,-1.9362140181064607,0.013476423785493248,-2.0123891830444336,-1.8952428102493286,0.135,-11.52376901585963,3.94537166631897
2864601_0.490,member,legacy_marker,-3.0,1000,-2.0396736879348754,0.0403246927504414,-2.1494271755218506,-1.9200475215911865,0.998,-12.146569349649612,4.044447684175568
2864601_0.263,member,legacy_marker,-3.0,1000,-2.038386278271675,0.10131146564000755,-2.272578239440918,-1.6958749294281006,0.848,-12.284020606511454,4.0552544188566975
2864601_0.211,member,legacy_marker,-3.0,1000,-1.9733718395233155,0.013642026748563909,-2.0013022422790527,-1.5959229469299316,0.999,-11.72405071234891,3.9782824248143007
2864601_0.292,member,legacy_marker,-3.0,1000,-2.0220436553955077,0.006014377427786023,-2.048865556716919,-2.011143922805786,1.0,-12.014663698127892,4.0268176516362
2864601_0.276,member,legacy_marker,-3.0,1000,-2.0108727020025254,0.006657718983600691,-2.063157796859741,-1.982631802558899,1.0,-11.957776522839593,4.015646698243217
2864601_0.427,member,legacy_marker,-3.0,1000,-1.9535697511434555,0.03916064885304334,-2.2842793464660645,-1.8403608798980713,0.526,-11.6073664517651,3.959107187993126
2864601_0.461,member,legacy_marker,-3.0,1000,-2.0094876003265383,0.03306012741372672,-2.1633877754211426,-1.865964412689209,0.965,-11.964972425405616,4.015161211855011
2864601_0.471,member,legacy_marker,-3.0,1000,-2.28439617395401,0.0665246958649991,-2.552581310272217,-2.0863547325134277,1.0,-13.571023147034746,4.289170170194702
2864601_0.440,member,legacy_marker,-3.0,1000,-1.8964804574251175,0.14603203086012875,-2.2398247718811035,-1.342242956161499,0.407,-11.522427835230987,3.9298451688357163
2864601_0.457,member,legacy_marker,-3.0,1000,-2.0130734877586365,0.006209150516957416,-2.0473616123199463,-1.987471580505371,1.0,-11.969424602523015,4.017937659627991
2864601_0.400,member,legacy_marker,-3.0,1000,-1.9753399276733399,0.012189584534503887,-2.0166540145874023,-1.9283937215805054,0.963,-11.752827333316235,3.9819238945313264
2864601_0.385,member,legacy_marker,-3.0,1000,-1.8662129517793655,0.055060279887362104,-2.060196876525879,-1.664725422859192,0.086,-11.089023854025521,3.87290472341259
2864601_0.350,member,legacy_marker,-3.0,1000,-2.552901911020279,0.21793908091932532,-3.473482608795166,-2.0357940196990967,1.0,-15.120992549872124,4.557675907260971
2864601_0.416,member,legacy_marker,-3.0,1000,-2.398193429470062,0.1163253671861404,-2.672076463699341,-2.059342622756958,1.0,-14.244339030831002,4.402967425710754
2864601_0.342,member,legacy_marker,-3.0,1000,-1.513090847492218,0.0708308043155806,-1.7963076829910278,-1.3403550386428833,0.0,-9.197491896428087,3.534606882459717
2864601_0.359,member,legacy_marker,-3.0,1000,-2.364273406744003,0.12871190466341528,-2.96673583984375,-2.1255056858062744,1.0,-14.006334335720814,4.3690474029846955
2864601_0.475,member,legacy_marker,-3.0,1000,-1.9460158524513245,0.027767786310886822,-2.0283873081207275,-1.871673345565796,0.368,-11.537736820789549,3.9509358958073424
2864601_0.462,member,legacy_marker,-3.0,1000,-1.90320250248909,0.1081115095598985,-2.173567295074463,-1.5091594457626343,0.385,-11.201242726941503,3.907976498729782
2864601_0.268,member,legacy_marker,-3.0,1000,-2.048462561607361,0.0420050725512709,-2.6448440551757812,-1.8144116401672363,0.982,-12.181834417575077,4.053236557848053
2864601_0.262,member,legacy_marker,-3.0,1000,-1.9929766535758973,0.07353994713604758,-2.3249316215515137,-1.7327594757080078,0.793,-11.9298109593753,4.007618443853454
2864601_0.485,member,legacy_marker,-3.0,1000,-2.04334699010849,0.03298786029442781,-2.230323076248169,-1.9386017322540283,0.996,-12.142110250429457,4.048166394598083
2864601_0.473,member,legacy_marker,-3.0,1000,-2.3216635121107103,0.11601835897902558,-2.604728937149048,-1.7383745908737183,0.998,-13.735180479888765,4.326437508351402
2864601_0.189,member,legacy_marker,-3.0,1000,-2.0162202053070066,0.006343181035951499,-2.0593600273132324,-2.004584789276123,1.0,-11.980543382009062,4.020994201547699
2864601_0.395,member,legacy_marker,-3.0,1000,-1.8060378708839417,0.12719465766844762,-2.205798625946045,-1.5185658931732178,0.134,-10.97572546231554,3.8321165033646394
2864601_0.237,member,legacy_marker,-3.0,1000,-2.6563935453891756,0.18920012852280924,-3.645545482635498,-2.364584445953369,1.0,-15.95110084331386,4.661167541629868
2864601_0.372,member,legacy_marker,-3.0,1000,-2.15167290687561,0.08229133992917968,-2.4407193660736084,-1.966435194015503,1.0,-12.907897735085907,4.156591824419098
2864601_0.472,member,legacy_marker,-3.0,1000,-2.0659809007644654,0.01233114436674763,-2.1120705604553223,-2.0378923416137695,1.0,-12.26756949427153,4.070754897005157
2864601_0.436,member,legacy_marker,-3.0,1000,-2.1591508350372313,0.02793386295766067,-2.2815709114074707,-2.0715270042419434,1.0,-12.83826566189721,4.163924831277924
2864601_0.454,member,legacy_marker,-3.0,1000,-2.477956076860428,0.14673293428273243,-2.980248212814331,-2.1458520889282227,1.0,-14.840987800762516,4.48273007310112
2864601_0.377,member,legacy_marker,-3.0,1000,-1.9962989735603331,0.09207527137305205,-2.3283255100250244,-1.6689245700836182,0.713,-11.938541346108527,4.006042032129364
2864601_0.212,member,legacy_marker,-3.0,1000,-1.9793579826354981,0.007808266400526996,-2.0164055824279785,-1.9504876136779785,1.0,-11.762990460728545,3.9844336031742857
2864601_0.123,member,legacy_marker,-3.0,1000,-1.800584364295006,0.08910842036015294,-2.2386136054992676,-1.4865573644638062,0.06,-10.632103606099665,3.805372106082039
2864601_0.288,member,legacy_marker,-3.0,1000,-2.055115191459656,0.07556975308146552,-2.3514058589935303,-1.8854973316192627,0.954,-12.236990496556015,4.059889187700348
2864601_0.349,member,legacy_marker,-3.0,1000,-2.1530038148164747,0.1052186425418241,-2.4713897705078125,-1.604127049446106,0.952,-12.7237325671036,4.1577778110571675
2864601_0.510,member,legacy_marker,-3.0,1000,-2.1186272699832918,0.10613155224683285,-2.4932024478912354,-1.8775832653045654,0.962,-12.702434000663429,4.125440091735916
2864601_0.376,member,legacy_marker,-3.0,1000,-1.9822165639400482,0.20047209785441703,-2.6041088104248047,-1.5558795928955078,0.544,-12.092201569330127,4.004336235887604
2864601_0.305,member,legacy_marker,-3.0,1000,-1.4811757273077966,0.1748546171225889,-2.1658127307891846,-0.9990130066871643,0.025,-9.007623478217736,3.5133607872196007
2864601_0.496,member,legacy_marker,-3.0,1000,-2.205214592933655,0.07083375486158998,-2.4499051570892334,-2.0557801723480225,1.0,-13.029528704511275,4.209988589174347
2864601_0.261,member,legacy_marker,-3.0,1000,-2.017192057609558,0.0036053675329987,-2.042693614959717,-2.0110087394714355,1.0,-11.988533074729649,4.02196605385025
2864601_0.252,member,legacy_marker,-3.0,1000,-1.4468333775997162,0.08123641439838569,-2.074768543243408,-1.2357126474380493,0.003,-8.854220516091576,3.473016255027847
2864601_0.208,member,legacy_marker,-3.0,1000,-1.9128101680278777,0.04284141320422547,-2.0399935245513916,-1.6928335428237915,0.167,-11.422039480632597,3.926285014993744
2864601_0.230,member,legacy_marker,-3.0,1000,-1.3424647966623307,0.16251266714863657,-2.2987523078918457,-0.8456553220748901,0.013,-8.152086324863092,3.354087316996651
2864601_0.452,member,legacy_marker,-3.0,1000,-2.071869708418846,0.056993042849273014,-2.2937140464782715,-1.9178498983383179,0.982,-12.359866942877046,4.076688575274543
2864601_0.498,member,legacy_marker,-3.0,1000,-1.8443914185762404,0.11338044888191012,-2.134587287902832,-1.3162013292312622,0.205,-10.948259967181727,3.851219731099205
2864601_0.271,member,legacy_marker,-3.0,1000,-1.9395894393920898,0.14624640114234314,-2.140441417694092,-1.1633930206298828,0.599,-11.708502364358695,3.959972174532013
2864601_0.450,member,legacy_marker,-3.0,1000,-2.0456397627592087,0.06474943299633355,-2.432762861251831,-1.6638401746749878,0.943,-12.12308872503901,4.050413758999901
2864601_0.46,member,legacy_marker,-3.0,1000,-1.9625264053344726,0.07445047156913868,-2.0662338733673096,-1.6937506198883057,0.611,-11.774724157212166,3.978718202001648
2864601_0.308,member,legacy_marker,-3.0,1000,-2.0914380621910094,0.06076148019162968,-2.225493907928467,-1.516026496887207,0.986,-12.44455809776184,4.096212058431702
2864601_0.163,member,legacy_marker,-3.0,1000,-2.4367108372449873,0.057316130530099346,-2.910414934158325,-1.5217114686965942,0.999,-14.65893733228279,4.44148483348568
2864601_0.246,member,legacy_marker,-3.0,1000,-2.2025438491106035,0.13783177369972371,-2.9255058765411377,-1.958594799041748,1.0,-12.944426447764739,4.207317845351295
2864601_0.438,member,legacy_marker,-3.0,1000,-2.016241728067398,0.009211912115749885,-2.0815703868865967,-1.9865316152572632,1.0,-11.981558062902002,4.02101572430809
2864601_0.362,member,legacy_marker,-3.0,1000,-2.005237060904503,0.04570517616004318,-2.1727828979492188,-1.8948506116867065,0.909,-11.853898202435616,4.010011057145195
2864601_0.136,member,legacy_marker,-3.0,1000,-1.8532872854471207,0.06035048224086154,-1.976698875427246,-1.641200304031372,0.03,-10.976322389805015,3.86029214859684
2864601_0.250,member,legacy_marker,-3.0,1000,-1.9626414890289308,0.03733860647660036,-2.165548324584961,-1.8990259170532227,0.671,-11.677543801237023,3.9715213517018126
2864601_0.247,member,legacy_marker,-3.0,1000,-2.0380579367876055,0.014104572365397658,-2.1764087677001953,-1.990090250968933,1.0,-12.11386971208416,4.042831933028298
2864601_0.382,member,legacy_marker,-3.0,1000,-1.9131026830673217,0.08689915119388339,-2.041297435760498,-1.501254677772522,0.421,-11.3535841500805,3.917876679308014
2864601_0.307,member,legacy_marker,-3.0,1000,-1.9536428146362306,0.030492668429706934,-2.0969467163085938,-1.900421142578125,0.502,-11.652896364143537,3.9625316447087098
2864601_0.339,member,legacy_marker,-3.0,1000,-1.9339548234939574,0.01219917785257252,-1.9746531248092651,-1.892684817314148,0.107,-11.48446545197084,3.940010333664017
2864601_0.426,member,legacy_marker,-3.0,1000,-2.2914507937431337,0.09461860429699218,-2.9487195014953613,-1.913529872894287,0.999,-13.708743890693272,4.2962247899838255
2864601_0.379,member,legacy_marker,-3.0,1000,-1.6048667154312133,0.12695752474758124,-1.8939305543899536,-1.0964447259902954,0.0,-9.791616885670674,3.6356707686253356
ensemble_mean,ensemble,legacy_marker,-3.0,1000,-2.0333261026257277,0.014040339664300147,-2.101462104320526,-2.0043820977210998,1.0,-12.07764621120431,4.038100098866421
