member_id,layer_index,layer_name,concept,estimand,canonical_function,stable_rows,unstable_rows,encoded_r2,encoded_r2_stable_or_near_floor,encoded_r2_unstable,permuted_r2,nonzero_fraction,outer_split_unit,inner_split_unit,encoded_column,used_column,validity_tag,control_type
2864601_0.437,0,canonical_atrous_relu_pool_1,log_f_Q,"native max(log Q, -2)",invariant_tilde_f,240,760,0.6662505132647814,0.7874905437723281,0.6036093349852234,-0.00018144667313313434,0.9,equilibrium_files,equilibrium_files,True,False,observed-comparison,
2864601_0.437,0,canonical_atrous_relu_pool_1,f_stab,"native max(log Q, -2)",invariant_tilde_f,240,760,0.77704086624156,0.8343065298156546,0.7525828674056144,-0.00024223340875106913,0.8,equilibrium_files,equilibrium_files,True,False,observed-comparison,
2864601_0.437,0,canonical_atrous_relu_pool_1,log_compression,"native max(log Q, -2)",invariant_tilde_f,240,760,0.8341650441515271,0.8423767924433154,0.8311318922514797,-0.006307478980146719,0.6,equilibrium_files,equilibrium_files,True,False,observed-comparison,
2864601_0.437,0,canonical_atrous_relu_pool_1,bad_curvature,"native max(log Q, -2)",invariant_tilde_f,240,760,0.9885166596486687,0.9795153156700782,0.9898792555582082,-0.003489515284592404,0.8,equilibrium_files,equilibrium_files,True,False,observed-comparison,
2864601_0.437,0,canonical_atrous_relu_pool_1,geodesic_curvature,"native max(log Q, -2)",invariant_tilde_f,240,760,0.8405042844018631,0.882652821134511,0.8264558617040438,-0.002579342967895748,0.8333333333333334,equilibrium_files,equilibrium_files,True,False,observed-comparison,
2864601_0.437,0,canonical_atrous_relu_pool_1,parallel_scale,"native max(log Q, -2)",invariant_tilde_f,240,760,0.8659937075041803,0.8765661010010067,0.8629615579489934,-0.0033641896787486303,0.7666666666666667,equilibrium_files,equilibrium_files,True,False,observed-comparison,
2864601_0.437,0,canonical_atrous_relu_pool_1,cross_channel_colocation,"native max(log Q, -2)",invariant_tilde_f,240,760,0.8005768362284709,0.753943582710262,0.8028955354483378,-0.003138921145344975,0.8666666666666667,equilibrium_files,equilibrium_files,True,False,observed-comparison,
2864601_0.437,0,canonical_atrous_relu_pool_1,log_FSA_grad_x,"native max(log Q, -2)",invariant_tilde_f,240,760,0.853335585178985,0.930102975857653,0.8272745669854472,-0.003697025817528843,0.9666666666666667,equilibrium_files,equilibrium_files,True,False,observed-comparison,
2864601_0.437,0,canonical_atrous_relu_pool_1,local_Qz_concentration,"native max(log Q, -2)",invariant_tilde_f,240,760,0.11612104395788281,-0.12264733012755968,0.17784624407046445,-0.006002477853321864,0.9666666666666667,equilibrium_files,equilibrium_files,True,False,observed-comparison,
2864601_0.437,0,canonical_atrous_relu_pool_1,log10_zonal_phi2,"native max(log Q, -2)",invariant_tilde_f,240,760,0.029547372875244005,-3.238779093169831,-3.417662804763596,-0.013302952507365795,0.26666666666666666,equilibrium_files,equilibrium_files,True,False,observed-comparison,
2864601_0.437,0,canonical_atrous_relu_pool_1,random_concept_control,"native max(log Q, -2)",,,,-0.0018675812981603368,,,,,equilibrium_files,equilibrium_files,,,observed-comparison,equilibrium_level_random_concept
2864601_0.437,1,canonical_atrous_relu_pool_2,log_f_Q,"native max(log Q, -2)",invariant_tilde_f,240,760,0.8368762183989719,0.8431165028945125,0.8273460439941255,-0.0006930825071249647,0.6896551724137931,equilibrium_files,equilibrium_files,True,False,observed-comparison,
2864601_0.437,1,canonical_atrous_relu_pool_2,f_stab,"native max(log Q, -2)",invariant_tilde_f,240,760,0.8728057232869844,0.9095078949903802,0.8576095642145929,-0.0032949178278141034,0.5172413793103449,equilibrium_files,equilibrium_files,True,False,observed-comparison,
2864601_0.437,1,canonical_atrous_relu_pool_2,log_compression,"native max(log Q, -2)",invariant_tilde_f,240,760,0.8069006992023512,0.7699382726685706,0.8147061121541741,-0.0011488562673109826,0.6896551724137931,equilibrium_files,equilibrium_files,True,False,observed-comparison,
2864601_0.437,1,canonical_atrous_relu_pool_2,bad_curvature,"native max(log Q, -2)",invariant_tilde_f,240,760,0.9635700985316547,0.9543948550439469,0.9648334134104698,-0.0019194613215114398,0.6551724137931034,equilibrium_files,equilibrium_files,True,False,observed-comparison,
2864601_0.437,1,canonical_atrous_relu_pool_2,geodesic_curvature,"native max(log Q, -2)",invariant_tilde_f,240,760,0.8475959109065738,0.8486344047604031,0.84506778502148,-0.000638059145950276,0.7931034482758621,equilibrium_files,equilibrium_files,True,False,observed-comparison,
2864601_0.437,1,canonical_atrous_relu_pool_2,parallel_scale,"native max(log Q, -2)",invariant_tilde_f,240,760,0.5851025924325635,0.6054841933562354,0.5783759432876306,-0.001526400446902887,1.0,equilibrium_files,equilibrium_files,True,False,observed-comparison,
2864601_0.437,1,canonical_atrous_relu_pool_2,cross_channel_colocation,"native max(log Q, -2)",invariant_tilde_f,240,760,0.7574119351606717,0.8095307531386432,0.7497283875954213,-0.0011057544835331168,0.5517241379310345,equilibrium_files,equilibrium_files,True,False,observed-comparison,
2864601_0.437,1,canonical_atrous_relu_pool_2,log_FSA_grad_x,"native max(log Q, -2)",invariant_tilde_f,240,760,0.8984190094544947,0.9114361187359652,0.8927798907024023,-0.002077625906827363,0.8620689655172413,equilibrium_files,equilibrium_files,True,False,observed-comparison,
2864601_0.437,1,canonical_atrous_relu_pool_2,local_Qz_concentration,"native max(log Q, -2)",invariant_tilde_f,240,760,0.22380095147322798,-0.0461463257078627,0.2936418581114507,-0.0016965593889544106,0.5517241379310345,equilibrium_files,equilibrium_files,True,False,observed-comparison,
2864601_0.437,1,canonical_atrous_relu_pool_2,log10_zonal_phi2,"native max(log Q, -2)",invariant_tilde_f,240,760,0.027092116553119827,-3.231354628368522,-3.487017207103059,-0.022794824652794254,0.41379310344827586,equilibrium_files,equilibrium_files,True,False,observed-comparison,
2864601_0.437,1,canonical_atrous_relu_pool_2,random_concept_control,"native max(log Q, -2)",,,,-0.0022791902498608962,,,,,equilibrium_files,equilibrium_files,,,observed-comparison,equilibrium_level_random_concept
2864601_0.437,2,canonical_atrous_relu_pool_3,log_f_Q,"native max(log Q, -2)",invariant_tilde_f,240,760,0.8227834425148741,0.8145867380423497,0.8183863439282506,-0.0023118109857105384,0.7692307692307693,equilibrium_files,equilibrium_files,True,False,observed-comparison,
2864601_0.437,2,canonical_atrous_relu_pool_3,f_stab,"native max(log Q, -2)",invariant_tilde_f,240,760,0.8900386346851858,0.9065079983814266,0.8816056360649664,-0.0041839766607352225,0.9615384615384616,equilibrium_files,equilibrium_files,True,False,observed-comparison,
2864601_0.437,2,canonical_atrous_relu_pool_3,log_compression,"native max(log Q, -2)",invariant_tilde_f,240,760,0.7449985909243819,0.6995974113741317,0.7544751482368195,-0.0032834851587271174,0.8461538461538461,equilibrium_files,equilibrium_files,True,False,observed-comparison,
2864601_0.437,2,canonical_atrous_relu_pool_3,bad_curvature,"native max(log Q, -2)",invariant_tilde_f,240,760,0.8327848798782881,0.8309287542193601,0.8322284049339127,-0.002051511774118442,0.46153846153846156,equilibrium_files,equilibrium_files,True,False,observed-comparison,
2864601_0.437,2,canonical_atrous_relu_pool_3,geodesic_curvature,"native max(log Q, -2)",invariant_tilde_f,240,760,0.8207037663776053,0.8473490860570023,0.8106695290136539,-0.0032275856786514456,0.9230769230769231,equilibrium_files,equilibrium_files,True,False,observed-comparison,
2864601_0.437,2,canonical_atrous_relu_pool_3,parallel_scale,"native max(log Q, -2)",invariant_tilde_f,240,760,0.5611051543329091,0.617030635059787,0.5465853772498152,-0.0005333740236621587,0.6153846153846154,equilibrium_files,equilibrium_files,True,False,observed-comparison,
2864601_0.437,2,canonical_atrous_relu_pool_3,cross_channel_colocation,"native max(log Q, -2)",invariant_tilde_f,240,760,0.7915393820507197,0.7537623999117617,0.7929045427704589,-0.0031674884046599683,0.6538461538461539,equilibrium_files,equilibrium_files,True,False,observed-comparison,
2864601_0.437,2,canonical_atrous_relu_pool_3,log_FSA_grad_x,"native max(log Q, -2)",invariant_tilde_f,240,760,0.8810775382012361,0.8885174316210096,0.8768864983334939,-0.0007777385212965893,0.9615384615384616,equilibrium_files,equilibrium_files,True,False,observed-comparison,
2864601_0.437,2,canonical_atrous_relu_pool_3,local_Qz_concentration,"native max(log Q, -2)",invariant_tilde_f,240,760,0.24444621053661442,-0.08790345817030154,0.33048166430677584,-0.0016377499936375273,0.6923076923076923,equilibrium_files,equilibrium_files,True,False,observed-comparison,
2864601_0.437,2,canonical_atrous_relu_pool_3,log10_zonal_phi2,"native max(log Q, -2)",invariant_tilde_f,240,760,0.04651385098276084,-3.1380720705665937,-3.425698818787592,-0.008800919391567241,0.5384615384615384,equilibrium_files,equilibrium_files,True,False,observed-comparison,
2864601_0.437,2,canonical_atrous_relu_pool_3,random_concept_control,"native max(log Q, -2)",,,,-0.00414710400474827,,,,,equilibrium_files,equilibrium_files,,,observed-comparison,equilibrium_level_random_concept
2864601_0.437,3,canonical_atrous_relu_pool_4,log_f_Q,"native max(log Q, -2)",invariant_tilde_f,240,760,0.8699366216898822,0.8657783260640579,0.8659707251905502,-0.003222772838918919,0.7419354838709677,equilibrium_files,equilibrium_files,True,False,observed-comparison,
2864601_0.437,3,canonical_atrous_relu_pool_4,f_stab,"native max(log Q, -2)",invariant_tilde_f,240,760,0.8172043460211786,0.8537561087848657,0.8003576399098563,-0.0012821006732379736,0.4838709677419355,equilibrium_files,equilibrium_files,True,False,observed-comparison,
2864601_0.437,3,canonical_atrous_relu_pool_4,log_compression,"native max(log Q, -2)",invariant_tilde_f,240,760,0.7367813073062373,0.7033230154962606,0.7432964279431735,-0.0007672627840293877,0.7741935483870968,equilibrium_files,equilibrium_files,True,False,observed-comparison,
2864601_0.437,3,canonical_atrous_relu_pool_4,bad_curvature,"native max(log Q, -2)",invariant_tilde_f,240,760,0.8695815471615285,0.8185243761073052,0.8769787777706665,-0.0018905386458345497,0.8709677419354839,equilibrium_files,equilibrium_files,True,False,observed-comparison,
2864601_0.437,3,canonical_atrous_relu_pool_4,geodesic_curvature,"native max(log Q, -2)",invariant_tilde_f,240,760,0.7430520471354443,0.7516909933051521,0.7368769254915233,-0.001749505689790709,0.8387096774193549,equilibrium_files,equilibrium_files,True,False,observed-comparison,
2864601_0.437,3,canonical_atrous_relu_pool_4,parallel_scale,"native max(log Q, -2)",invariant_tilde_f,240,760,0.5166638720745287,0.48646643419920754,0.520449425855682,-0.0004306966191847117,0.6129032258064516,equilibrium_files,equilibrium_files,True,False,observed-comparison,
2864601_0.437,3,canonical_atrous_relu_pool_4,cross_channel_colocation,"native max(log Q, -2)",invariant_tilde_f,240,760,0.7641131042724187,0.6281188361838068,0.7746566568711608,-0.0026405139245979647,0.5806451612903226,equilibrium_files,equilibrium_files,True,False,observed-comparison,
2864601_0.437,3,canonical_atrous_relu_pool_4,log_FSA_grad_x,"native max(log Q, -2)",invariant_tilde_f,240,760,0.8608369385830873,0.8953235782821082,0.8479639777986904,-0.0012661758733287787,0.9032258064516129,equilibrium_files,equilibrium_files,True,False,observed-comparison,
2864601_0.437,3,canonical_atrous_relu_pool_4,local_Qz_concentration,"native max(log Q, -2)",invariant_tilde_f,240,760,0.39336337411958744,-0.07573045051864735,0.514912193288597,-0.0022611525186060355,0.6774193548387096,equilibrium_files,equilibrium_files,True,False,observed-comparison,
2864601_0.437,3,canonical_atrous_relu_pool_4,log10_zonal_phi2,"native max(log Q, -2)",invariant_tilde_f,240,760,0.05094941041269718,-3.1044811563011114,-3.451082125748382,-0.01445786499545676,0.5161290322580645,equilibrium_files,equilibrium_files,True,False,observed-comparison,
2864601_0.437,3,canonical_atrous_relu_pool_4,random_concept_control,"native max(log Q, -2)",,,,-0.00224409567063244,,,,,equilibrium_files,equilibrium_files,,,observed-comparison,equilibrium_level_random_concept
2864601_0.437,4,canonical_atrous_relu_pool_5,log_f_Q,"native max(log Q, -2)",invariant_tilde_f,240,760,0.8568092815338719,0.8772913346611686,0.8424760225403641,-0.004364976284165101,0.7,equilibrium_files,equilibrium_files,True,False,observed-comparison,
2864601_0.437,4,canonical_atrous_relu_pool_5,f_stab,"native max(log Q, -2)",invariant_tilde_f,240,760,0.727070535600705,0.7693808702528198,0.7056977993686214,-0.007060653839449538,0.9,equilibrium_files,equilibrium_files,True,False,observed-comparison,
2864601_0.437,4,canonical_atrous_relu_pool_5,log_compression,"native max(log Q, -2)",invariant_tilde_f,240,760,0.5061255639990938,0.4587444360217715,0.5145979740986488,-0.004392533913888164,0.9,equilibrium_files,equilibrium_files,True,False,observed-comparison,
2864601_0.437,4,canonical_atrous_relu_pool_5,bad_curvature,"native max(log Q, -2)",invariant_tilde_f,240,760,0.5167161346058384,0.5299468268816102,0.5121724078257265,-0.003681298414046408,0.9,equilibrium_files,equilibrium_files,True,False,observed-comparison,
2864601_0.437,4,canonical_atrous_relu_pool_5,geodesic_curvature,"native max(log Q, -2)",invariant_tilde_f,240,760,0.5481237941633053,0.6433763682191789,0.515031770956557,-0.000597914606198735,0.9,equilibrium_files,equilibrium_files,True,False,observed-comparison,
2864601_0.437,4,canonical_atrous_relu_pool_5,parallel_scale,"native max(log Q, -2)",invariant_tilde_f,240,760,0.3071203963596053,0.3077575926140852,0.30308304921004126,-0.0026812509355749192,0.8,equilibrium_files,equilibrium_files,True,False,observed-comparison,
2864601_0.437,4,canonical_atrous_relu_pool_5,cross_channel_colocation,"native max(log Q, -2)",invariant_tilde_f,240,760,0.4076952368078637,0.2593423308910153,0.41553235475396033,-0.004034871446617849,0.8,equilibrium_files,equilibrium_files,True,False,observed-comparison,
2864601_0.437,4,canonical_atrous_relu_pool_5,log_FSA_grad_x,"native max(log Q, -2)",invariant_tilde_f,240,760,0.7327385646753284,0.7741189250178502,0.715697444265727,-0.0015663423010499056,0.8,equilibrium_files,equilibrium_files,True,False,observed-comparison,
2864601_0.437,4,canonical_atrous_relu_pool_5,local_Qz_concentration,"native max(log Q, -2)",invariant_tilde_f,240,760,0.33859331464364717,-0.04654235479588098,0.4383467626096177,-0.003365142170849156,0.7,equilibrium_files,equilibrium_files,True,False,observed-comparison,
2864601_0.437,4,canonical_atrous_relu_pool_5,log10_zonal_phi2,"native max(log Q, -2)",invariant_tilde_f,240,760,0.043619520989971905,-3.1463306110368032,-3.4529258948321955,-0.002814699013723443,0.6,equilibrium_files,equilibrium_files,True,False,observed-comparison,
2864601_0.437,4,canonical_atrous_relu_pool_5,random_concept_control,"native max(log Q, -2)",,,,-0.0012753144887300838,,,,,equilibrium_files,equilibrium_files,,,observed-comparison,equilibrium_level_random_concept
2864601_0.371,0,canonical_atrous_relu_pool_1,log_f_Q,"native max(log Q, -2)",invariant_tilde_f,240,760,0.8358410823557845,0.8467983397688978,0.8243901095084786,-0.0010774086358944501,0.90625,equilibrium_files,equilibrium_files,True,False,observed-comparison,
2864601_0.371,0,canonical_atrous_relu_pool_1,f_stab,"native max(log Q, -2)",invariant_tilde_f,240,760,0.8697760625979492,0.9042832350788166,0.855164099020004,-0.004249494830579126,0.90625,equilibrium_files,equilibrium_files,True,False,observed-comparison,
2864601_0.371,0,canonical_atrous_relu_pool_1,log_compression,"native max(log Q, -2)",invariant_tilde_f,240,760,0.8896364517638894,0.8672165437340307,0.8944129859890125,-0.006022670105191086,0.53125,equilibrium_files,equilibrium_files,True,False,observed-comparison,
2864601_0.371,0,canonical_atrous_relu_pool_1,bad_curvature,"native max(log Q, -2)",invariant_tilde_f,240,760,0.9930533546495018,0.9920229521329736,0.9931807217596621,-0.0020971504342157665,0.625,equilibrium_files,equilibrium_files,True,False,observed-comparison,
2864601_0.371,0,canonical_atrous_relu_pool_1,geodesic_curvature,"native max(log Q, -2)",invariant_tilde_f,240,760,0.965529797063226,0.9697383494815844,0.9638545241830341,-0.003408493991834627,0.84375,equilibrium_files,equilibrium_files,True,False,observed-comparison,
2864601_0.371,0,canonical_atrous_relu_pool_1,parallel_scale,"native max(log Q, -2)",invariant_tilde_f,240,760,0.8878414421913261,0.8699850547624793,0.891057347722361,-0.0008230772369068884,0.8125,equilibrium_files,equilibrium_files,True,False,observed-comparison,
2864601_0.371,0,canonical_atrous_relu_pool_1,cross_channel_colocation,"native max(log Q, -2)",invariant_tilde_f,240,760,0.861958206874708,0.8348796925798067,0.8630612755800521,-0.001773188826623473,0.875,equilibrium_files,equilibrium_files,True,False,observed-comparison,
2864601_0.371,0,canonical_atrous_relu_pool_1,log_FSA_grad_x,"native max(log Q, -2)",invariant_tilde_f,240,760,0.9646490059775015,0.9663383551676246,0.9635645953899431,-0.0017784447785620383,0.9375,equilibrium_files,equilibrium_files,True,False,observed-comparison,
2864601_0.371,0,canonical_atrous_relu_pool_1,local_Qz_concentration,"native max(log Q, -2)",invariant_tilde_f,240,760,0.1843949969882822,-0.15412011047149599,0.2720150490154467,-0.0008236702803459117,0.71875,equilibrium_files,equilibrium_files,True,False,observed-comparison,
2864601_0.371,0,canonical_atrous_relu_pool_1,log10_zonal_phi2,"native max(log Q, -2)",invariant_tilde_f,240,760,0.02380657646891904,-3.267039415112734,-3.43358449142523,-0.004061251845068892,0.28125,equilibrium_files,equilibrium_files,True,False,observed-comparison,
2864601_0.371,0,canonical_atrous_relu_pool_1,random_concept_control,"native max(log Q, -2)",,,,-0.003078250796619386,,,,,equilibrium_files,equilibrium_files,,,observed-comparison,equilibrium_level_random_concept
2864601_0.371,1,canonical_atrous_relu_pool_2,log_f_Q,"native max(log Q, -2)",invariant_tilde_f,240,760,0.8260592417826658,0.8354674276662857,0.8148017251868869,-0.006487901219521808,0.6451612903225806,equilibrium_files,equilibrium_files,True,False,observed-comparison,
2864601_0.371,1,canonical_atrous_relu_pool_2,f_stab,"native max(log Q, -2)",invariant_tilde_f,240,760,0.8756187360851674,0.9050525160724829,0.8627490756124032,-0.003089396825042501,0.5161290322580645,equilibrium_files,equilibrium_files,True,False,observed-comparison,
2864601_0.371,1,canonical_atrous_relu_pool_2,log_compression,"native max(log Q, -2)",invariant_tilde_f,240,760,0.7782159761753479,0.7181432177091033,0.7914744983411118,-0.004132396933768767,0.8387096774193549,equilibrium_files,equilibrium_files,True,False,observed-comparison,
2864601_0.371,1,canonical_atrous_relu_pool_2,bad_curvature,"native max(log Q, -2)",invariant_tilde_f,240,760,0.9616076481924936,0.9256327724127459,0.9670915266541819,-0.0009440000443858843,0.8709677419354839,equilibrium_files,equilibrium_files,True,False,observed-comparison,
2864601_0.371,1,canonical_atrous_relu_pool_2,geodesic_curvature,"native max(log Q, -2)",invariant_tilde_f,240,760,0.8253289770252112,0.8370208404676797,0.8195152209855645,-0.0032735915854367192,0.7419354838709677,equilibrium_files,equilibrium_files,True,False,observed-comparison,
2864601_0.371,1,canonical_atrous_relu_pool_2,parallel_scale,"native max(log Q, -2)",invariant_tilde_f,240,760,0.6235708361772232,0.5020787858419901,0.6476278848577499,-0.0023429507123782223,0.6774193548387096,equilibrium_files,equilibrium_files,True,False,observed-comparison,
2864601_0.371,1,canonical_atrous_relu_pool_2,cross_channel_colocation,"native max(log Q, -2)",invariant_tilde_f,240,760,0.8257023656610485,0.7356136556586144,0.8324895849046888,-0.0028748640936071546,0.6129032258064516,equilibrium_files,equilibrium_files,True,False,observed-comparison,
2864601_0.371,1,canonical_atrous_relu_pool_2,log_FSA_grad_x,"native max(log Q, -2)",invariant_tilde_f,240,760,0.902859606290498,0.9101020983834589,0.8990760162376027,-0.0042089474837399,0.9032258064516129,equilibrium_files,equilibrium_files,True,False,observed-comparison,
2864601_0.371,1,canonical_atrous_relu_pool_2,local_Qz_concentration,"native max(log Q, -2)",invariant_tilde_f,240,760,0.24678069047411355,-0.08696229312470583,0.3331782006264372,-0.002312751572521199,0.5806451612903226,equilibrium_files,equilibrium_files,True,False,observed-comparison,
2864601_0.371,1,canonical_atrous_relu_pool_2,log10_zonal_phi2,"native max(log Q, -2)",invariant_tilde_f,240,760,0.047145270438502584,-3.1280642049097853,-3.4460650348147377,-0.005050896074892952,0.3870967741935484,equilibrium_files,equilibrium_files,True,False,observed-comparison,
2864601_0.371,1,canonical_atrous_relu_pool_2,random_concept_control,"native max(log Q, -2)",,,,-0.0010180879541701326,,,,,equilibrium_files,equilibrium_files,,,observed-comparison,equilibrium_level_random_concept
2864601_0.371,2,canonical_atrous_relu_pool_3,log_f_Q,"native max(log Q, -2)",invariant_tilde_f,240,760,0.8036196440551774,0.8140940616164157,0.7909684890221094,-0.0023946726282109143,0.6666666666666666,equilibrium_files,equilibrium_files,True,False,observed-comparison,
2864601_0.371,2,canonical_atrous_relu_pool_3,f_stab,"native max(log Q, -2)",invariant_tilde_f,240,760,0.8073484940539426,0.8572534077578051,0.7860845811899427,-0.004424171568043311,0.6666666666666666,equilibrium_files,equilibrium_files,True,False,observed-comparison,
2864601_0.371,2,canonical_atrous_relu_pool_3,log_compression,"native max(log Q, -2)",invariant_tilde_f,240,760,0.629032112782695,0.5298776587244739,0.6508857892500046,-0.003085838487916215,0.9444444444444444,equilibrium_files,equilibrium_files,True,False,observed-comparison,
2864601_0.371,2,canonical_atrous_relu_pool_3,bad_curvature,"native max(log Q, -2)",invariant_tilde_f,240,760,0.6178159925970073,0.7109133814836538,0.6011782815251463,-0.0016208222816771478,0.5,equilibrium_files,equilibrium_files,True,False,observed-comparison,
2864601_0.371,2,canonical_atrous_relu_pool_3,geodesic_curvature,"native max(log Q, -2)",invariant_tilde_f,240,760,0.6134630907325243,0.616901371939085,0.6068277228404024,-0.002117358488196608,0.8333333333333334,equilibrium_files,equilibrium_files,True,False,observed-comparison,
2864601_0.371,2,canonical_atrous_relu_pool_3,parallel_scale,"native max(log Q, -2)",invariant_tilde_f,240,760,0.5444137764078181,0.5025074835165813,0.5508782413726302,-0.0015295666497725513,0.6111111111111112,equilibrium_files,equilibrium_files,True,False,observed-comparison,
2864601_0.371,2,canonical_atrous_relu_pool_3,cross_channel_colocation,"native max(log Q, -2)",invariant_tilde_f,240,760,0.5000516495268206,0.38278847322460685,0.5058988138609709,-0.0018333057757637938,0.7222222222222222,equilibrium_files,equilibrium_files,True,False,observed-comparison,
2864601_0.371,2,canonical_atrous_relu_pool_3,log_FSA_grad_x,"native max(log Q, -2)",invariant_tilde_f,240,760,0.8501986469521114,0.8666741685897946,0.8427236281477414,-0.0023566583274423625,1.0,equilibrium_files,equilibrium_files,True,False,observed-comparison,
2864601_0.371,2,canonical_atrous_relu_pool_3,local_Qz_concentration,"native max(log Q, -2)",invariant_tilde_f,240,760,0.2758184519962664,-0.057886424000642256,0.36221329847465966,-0.00026365569757791363,0.6111111111111112,equilibrium_files,equilibrium_files,True,False,observed-comparison,
2864601_0.371,2,canonical_atrous_relu_pool_3,log10_zonal_phi2,"native max(log Q, -2)",invariant_tilde_f,240,760,0.022595306005099736,-3.245384757469803,-3.5254748615825546,-0.017582433237822936,0.4444444444444444,equilibrium_files,equilibrium_files,True,False,observed-comparison,
2864601_0.371,2,canonical_atrous_relu_pool_3,random_concept_control,"native max(log Q, -2)",,,,-0.0031751157184369827,,,,,equilibrium_files,equilibrium_files,,,observed-comparison,equilibrium_level_random_concept
2864601_0.371,3,canonical_atrous_relu_pool_4,log_f_Q,"native max(log Q, -2)",invariant_tilde_f,240,760,0.8439275075416688,0.8618775510091938,0.8300447051953073,-0.0013462235834396097,0.7894736842105263,equilibrium_files,equilibrium_files,True,False,observed-comparison,
2864601_0.371,3,canonical_atrous_relu_pool_4,f_stab,"native max(log Q, -2)",invariant_tilde_f,240,760,0.7625430402161348,0.8203298510006992,0.7374819226520376,-0.0012223688135590827,1.0,equilibrium_files,equilibrium_files,True,False,observed-comparison,
2864601_0.371,3,canonical_atrous_relu_pool_4,log_compression,"native max(log Q, -2)",invariant_tilde_f,240,760,0.6769337458668666,0.6435555809514375,0.6830568786193429,-0.0072199979071134734,0.8421052631578947,equilibrium_files,equilibrium_files,True,False,observed-comparison,
2864601_0.371,3,canonical_atrous_relu_pool_4,bad_curvature,"native max(log Q, -2)",invariant_tilde_f,240,760,0.5334701784535105,0.39817228702042085,0.5524579721824388,-0.0028605703642843316,0.8947368421052632,equilibrium_files,equilibrium_files,True,False,observed-comparison,
2864601_0.371,3,canonical_atrous_relu_pool_4,geodesic_curvature,"native max(log Q, -2)",invariant_tilde_f,240,760,0.5498097617951685,0.5956975731622398,0.5304508928001297,-0.002550397275431493,0.7894736842105263,equilibrium_files,equilibrium_files,True,False,observed-comparison,
2864601_0.371,3,canonical_atrous_relu_pool_4,parallel_scale,"native max(log Q, -2)",invariant_tilde_f,240,760,0.3385091940197459,0.26565448693211213,0.3504826120069583,-0.0007981444454421283,0.8947368421052632,equilibrium_files,equilibrium_files,True,False,observed-comparison,
2864601_0.371,3,canonical_atrous_relu_pool_4,cross_channel_colocation,"native max(log Q, -2)",invariant_tilde_f,240,760,0.4428255288598568,0.35159503491100397,0.4455343817406967,-0.00013464989002143213,0.7894736842105263,equilibrium_files,equilibrium_files,True,False,observed-comparison,
2864601_0.371,3,canonical_atrous_relu_pool_4,log_FSA_grad_x,"native max(log Q, -2)",invariant_tilde_f,240,760,0.7818728345961147,0.7921128952569566,0.7752384713547831,-0.004259473503444466,0.5263157894736842,equilibrium_files,equilibrium_files,True,False,observed-comparison,
2864601_0.371,3,canonical_atrous_relu_pool_4,local_Qz_concentration,"native max(log Q, -2)",invariant_tilde_f,240,760,0.3831105940607953,-0.07165010241217962,0.5009383369738882,-0.000801330426495328,0.5789473684210527,equilibrium_files,equilibrium_files,True,False,observed-comparison,
2864601_0.371,3,canonical_atrous_relu_pool_4,log10_zonal_phi2,"native max(log Q, -2)",invariant_tilde_f,240,760,0.030537521805936496,-3.2059925638754745,-3.504393049891756,0.0043842240536227095,0.5789473684210527,equilibrium_files,equilibrium_files,True,False,observed-comparison,
2864601_0.371,3,canonical_atrous_relu_pool_4,random_concept_control,"native max(log Q, -2)",,,,-0.00260045182787505,,,,,equilibrium_files,equilibrium_files,,,observed-comparison,equilibrium_level_random_concept
2864601_0.371,4,canonical_atrous_relu_pool_5,log_f_Q,"native max(log Q, -2)",invariant_tilde_f,240,760,0.8642501693766378,0.8871581094089305,0.8492735723905388,-0.0022935585353380805,0.8260869565217391,equilibrium_files,equilibrium_files,True,False,observed-comparison,
2864601_0.371,4,canonical_atrous_relu_pool_5,f_stab,"native max(log Q, -2)",invariant_tilde_f,240,760,0.7657873794978394,0.8285348767983423,0.739296032106775,-0.0018851290362495998,0.5217391304347826,equilibrium_files,equilibrium_files,True,False,observed-comparison,
2864601_0.371,4,canonical_atrous_relu_pool_5,log_compression,"native max(log Q, -2)",invariant_tilde_f,240,760,0.6447922955228766,0.6682739446809736,0.6368595417336256,-0.0036549705874002747,0.8260869565217391,equilibrium_files,equilibrium_files,True,False,observed-comparison,
2864601_0.371,4,canonical_atrous_relu_pool_5,bad_curvature,"native max(log Q, -2)",invariant_tilde_f,240,760,0.5367458104712655,0.4888680917921354,0.5419502817850333,-0.0028028526905559126,0.8260869565217391,equilibrium_files,equilibrium_files,True,False,observed-comparison,
2864601_0.371,4,canonical_atrous_relu_pool_5,geodesic_curvature,"native max(log Q, -2)",invariant_tilde_f,240,760,0.5315311134936253,0.5755041335902837,0.5124353493569874,-0.0008772399384113783,0.8260869565217391,equilibrium_files,equilibrium_files,True,False,observed-comparison,
2864601_0.371,4,canonical_atrous_relu_pool_5,parallel_scale,"native max(log Q, -2)",invariant_tilde_f,240,760,0.3008187066008602,0.23645903438109273,0.31074968879966636,-0.0013557708859357476,0.6521739130434783,equilibrium_files,equilibrium_files,True,False,observed-comparison,
2864601_0.371,4,canonical_atrous_relu_pool_5,cross_channel_colocation,"native max(log Q, -2)",invariant_tilde_f,240,760,0.39551805308385457,0.269803449629499,0.401037254489117,-0.0007490360625892478,0.782608695652174,equilibrium_files,equilibrium_files,True,False,observed-comparison,
2864601_0.371,4,canonical_atrous_relu_pool_5,log_FSA_grad_x,"native max(log Q, -2)",invariant_tilde_f,240,760,0.7851609578897506,0.808674826294381,0.7744760285276183,-0.003417293105537178,0.8260869565217391,equilibrium_files,equilibrium_files,True,False,observed-comparison,
2864601_0.371,4,canonical_atrous_relu_pool_5,local_Qz_concentration,"native max(log Q, -2)",invariant_tilde_f,240,760,0.37173434399613403,-0.05200845226211204,0.48151210468741135,-0.0013856872410302756,0.6956521739130435,equilibrium_files,equilibrium_files,True,False,observed-comparison,
2864601_0.371,4,canonical_atrous_relu_pool_5,log10_zonal_phi2,"native max(log Q, -2)",invariant_tilde_f,240,760,0.034450585360756625,-3.1940913430088225,-3.4699416475108835,-0.0055229905373193056,0.5217391304347826,equilibrium_files,equilibrium_files,True,False,observed-comparison,
2864601_0.371,4,canonical_atrous_relu_pool_5,random_concept_control,"native max(log Q, -2)",,,,-0.002367826483716584,,,,,equilibrium_files,equilibrium_files,,,observed-comparison,equilibrium_level_random_concept
2864601_0.409,0,canonical_atrous_relu_pool_1,log_f_Q,"native max(log Q, -2)",invariant_tilde_f,240,760,0.8323096681509095,0.8303849723034765,0.8258296242303198,-0.0020785615034597527,0.8846153846153846,equilibrium_files,equilibrium_files,True,False,observed-comparison,
2864601_0.409,0,canonical_atrous_relu_pool_1,f_stab,"native max(log Q, -2)",invariant_tilde_f,240,760,0.8689319655011323,0.8755316068933088,0.8628973734654969,-0.0024314161231933085,0.7307692307692307,equilibrium_files,equilibrium_files,True,False,observed-comparison,
2864601_0.409,0,canonical_atrous_relu_pool_1,log_compression,"native max(log Q, -2)",invariant_tilde_f,240,760,0.8874613781538789,0.8459632661770217,0.89687343782042,0.004486591584574429,0.9230769230769231,equilibrium_files,equilibrium_files,True,False,observed-comparison,
2864601_0.409,0,canonical_atrous_relu_pool_1,bad_curvature,"native max(log Q, -2)",invariant_tilde_f,240,760,0.9861016190662045,0.9871955008349098,0.9858583352567986,-0.0007988133105933937,0.5,equilibrium_files,equilibrium_files,True,False,observed-comparison,
2864601_0.409,0,canonical_atrous_relu_pool_1,geodesic_curvature,"native max(log Q, -2)",invariant_tilde_f,240,760,0.9433583416384081,0.9580760497804716,0.9384388893164122,-0.0013609857328293895,0.8076923076923077,equilibrium_files,equilibrium_files,True,False,observed-comparison,
2864601_0.409,0,canonical_atrous_relu_pool_1,parallel_scale,"native max(log Q, -2)",invariant_tilde_f,240,760,0.7289181635214332,0.7219221695501843,0.7288996168862909,-0.001307945891614315,0.8461538461538461,equilibrium_files,equilibrium_files,True,False,observed-comparison,
2864601_0.409,0,canonical_atrous_relu_pool_1,cross_channel_colocation,"native max(log Q, -2)",invariant_tilde_f,240,760,0.8517372616604612,0.7769911344576206,0.857328663688738,-0.0035614696660140055,0.8076923076923077,equilibrium_files,equilibrium_files,True,False,observed-comparison,
2864601_0.409,0,canonical_atrous_relu_pool_1,log_FSA_grad_x,"native max(log Q, -2)",invariant_tilde_f,240,760,0.93165211132638,0.9228280867689178,0.9332925267937124,-0.0020343422305300063,0.6538461538461539,equilibrium_files,equilibrium_files,True,False,observed-comparison,
2864601_0.409,0,canonical_atrous_relu_pool_1,local_Qz_concentration,"native max(log Q, -2)",invariant_tilde_f,240,760,0.19009629179244647,-0.11611624182489,0.26933731915680914,-0.0006518064253864253,0.8461538461538461,equilibrium_files,equilibrium_files,True,False,observed-comparison,
2864601_0.409,0,canonical_atrous_relu_pool_1,log10_zonal_phi2,"native max(log Q, -2)",invariant_tilde_f,240,760,0.026725866837597034,-3.270188401318433,-3.3693260655083668,-0.005442647848653337,0.2692307692307692,equilibrium_files,equilibrium_files,True,False,observed-comparison,
2864601_0.409,0,canonical_atrous_relu_pool_1,random_concept_control,"native max(log Q, -2)",,,,-0.0049147823153310455,,,,,equilibrium_files,equilibrium_files,,,observed-comparison,equilibrium_level_random_concept
2864601_0.409,1,canonical_atrous_relu_pool_2,log_f_Q,"native max(log Q, -2)",invariant_tilde_f,240,760,0.8515205194328743,0.8627196619735586,0.8406508178560339,-0.0016076891358240974,0.6666666666666666,equilibrium_files,equilibrium_files,True,False,observed-comparison,
2864601_0.409,1,canonical_atrous_relu_pool_2,f_stab,"native max(log Q, -2)",invariant_tilde_f,240,760,0.840461167976743,0.9050616099679272,0.8156775984257654,-0.002657174799976403,0.9,equilibrium_files,equilibrium_files,True,False,observed-comparison,
2864601_0.409,1,canonical_atrous_relu_pool_2,log_compression,"native max(log Q, -2)",invariant_tilde_f,240,760,0.8109448186752687,0.8142861927988208,0.8089539899054201,-0.0011543490964951442,1.0,equilibrium_files,equilibrium_files,True,False,observed-comparison,
2864601_0.409,1,canonical_atrous_relu_pool_2,bad_curvature,"native max(log Q, -2)",invariant_tilde_f,240,760,0.973371442434201,0.9716412914331166,0.973509283159265,-0.00021768580126613202,0.6,equilibrium_files,equilibrium_files,True,False,observed-comparison,
2864601_0.409,1,canonical_atrous_relu_pool_2,geodesic_curvature,"native max(log Q, -2)",invariant_tilde_f,240,760,0.8703272643961583,0.8956434570498752,0.8613913900074409,-0.0015508229514749061,0.9,equilibrium_files,equilibrium_files,True,False,observed-comparison,
2864601_0.409,1,canonical_atrous_relu_pool_2,parallel_scale,"native max(log Q, -2)",invariant_tilde_f,240,760,0.6765362740599778,0.7123012053039565,0.6670098924979363,-0.0015599084348718595,0.5333333333333333,equilibrium_files,equilibrium_files,True,False,observed-comparison,
2864601_0.409,1,canonical_atrous_relu_pool_2,cross_channel_colocation,"native max(log Q, -2)",invariant_tilde_f,240,760,0.7492385944844361,0.7404509080233163,0.7473433952702565,-0.0008573423595681362,0.6666666666666666,equilibrium_files,equilibrium_files,True,False,observed-comparison,
2864601_0.409,1,canonical_atrous_relu_pool_2,log_FSA_grad_x,"native max(log Q, -2)",invariant_tilde_f,240,760,0.9355819533667754,0.9373128963418873,0.9340223877863738,-0.0013043250229842762,0.8333333333333334,equilibrium_files,equilibrium_files,True,False,observed-comparison,
2864601_0.409,1,canonical_atrous_relu_pool_2,local_Qz_concentration,"native max(log Q, -2)",invariant_tilde_f,240,760,0.27136677595265357,-0.10773265943552124,0.36953748714168655,-0.002143238534609626,0.9,equilibrium_files,equilibrium_files,True,False,observed-comparison,
2864601_0.409,1,canonical_atrous_relu_pool_2,log10_zonal_phi2,"native max(log Q, -2)",invariant_tilde_f,240,760,0.05231010181329154,-3.121576779964574,-3.3710339759699934,-0.008450852175649448,0.3,equilibrium_files,equilibrium_files,True,False,observed-comparison,
2864601_0.409,1,canonical_atrous_relu_pool_2,random_concept_control,"native max(log Q, -2)",,,,-0.0010055366210288685,,,,,equilibrium_files,equilibrium_files,,,observed-comparison,equilibrium_level_random_concept
2864601_0.409,2,canonical_atrous_relu_pool_3,log_f_Q,"native max(log Q, -2)",invariant_tilde_f,240,760,0.8224833624685592,0.8392056040896547,0.8081623345650681,-0.0007536512376054016,1.0,equilibrium_files,equilibrium_files,True,False,observed-comparison,
2864601_0.409,2,canonical_atrous_relu_pool_3,f_stab,"native max(log Q, -2)",invariant_tilde_f,240,760,0.847794535555227,0.89101469645766,0.8298257342435962,-0.000954327065914029,1.0,equilibrium_files,equilibrium_files,True,False,observed-comparison,
2864601_0.409,2,canonical_atrous_relu_pool_3,log_compression,"native max(log Q, -2)",invariant_tilde_f,240,760,0.7204723255848882,0.67475626952919,0.7298729738285391,-0.0016497606194090242,0.9166666666666666,equilibrium_files,equilibrium_files,True,False,observed-comparison,
2864601_0.409,2,canonical_atrous_relu_pool_3,bad_curvature,"native max(log Q, -2)",invariant_tilde_f,240,760,0.42743822352360517,0.4730404353855696,0.4173308515152476,-0.0010716343223189373,0.9166666666666666,equilibrium_files,equilibrium_files,True,False,observed-comparison,
2864601_0.409,2,canonical_atrous_relu_pool_3,geodesic_curvature,"native max(log Q, -2)",invariant_tilde_f,240,760,0.7065278994762166,0.7662611019367083,0.6856273666360029,-0.00278082689350323,0.9166666666666666,equilibrium_files,equilibrium_files,True,False,observed-comparison,
2864601_0.409,2,canonical_atrous_relu_pool_3,parallel_scale,"native max(log Q, -2)",invariant_tilde_f,240,760,0.4860633681167358,0.5296416724489345,0.47378143982101284,-0.0007738912626560346,0.6666666666666666,equilibrium_files,equilibrium_files,True,False,observed-comparison,
2864601_0.409,2,canonical_atrous_relu_pool_3,cross_channel_colocation,"native max(log Q, -2)",invariant_tilde_f,240,760,0.36784677508464836,0.24780032566312027,0.37251625795151766,-0.0013695937060305141,0.8333333333333334,equilibrium_files,equilibrium_files,True,False,observed-comparison,
2864601_0.409,2,canonical_atrous_relu_pool_3,log_FSA_grad_x,"native max(log Q, -2)",invariant_tilde_f,240,760,0.9043206292804904,0.9159939539650866,0.8991907297332129,-0.003197899479827404,1.0,equilibrium_files,equilibrium_files,True,False,observed-comparison,
2864601_0.409,2,canonical_atrous_relu_pool_3,local_Qz_concentration,"native max(log Q, -2)",invariant_tilde_f,240,760,0.18109841022040107,-0.09460309555466062,0.25242154777319925,-0.0009844260746456612,0.75,equilibrium_files,equilibrium_files,True,False,observed-comparison,
2864601_0.409,2,canonical_atrous_relu_pool_3,log10_zonal_phi2,"native max(log Q, -2)",invariant_tilde_f,240,760,0.023540103270429547,-3.2818056936692583,-3.3911934496986804,-0.0012967547409847846,0.5833333333333334,equilibrium_files,equilibrium_files,True,False,observed-comparison,
2864601_0.409,2,canonical_atrous_relu_pool_3,random_concept_control,"native max(log Q, -2)",,,,-0.0006736690921469446,,,,,equilibrium_files,equilibrium_files,,,observed-comparison,equilibrium_level_random_concept
2864601_0.409,3,canonical_atrous_relu_pool_4,log_f_Q,"native max(log Q, -2)",invariant_tilde_f,240,760,0.8815274823876178,0.887903528838602,0.873872599616606,-0.0008288851705622324,0.8421052631578947,equilibrium_files,equilibrium_files,True,False,observed-comparison,
2864601_0.409,3,canonical_atrous_relu_pool_4,f_stab,"native max(log Q, -2)",invariant_tilde_f,240,760,0.8756100600321205,0.9124555119292359,0.8604553179125748,-0.0017048862346971116,0.8947368421052632,equilibrium_files,equilibrium_files,True,False,observed-comparison,
2864601_0.409,3,canonical_atrous_relu_pool_4,log_compression,"native max(log Q, -2)",invariant_tilde_f,240,760,0.8094399467218577,0.7223885807871286,0.8294670594422389,-0.0009138202462581901,0.8947368421052632,equilibrium_files,equilibrium_files,True,False,observed-comparison,
2864601_0.409,3,canonical_atrous_relu_pool_4,bad_curvature,"native max(log Q, -2)",invariant_tilde_f,240,760,0.6121129301743216,0.6326684087767134,0.6068975588195407,-0.0018475200185203988,0.8421052631578947,equilibrium_files,equilibrium_files,True,False,observed-comparison,
2864601_0.409,3,canonical_atrous_relu_pool_4,geodesic_curvature,"native max(log Q, -2)",invariant_tilde_f,240,760,0.6399333885911704,0.7037689050270337,0.6169149838337351,-0.0025740744547573247,1.0,equilibrium_files,equilibrium_files,True,False,observed-comparison,
2864601_0.409,3,canonical_atrous_relu_pool_4,parallel_scale,"native max(log Q, -2)",invariant_tilde_f,240,760,0.49072536009947054,0.38637027684142145,0.5103424331121711,-0.00410376293540371,1.0,equilibrium_files,equilibrium_files,True,False,observed-comparison,
2864601_0.409,3,canonical_atrous_relu_pool_4,cross_channel_colocation,"native max(log Q, -2)",invariant_tilde_f,240,760,0.54642989547592,0.3791705399556393,0.5576092882555902,-0.0009501098242712391,0.631578947368421,equilibrium_files,equilibrium_files,True,False,observed-comparison,
2864601_0.409,3,canonical_atrous_relu_pool_4,log_FSA_grad_x,"native max(log Q, -2)",invariant_tilde_f,240,760,0.9032094509624709,0.9128527234114303,0.8986893567958227,-0.001719232834914708,0.8947368421052632,equilibrium_files,equilibrium_files,True,False,observed-comparison,
2864601_0.409,3,canonical_atrous_relu_pool_4,local_Qz_concentration,"native max(log Q, -2)",invariant_tilde_f,240,760,0.3768630385907292,-0.12730952025106812,0.5075084315615026,-0.0008315931042364166,0.42105263157894735,equilibrium_files,equilibrium_files,True,False,observed-comparison,
2864601_0.409,3,canonical_atrous_relu_pool_4,log10_zonal_phi2,"native max(log Q, -2)",invariant_tilde_f,240,760,0.024766123446169352,-3.234082632514488,-3.521428287455975,-0.008409986961823712,0.47368421052631576,equilibrium_files,equilibrium_files,True,False,observed-comparison,
2864601_0.409,3,canonical_atrous_relu_pool_4,random_concept_control,"native max(log Q, -2)",,,,-0.0029666812974991075,,,,,equilibrium_files,equilibrium_files,,,observed-comparison,equilibrium_level_random_concept
2864601_0.409,4,canonical_atrous_relu_pool_5,log_f_Q,"native max(log Q, -2)",invariant_tilde_f,240,760,0.9038762882234375,0.9100443707223378,0.8972697638248084,-0.0005365757910542612,0.7741935483870968,equilibrium_files,equilibrium_files,True,False,observed-comparison,
2864601_0.409,4,canonical_atrous_relu_pool_5,f_stab,"native max(log Q, -2)",invariant_tilde_f,240,760,0.8679204242388996,0.9088408860399699,0.8512747852510317,-0.0017936813824954712,0.7741935483870968,equilibrium_files,equilibrium_files,True,False,observed-comparison,
2864601_0.409,4,canonical_atrous_relu_pool_5,log_compression,"native max(log Q, -2)",invariant_tilde_f,240,760,0.8389365261108245,0.770984278850398,0.8544930526002924,-0.0031444328392811194,0.967741935483871,equilibrium_files,equilibrium_files,True,False,observed-comparison,
2864601_0.409,4,canonical_atrous_relu_pool_5,bad_curvature,"native max(log Q, -2)",invariant_tilde_f,240,760,0.6920220915050297,0.6531235719111029,0.6965979533202282,-0.001589547530724822,0.967741935483871,equilibrium_files,equilibrium_files,True,False,observed-comparison,
2864601_0.409,4,canonical_atrous_relu_pool_5,geodesic_curvature,"native max(log Q, -2)",invariant_tilde_f,240,760,0.649117066037834,0.7093061512393564,0.6272462231093577,-0.0012868211399930107,0.7096774193548387,equilibrium_files,equilibrium_files,True,False,observed-comparison,
2864601_0.409,4,canonical_atrous_relu_pool_5,parallel_scale,"native max(log Q, -2)",invariant_tilde_f,240,760,0.46400913652745135,0.3900148447816897,0.4769344924788963,-0.0028602438205727054,0.9354838709677419,equilibrium_files,equilibrium_files,True,False,observed-comparison,
2864601_0.409,4,canonical_atrous_relu_pool_5,cross_channel_colocation,"native max(log Q, -2)",invariant_tilde_f,240,760,0.5736509234864389,0.41531539557075425,0.584266914824392,-0.0065827284777078,0.5806451612903226,equilibrium_files,equilibrium_files,True,False,observed-comparison,
2864601_0.409,4,canonical_atrous_relu_pool_5,log_FSA_grad_x,"native max(log Q, -2)",invariant_tilde_f,240,760,0.9024375578388714,0.9189017289366319,0.8957968841313055,-0.004247851919553902,0.8387096774193549,equilibrium_files,equilibrium_files,True,False,observed-comparison,
2864601_0.409,4,canonical_atrous_relu_pool_5,local_Qz_concentration,"native max(log Q, -2)",invariant_tilde_f,240,760,0.4204123089278389,-0.05309529432899307,0.543112948210486,-0.0023231699083516855,0.8709677419354839,equilibrium_files,equilibrium_files,True,False,observed-comparison,
2864601_0.409,4,canonical_atrous_relu_pool_5,log10_zonal_phi2,"native max(log Q, -2)",invariant_tilde_f,240,760,0.030797703036996915,-3.1970181734336194,-3.528334216809882,-0.010749039417468298,0.3548387096774194,equilibrium_files,equilibrium_files,True,False,observed-comparison,
2864601_0.409,4,canonical_atrous_relu_pool_5,random_concept_control,"native max(log Q, -2)",,,,-0.0020184873956712313,,,,,equilibrium_files,equilibrium_files,,,observed-comparison,equilibrium_level_random_concept
