candidate,case_type,order,expected_population_sign,pair_id,high_row_id,low_row_id,high_equilibrium_file,low_equilibrium_file,nuisance_distance_iqr_units,candidate_high,candidate_low,candidate_contrast,high_stable_or_near_floor,low_stable_or_near_floor,max_abs_nuisance_smd_before,max_abs_nuisance_smd_after,nuisance_features,validity_tag,target_native_high_minus_low,log_Q_high_minus_low,log10_Q_stds_high_minus_low,log10_zonal_phi2_high_minus_low,Qz_localization_high_minus_low,Qz_positive_fraction_high_minus_low
geodesic_curvature_compression,supporting,1,1,geodesic_curvature_compression:0179,57550,86819,20241115-01-random_heliotrons/20241115-01-022_heliotrons_finiteBeta_randomAspect_randomNfpUpTo8_noTorsion_flux_tubes/heliotron_randomAspect_finiteBeta_maxm1_maxn1_LMN8_001619.h5,20241122-01-QUASR/20241122-01-031_QUASR_finite_beta_equilibria_with_maxF_below_threshold_and_enough_iota_flux_tubes/QUASR_finiteBeta_000482.h5,1.5513579562343929,0.3750470476146426,0.05436178228904054,0.32068526532560204,False,True,1.206343433131149,1.068121850701722,log_f_Q|f_stab|log_FSA_grad_x|bad_curvature_compression|parallel_roughness_iqr_scaled|nfp|iota|shat|aspect|rho|aspect/rho|equilibrium_class_1|equilibrium_class_2|equilibrium_class_3|equilibrium_class_4,observed-comparison,4.6310954093933105,16.82011417409078,7.304882770790297,13.409539979828724,-0.08498197100300553,0.0
geodesic_curvature_compression,supporting,2,1,geodesic_curvature_compression:0177,69892,138,20241115-01-random_heliotrons/20241115-01-023_heliotrons_finiteBeta_randomAspect_randomNfpUpTo8_withTorsion_flux_tubes/heliotron_randomAspect_finiteBeta_maxm1_maxn1_LMN8_001506.h5,20241103-01-random_equilibria_and_flux_tubes_random_aspect_ratio/20241103-01-062_generate_flux_tubes_nfp2/nfp2_randomAspect_finiteBeta_maxm4_maxn4_LMN8_000034.h5,1.4956983483737478,0.5008658120355033,0.048859904361185584,0.4520059076743177,False,True,1.206343433131149,1.068121850701722,log_f_Q|f_stab|log_FSA_grad_x|bad_curvature_compression|parallel_roughness_iqr_scaled|nfp|iota|shat|aspect|rho|aspect/rho|equilibrium_class_1|equilibrium_class_2|equilibrium_class_3|equilibrium_class_4,observed-comparison,4.565272092819214,6.091758959547782,2.645617301216296,5.656380769523111,1.236625778748081,0.0
geodesic_curvature_compression,supporting,3,1,geodesic_curvature_compression:0158,51375,87891,20241115-01-random_heliotrons/20241115-01-022_heliotrons_finiteBeta_randomAspect_randomNfpUpTo8_noTorsion_flux_tubes/heliotron_randomAspect_finiteBeta_maxm1_maxn1_LMN8_000075.h5,20241122-01-QUASR/20241122-01-031_QUASR_finite_beta_equilibria_with_maxF_below_threshold_and_enough_iota_flux_tubes/QUASR_finiteBeta_000754.h5,1.2727651082428468,0.33855362607295764,0.039877974704085474,0.29867565136887214,False,True,1.206343433131149,1.068121850701722,log_f_Q|f_stab|log_FSA_grad_x|bad_curvature_compression|parallel_roughness_iqr_scaled|nfp|iota|shat|aspect|rho|aspect/rho|equilibrium_class_1|equilibrium_class_2|equilibrium_class_3|equilibrium_class_4,observed-comparison,4.42497181892395,5.062860635915428,2.1987724368232584,2.6267078606904297,1.853362286953125,0.0
geodesic_curvature_compression,supporting,4,1,geodesic_curvature_compression:0197,64714,60614,20241115-01-random_heliotrons/20241115-01-023_heliotrons_finiteBeta_randomAspect_randomNfpUpTo8_withTorsion_flux_tubes/heliotron_randomAspect_finiteBeta_maxm1_maxn1_LMN8_000211.h5,20241115-01-random_heliotrons/20241115-01-022_heliotrons_finiteBeta_randomAspect_randomNfpUpTo8_noTorsion_flux_tubes/heliotron_randomAspect_finiteBeta_maxm1_maxn1_LMN8_002385.h5,1.9703742105769733,0.7942466386704125,0.13013016754198334,0.6641164711284291,False,False,1.206343433131149,1.068121850701722,log_f_Q|f_stab|log_FSA_grad_x|bad_curvature_compression|parallel_roughness_iqr_scaled|nfp|iota|shat|aspect|rho|aspect/rho|equilibrium_class_1|equilibrium_class_2|equilibrium_class_3|equilibrium_class_4,observed-comparison,4.358265399932861,4.358265427556612,1.892770625857553,3.880927002469461,0.6136736088053862,0.0
geodesic_curvature_compression,supporting,5,1,geodesic_curvature_compression:0187,65613,87563,20241115-01-random_heliotrons/20241115-01-023_heliotrons_finiteBeta_randomAspect_randomNfpUpTo8_withTorsion_flux_tubes/heliotron_randomAspect_finiteBeta_maxm1_maxn1_LMN8_000435.h5,20241122-01-QUASR/20241122-01-031_QUASR_finite_beta_equilibria_with_maxF_below_threshold_and_enough_iota_flux_tubes/QUASR_finiteBeta_000670.h5,1.6328671824566556,0.35177069940118216,0.007889698173984593,0.34388100122719756,False,True,1.206343433131149,1.068121850701722,log_f_Q|f_stab|log_FSA_grad_x|bad_curvature_compression|parallel_roughness_iqr_scaled|nfp|iota|shat|aspect|rho|aspect/rho|equilibrium_class_1|equilibrium_class_2|equilibrium_class_3|equilibrium_class_4,observed-comparison,4.293889284133911,4.317860783479741,1.8752231118917029,2.4470756105176728,0.868584899881635,0.0
geodesic_curvature_compression,contradicting,1,1,geodesic_curvature_compression:0009,95041,88368,20241122-01-QUASR/20241122-01-031_QUASR_finite_beta_equilibria_with_maxF_below_threshold_and_enough_iota_flux_tubes/QUASR_finiteBeta_002548.h5,20241122-01-QUASR/20241122-01-031_QUASR_finite_beta_equilibria_with_maxF_below_threshold_and_enough_iota_flux_tubes/QUASR_finiteBeta_000875.h5,0.35229560111026154,0.3339897450212206,0.1552113589755133,0.17877838604570728,False,False,1.206343433131149,1.068121850701722,log_f_Q|f_stab|log_FSA_grad_x|bad_curvature_compression|parallel_roughness_iqr_scaled|nfp|iota|shat|aspect|rho|aspect/rho|equilibrium_class_1|equilibrium_class_2|equilibrium_class_3|equilibrium_class_4,observed-comparison,-1.3793082237243652,-1.3793082272978818,-0.5990259519592263,1.1427902296682122,-5.307753756276568,0.0
geodesic_curvature_compression,contradicting,2,1,geodesic_curvature_compression:0063,96012,83025,20241122-01-QUASR/20241122-01-031_QUASR_finite_beta_equilibria_with_maxF_below_threshold_and_enough_iota_flux_tubes/QUASR_finiteBeta_002790.h5,20241122-01-QUASR/20241122-01-030_QUASR_vacuum_equilibria_with_maxF_below_threshold_and_enough_iota_flux_tubes/QUASR_vacuum_000319.h5,0.5327733294434777,0.33137152382218754,0.13512323562783393,0.1962482881943536,False,False,1.206343433131149,1.068121850701722,log_f_Q|f_stab|log_FSA_grad_x|bad_curvature_compression|parallel_roughness_iqr_scaled|nfp|iota|shat|aspect|rho|aspect/rho|equilibrium_class_1|equilibrium_class_2|equilibrium_class_3|equilibrium_class_4,observed-comparison,-1.088538408279419,-1.0885386188083155,-0.4727463154870386,0.21558967300430631,-2.448722940504288,0.0
geodesic_curvature_compression,contradicting,3,1,geodesic_curvature_compression:0041,65165,66723,20241115-01-random_heliotrons/20241115-01-023_heliotrons_finiteBeta_randomAspect_randomNfpUpTo8_withTorsion_flux_tubes/heliotron_randomAspect_finiteBeta_maxm1_maxn1_LMN8_000323.h5,20241115-01-random_heliotrons/20241115-01-023_heliotrons_finiteBeta_randomAspect_randomNfpUpTo8_withTorsion_flux_tubes/heliotron_randomAspect_finiteBeta_maxm1_maxn1_LMN8_000713.h5,0.46621537838827154,0.3269464209759992,0.12677953513740817,0.20016688583859102,False,False,1.206343433131149,1.068121850701722,log_f_Q|f_stab|log_FSA_grad_x|bad_curvature_compression|parallel_roughness_iqr_scaled|nfp|iota|shat|aspect|rho|aspect/rho|equilibrium_class_1|equilibrium_class_2|equilibrium_class_3|equilibrium_class_4,observed-comparison,-0.787665605545044,-0.7876656765004548,-0.3420788568887392,-0.03512834794344544,-1.2813375339180813,0.0
geodesic_curvature_compression,contradicting,4,1,geodesic_curvature_compression:0129,68768,87702,20241115-01-random_heliotrons/20241115-01-023_heliotrons_finiteBeta_randomAspect_randomNfpUpTo8_withTorsion_flux_tubes/heliotron_randomAspect_finiteBeta_maxm1_maxn1_LMN8_001225.h5,20241122-01-QUASR/20241122-01-031_QUASR_finite_beta_equilibria_with_maxF_below_threshold_and_enough_iota_flux_tubes/QUASR_finiteBeta_000705.h5,0.9100963581898631,0.4028436654709049,0.1587579676904587,0.2440856977804462,False,False,1.206343433131149,1.068121850701722,log_f_Q|f_stab|log_FSA_grad_x|bad_curvature_compression|parallel_roughness_iqr_scaled|nfp|iota|shat|aspect|rho|aspect/rho|equilibrium_class_1|equilibrium_class_2|equilibrium_class_3|equilibrium_class_4,observed-comparison,-0.7002573013305664,-0.7002572945169558,-0.3041178789212142,-0.2410244922522924,0.6928321659354508,0.0
geodesic_curvature_compression,contradicting,5,1,geodesic_curvature_compression:0074,92789,89236,20241122-01-QUASR/20241122-01-031_QUASR_finite_beta_equilibria_with_maxF_below_threshold_and_enough_iota_flux_tubes/QUASR_finiteBeta_001984.h5,20241122-01-QUASR/20241122-01-031_QUASR_finite_beta_equilibria_with_maxF_below_threshold_and_enough_iota_flux_tubes/QUASR_finiteBeta_001092.h5,0.5516944908241496,0.37157769543044267,0.14530153529681814,0.22627616013362453,False,False,1.206343433131149,1.068121850701722,log_f_Q|f_stab|log_FSA_grad_x|bad_curvature_compression|parallel_roughness_iqr_scaled|nfp|iota|shat|aspect|rho|aspect/rho|equilibrium_class_1|equilibrium_class_2|equilibrium_class_3|equilibrium_class_4,observed-comparison,-0.5237846374511719,-0.5237847011383954,-0.22747680540974913,-0.03491763464418002,-0.2749054563021227,0.0
f_Q_integrand_w25_peak,supporting,1,1,f_Q_integrand_w25_peak:0182,93846,11016,20241122-01-QUASR/20241122-01-031_QUASR_finite_beta_equilibria_with_maxF_below_threshold_and_enough_iota_flux_tubes/QUASR_finiteBeta_002249.h5,20241103-01-random_equilibria_and_flux_tubes_random_aspect_ratio/20241103-01-062_generate_flux_tubes_nfp2/nfp2_randomAspect_finiteBeta_maxm4_maxn4_LMN8_002771.h5,1.9480983980237874,26.11632009866534,0.3859608121118251,25.730359286553515,False,True,3.41483158213731,4.150938629839606,log_f_Q|f_stab|log_FSA_grad_x|bad_curvature_compression|geodesic_curvature_compression|parallel_roughness_iqr_scaled|nfp|iota|shat|aspect|rho|aspect/rho|equilibrium_class_1|equilibrium_class_2|equilibrium_class_3|equilibrium_class_4,observed-comparison,4.978133916854858,5.0566530749181995,2.1960765273360847,3.834556300094173,1.299923662406484,0.0
f_Q_integrand_w25_peak,supporting,2,1,f_Q_integrand_w25_peak:0159,77437,86782,20241122-01-QUASR/20241122-01-030_QUASR_vacuum_equilibria_with_maxF_below_threshold_and_enough_iota_flux_tubes/QUASR_vacuum_000038.h5,20241122-01-QUASR/20241122-01-031_QUASR_finite_beta_equilibria_with_maxF_below_threshold_and_enough_iota_flux_tubes/QUASR_finiteBeta_000473.h5,1.6257040969020569,19.404473542109443,0.3933938412913246,19.01107970081812,False,True,3.41483158213731,4.150938629839606,log_f_Q|f_stab|log_FSA_grad_x|bad_curvature_compression|geodesic_curvature_compression|parallel_roughness_iqr_scaled|nfp|iota|shat|aspect|rho|aspect/rho|equilibrium_class_1|equilibrium_class_2|equilibrium_class_3|equilibrium_class_4,observed-comparison,4.836683988571167,4.83668399956407,2.1005451717204258,3.8813173603012414,5.02416643565042,0.0
f_Q_integrand_w25_peak,supporting,3,1,f_Q_integrand_w25_peak:0173,85565,86008,20241122-01-QUASR/20241122-01-031_QUASR_finite_beta_equilibria_with_maxF_below_threshold_and_enough_iota_flux_tubes/QUASR_finiteBeta_000167.h5,20241122-01-QUASR/20241122-01-031_QUASR_finite_beta_equilibria_with_maxF_below_threshold_and_enough_iota_flux_tubes/QUASR_finiteBeta_000278.h5,1.7460013341444183,19.698626371727435,0.33415159698512814,19.36447477474231,False,True,3.41483158213731,4.150938629839606,log_f_Q|f_stab|log_FSA_grad_x|bad_curvature_compression|geodesic_curvature_compression|parallel_roughness_iqr_scaled|nfp|iota|shat|aspect|rho|aspect/rho|equilibrium_class_1|equilibrium_class_2|equilibrium_class_3|equilibrium_class_4,observed-comparison,4.744588375091553,5.603231894327186,2.4334526925306017,3.0999799264998127,4.596777258180442,0.0
f_Q_integrand_w25_peak,supporting,4,1,f_Q_integrand_w25_peak:0178,84649,54481,20241122-01-QUASR/20241122-01-030_QUASR_vacuum_equilibria_with_maxF_below_threshold_and_enough_iota_flux_tubes/QUASR_vacuum_000400.h5,20241115-01-random_heliotrons/20241115-01-022_heliotrons_finiteBeta_randomAspect_randomNfpUpTo8_noTorsion_flux_tubes/heliotron_randomAspect_finiteBeta_maxm1_maxn1_LMN8_000851.h5,1.880724078787912,13.062158705939325,0.5841218092044748,12.47803689673485,False,False,3.41483158213731,4.150938629839606,log_f_Q|f_stab|log_FSA_grad_x|bad_curvature_compression|geodesic_curvature_compression|parallel_roughness_iqr_scaled|nfp|iota|shat|aspect|rho|aspect/rho|equilibrium_class_1|equilibrium_class_2|equilibrium_class_3|equilibrium_class_4,observed-comparison,4.211487293243408,4.211487264909716,1.8290256797561084,1.9426794461384138,-1.3006864186168912,0.0
f_Q_integrand_w25_peak,supporting,5,1,f_Q_integrand_w25_peak:0174,80512,26622,20241122-01-QUASR/20241122-01-030_QUASR_vacuum_equilibria_with_maxF_below_threshold_and_enough_iota_flux_tubes/QUASR_vacuum_000193.h5,20241103-01-random_equilibria_and_flux_tubes_random_aspect_ratio/20241103-01-064_generate_flux_tubes_nfp4/nfp4_randomAspect_finiteBeta_maxm4_maxn4_LMN8_000283.h5,1.7922558789921519,17.448364716652275,1.489510717439398,15.958853999212877,False,False,3.41483158213731,4.150938629839606,log_f_Q|f_stab|log_FSA_grad_x|bad_curvature_compression|geodesic_curvature_compression|parallel_roughness_iqr_scaled|nfp|iota|shat|aspect|rho|aspect/rho|equilibrium_class_1|equilibrium_class_2|equilibrium_class_3|equilibrium_class_4,observed-comparison,4.162850379943848,4.162850501778615,1.8079030019106352,1.7591011561393732,0.6257908687948932,0.0
f_Q_integrand_w25_peak,contradicting,1,1,f_Q_integrand_w25_peak:0079,7895,62584,20241103-01-random_equilibria_and_flux_tubes_random_aspect_ratio/20241103-01-062_generate_flux_tubes_nfp2/nfp2_randomAspect_finiteBeta_maxm4_maxn4_LMN8_001985.h5,20241115-01-random_heliotrons/20241115-01-022_heliotrons_finiteBeta_randomAspect_randomNfpUpTo8_noTorsion_flux_tubes/heliotron_randomAspect_finiteBeta_maxm1_maxn1_LMN8_002878.h5,0.8913350204007779,7.15343265532146,1.4249030887037009,5.728529566617759,False,False,3.41483158213731,4.150938629839606,log_f_Q|f_stab|log_FSA_grad_x|bad_curvature_compression|geodesic_curvature_compression|parallel_roughness_iqr_scaled|nfp|iota|shat|aspect|rho|aspect/rho|equilibrium_class_1|equilibrium_class_2|equilibrium_class_3|equilibrium_class_4,observed-comparison,-1.6173697710037231,-1.6173697861855456,-0.7024147733374247,-0.6238186674217912,0.410723243344721,0.0
f_Q_integrand_w25_peak,contradicting,2,1,f_Q_integrand_w25_peak:0068,51743,56940,20241115-01-random_heliotrons/20241115-01-022_heliotrons_finiteBeta_randomAspect_randomNfpUpTo8_noTorsion_flux_tubes/heliotron_randomAspect_finiteBeta_maxm1_maxn1_LMN8_000167.h5,20241115-01-random_heliotrons/20241115-01-022_heliotrons_finiteBeta_randomAspect_randomNfpUpTo8_noTorsion_flux_tubes/heliotron_randomAspect_finiteBeta_maxm1_maxn1_LMN8_001466.h5,0.8169140584327829,10.1231530204911,1.9322074780379948,8.190945542453106,False,False,3.41483158213731,4.150938629839606,log_f_Q|f_stab|log_FSA_grad_x|bad_curvature_compression|geodesic_curvature_compression|parallel_roughness_iqr_scaled|nfp|iota|shat|aspect|rho|aspect/rho|equilibrium_class_1|equilibrium_class_2|equilibrium_class_3|equilibrium_class_4,observed-comparison,-0.6766942739486694,-0.6766943732663235,-0.29388463224454353,-1.1294651982648283,2.686276029440756,0.0
f_Q_integrand_w25_peak,contradicting,3,1,f_Q_integrand_w25_peak:0005,73436,21328,20241115-01-random_heliotrons/20241115-01-023_heliotrons_finiteBeta_randomAspect_randomNfpUpTo8_withTorsion_flux_tubes/heliotron_randomAspect_finiteBeta_maxm1_maxn1_LMN8_002393.h5,20241103-01-random_equilibria_and_flux_tubes_random_aspect_ratio/20241103-01-063_generate_flux_tubes_nfp3/nfp3_randomAspect_finiteBeta_maxm4_maxn4_LMN8_002158.h5,0.43868895178753636,8.257549681273055,1.9205460608527287,6.337003620420326,False,False,3.41483158213731,4.150938629839606,log_f_Q|f_stab|log_FSA_grad_x|bad_curvature_compression|geodesic_curvature_compression|parallel_roughness_iqr_scaled|nfp|iota|shat|aspect|rho|aspect/rho|equilibrium_class_1|equilibrium_class_2|equilibrium_class_3|equilibrium_class_4,observed-comparison,-0.6178181171417236,-0.6178182120368974,-0.26831504030695763,-0.6820947997429856,0.9243555041663614,0.0
f_Q_integrand_w25_peak,contradicting,4,1,f_Q_integrand_w25_peak:0028,77258,77721,20241122-01-QUASR/20241122-01-030_QUASR_vacuum_equilibria_with_maxF_below_threshold_and_enough_iota_flux_tubes/QUASR_vacuum_000029.h5,20241122-01-QUASR/20241122-01-030_QUASR_vacuum_equilibria_with_maxF_below_threshold_and_enough_iota_flux_tubes/QUASR_vacuum_000053.h5,0.6128277879173747,10.041883210016971,1.9581411819941668,8.083742028022805,False,False,3.41483158213731,4.150938629839606,log_f_Q|f_stab|log_FSA_grad_x|bad_curvature_compression|geodesic_curvature_compression|parallel_roughness_iqr_scaled|nfp|iota|shat|aspect|rho|aspect/rho|equilibrium_class_1|equilibrium_class_2|equilibrium_class_3|equilibrium_class_4,observed-comparison,-0.34510040283203125,-0.34510038781373087,-0.14987519413017547,0.6090464965236767,1.7380322890994342,0.0
f_Q_integrand_w25_peak,contradicting,5,1,f_Q_integrand_w25_peak:0012,69693,62436,20241115-01-random_heliotrons/20241115-01-023_heliotrons_finiteBeta_randomAspect_randomNfpUpTo8_withTorsion_flux_tubes/heliotron_randomAspect_finiteBeta_maxm1_maxn1_LMN8_001456.h5,20241115-01-random_heliotrons/20241115-01-022_heliotrons_finiteBeta_randomAspect_randomNfpUpTo8_noTorsion_flux_tubes/heliotron_randomAspect_finiteBeta_maxm1_maxn1_LMN8_002841.h5,0.5209834435310455,7.062270963236179,1.7526644802729725,5.309606482963206,False,False,3.41483158213731,4.150938629839606,log_f_Q|f_stab|log_FSA_grad_x|bad_curvature_compression|geodesic_curvature_compression|parallel_roughness_iqr_scaled|nfp|iota|shat|aspect|rho|aspect/rho|equilibrium_class_1|equilibrium_class_2|equilibrium_class_3|equilibrium_class_4,observed-comparison,-0.21871042251586914,-0.21871051712189837,-0.09498477072024691,-0.3441100848656288,1.506769756385046,0.0
f_stab,supporting,1,1,f_stab:0194,84649,86008,20241122-01-QUASR/20241122-01-030_QUASR_vacuum_equilibria_with_maxF_below_threshold_and_enough_iota_flux_tubes/QUASR_vacuum_000400.h5,20241122-01-QUASR/20241122-01-031_QUASR_finite_beta_equilibria_with_maxF_below_threshold_and_enough_iota_flux_tubes/QUASR_finiteBeta_000278.h5,1.8810824606789938,1.4835122397933909,0.40127471387280433,1.0822375259205865,False,True,2.3207450993621284,2.1921022729505095,log_f_Q|log_FSA_grad_x|bad_curvature_compression|geodesic_curvature_compression|parallel_roughness_iqr_scaled|nfp|iota|shat|aspect|rho|aspect/rho|equilibrium_class_1|equilibrium_class_2|equilibrium_class_3|equilibrium_class_4,observed-comparison,5.573633670806885,6.432277076609797,2.793502440444415,4.119304292434673,0.39970719035747226,0.0
f_stab,supporting,2,1,f_stab:0165,91484,86782,20241122-01-QUASR/20241122-01-031_QUASR_finite_beta_equilibria_with_maxF_below_threshold_and_enough_iota_flux_tubes/QUASR_finiteBeta_001658.h5,20241122-01-QUASR/20241122-01-031_QUASR_finite_beta_equilibria_with_maxF_below_threshold_and_enough_iota_flux_tubes/QUASR_finiteBeta_000473.h5,1.4433942216388216,1.2509836739715297,0.42256624684855576,0.8284174271229738,False,True,2.3207450993621284,2.1921022729505095,log_f_Q|log_FSA_grad_x|bad_curvature_compression|geodesic_curvature_compression|parallel_roughness_iqr_scaled|nfp|iota|shat|aspect|rho|aspect/rho|equilibrium_class_1|equilibrium_class_2|equilibrium_class_3|equilibrium_class_4,observed-comparison,5.272082567214966,5.27208256886553,2.2896363677966205,3.0747545548639783,0.7394921290577161,0.0
f_stab,supporting,3,1,f_stab:0185,77444,11016,20241122-01-QUASR/20241122-01-030_QUASR_vacuum_equilibria_with_maxF_below_threshold_and_enough_iota_flux_tubes/QUASR_vacuum_000039.h5,20241103-01-random_equilibria_and_flux_tubes_random_aspect_ratio/20241103-01-062_generate_flux_tubes_nfp2/nfp2_randomAspect_finiteBeta_maxm4_maxn4_LMN8_002771.h5,1.7212621967640178,1.7796059315629866,0.39470446224318767,1.384901469319799,False,True,2.3207450993621284,2.1921022729505095,log_f_Q|log_FSA_grad_x|bad_curvature_compression|geodesic_curvature_compression|parallel_roughness_iqr_scaled|nfp|iota|shat|aspect|rho|aspect/rho|equilibrium_class_1|equilibrium_class_2|equilibrium_class_3|equilibrium_class_4,observed-comparison,5.258443355560303,5.336962636652931,2.317813423222198,5.318598083346184,2.454009882075245,0.0
f_stab,supporting,4,1,f_stab:0126,84064,87891,20241122-01-QUASR/20241122-01-030_QUASR_vacuum_equilibria_with_maxF_below_threshold_and_enough_iota_flux_tubes/QUASR_vacuum_000371.h5,20241122-01-QUASR/20241122-01-031_QUASR_finite_beta_equilibria_with_maxF_below_threshold_and_enough_iota_flux_tubes/QUASR_finiteBeta_000754.h5,1.0497718326521472,1.2944841140218613,0.35939588342902806,0.9350882305928332,False,True,2.3207450993621284,2.1921022729505095,log_f_Q|log_FSA_grad_x|bad_curvature_compression|geodesic_curvature_compression|parallel_roughness_iqr_scaled|nfp|iota|shat|aspect|rho|aspect/rho|equilibrium_class_1|equilibrium_class_2|equilibrium_class_3|equilibrium_class_4,observed-comparison,4.616236209869385,5.254124966974059,2.281837480386939,3.7746280424156993,0.1512645487344173,0.0
f_stab,supporting,5,1,f_stab:0193,83645,24690,20241122-01-QUASR/20241122-01-030_QUASR_vacuum_equilibria_with_maxF_below_threshold_and_enough_iota_flux_tubes/QUASR_vacuum_000350.h5,20241103-01-random_equilibria_and_flux_tubes_random_aspect_ratio/20241103-01-063_generate_flux_tubes_nfp3/nfp3_randomAspect_finiteBeta_maxm4_maxn4_LMN8_002999.h5,1.867575668263912,2.294466902477895,0.3900766393261246,1.9043902631517704,False,False,2.3207450993621284,2.1921022729505095,log_f_Q|log_FSA_grad_x|bad_curvature_compression|geodesic_curvature_compression|parallel_roughness_iqr_scaled|nfp|iota|shat|aspect|rho|aspect/rho|equilibrium_class_1|equilibrium_class_2|equilibrium_class_3|equilibrium_class_4,observed-comparison,4.222513854503632,4.222513816594035,1.833814450307029,1.4011224307388686,0.8358896618423937,0.0
f_stab,contradicting,1,1,f_stab:0078,39672,2023,20241103-01-random_equilibria_and_flux_tubes_random_aspect_ratio/20241103-01-065_generate_flux_tubes_nfp5/nfp5_randomAspect_finiteBeta_maxm4_maxn4_LMN8_000347.h5,20241103-01-random_equilibria_and_flux_tubes_random_aspect_ratio/20241103-01-062_generate_flux_tubes_nfp2/nfp2_randomAspect_finiteBeta_maxm4_maxn4_LMN8_000509.h5,0.647416640568552,1.2739668668225295,0.7445736462782572,0.5293932205442723,False,False,2.3207450993621284,2.1921022729505095,log_f_Q|log_FSA_grad_x|bad_curvature_compression|geodesic_curvature_compression|parallel_roughness_iqr_scaled|nfp|iota|shat|aspect|rho|aspect/rho|equilibrium_class_1|equilibrium_class_2|equilibrium_class_3|equilibrium_class_4,observed-comparison,-2.0203124284744263,-2.020312531116157,-0.8774105839837387,0.151953503423627,-1.5155396554636682,0.0
f_stab,contradicting,2,1,f_stab:0033,82685,88368,20241122-01-QUASR/20241122-01-030_QUASR_vacuum_equilibria_with_maxF_below_threshold_and_enough_iota_flux_tubes/QUASR_vacuum_000301.h5,20241122-01-QUASR/20241122-01-031_QUASR_finite_beta_equilibria_with_maxF_below_threshold_and_enough_iota_flux_tubes/QUASR_finiteBeta_000875.h5,0.4470164687253704,1.4384159591924262,0.8067240402390391,0.631691918953387,False,False,2.3207450993621284,2.1921022729505095,log_f_Q|log_FSA_grad_x|bad_curvature_compression|geodesic_curvature_compression|parallel_roughness_iqr_scaled|nfp|iota|shat|aspect|rho|aspect/rho|equilibrium_class_1|equilibrium_class_2|equilibrium_class_3|equilibrium_class_4,observed-comparison,-1.2086873054504395,-1.2086871968678055,-0.5249261799467972,1.356290938387581,-5.578252498006398,0.0
f_stab,contradicting,3,1,f_stab:0005,21424,13756,20241103-01-random_equilibria_and_flux_tubes_random_aspect_ratio/20241103-01-063_generate_flux_tubes_nfp3/nfp3_randomAspect_finiteBeta_maxm4_maxn4_LMN8_002182.h5,20241103-01-random_equilibria_and_flux_tubes_random_aspect_ratio/20241103-01-063_generate_flux_tubes_nfp3/nfp3_randomAspect_finiteBeta_maxm4_maxn4_LMN8_000259.h5,0.2971387857286792,1.2916764983640474,0.7539201883572075,0.5377563100068399,False,False,2.3207450993621284,2.1921022729505095,log_f_Q|log_FSA_grad_x|bad_curvature_compression|geodesic_curvature_compression|parallel_roughness_iqr_scaled|nfp|iota|shat|aspect|rho|aspect/rho|equilibrium_class_1|equilibrium_class_2|equilibrium_class_3|equilibrium_class_4,observed-comparison,-0.798810601234436,-0.7988105556362062,-0.346919016398875,-0.4407185572476169,-1.82825056393339,0.0
f_stab,contradicting,4,1,f_stab:0015,20519,37205,20241103-01-random_equilibria_and_flux_tubes_random_aspect_ratio/20241103-01-063_generate_flux_tubes_nfp3/nfp3_randomAspect_finiteBeta_maxm4_maxn4_LMN8_001955.h5,20241103-01-random_equilibria_and_flux_tubes_random_aspect_ratio/20241103-01-064_generate_flux_tubes_nfp4/nfp4_randomAspect_finiteBeta_maxm4_maxn4_LMN8_002931.h5,0.37685376624900147,1.2989446639480209,0.7841958942613001,0.5147487696867208,False,False,2.3207450993621284,2.1921022729505095,log_f_Q|log_FSA_grad_x|bad_curvature_compression|geodesic_curvature_compression|parallel_roughness_iqr_scaled|nfp|iota|shat|aspect|rho|aspect/rho|equilibrium_class_1|equilibrium_class_2|equilibrium_class_3|equilibrium_class_4,observed-comparison,-0.7790887355804443,-0.7790888299086811,-0.33835397974180126,0.2338090840694862,-3.3460853818479883,0.0
f_stab,contradicting,5,1,f_stab:0014,73263,21328,20241115-01-random_heliotrons/20241115-01-023_heliotrons_finiteBeta_randomAspect_randomNfpUpTo8_withTorsion_flux_tubes/heliotron_randomAspect_finiteBeta_maxm1_maxn1_LMN8_002349.h5,20241103-01-random_equilibria_and_flux_tubes_random_aspect_ratio/20241103-01-063_generate_flux_tubes_nfp3/nfp3_randomAspect_finiteBeta_maxm4_maxn4_LMN8_002158.h5,0.37145730171493296,1.2428354764607241,0.6584156606047411,0.584419815855983,False,False,2.3207450993621284,2.1921022729505095,log_f_Q|log_FSA_grad_x|bad_curvature_compression|geodesic_curvature_compression|parallel_roughness_iqr_scaled|nfp|iota|shat|aspect|rho|aspect/rho|equilibrium_class_1|equilibrium_class_2|equilibrium_class_3|equilibrium_class_4,observed-comparison,-0.6124740839004517,-0.6124741000289975,-0.2659941219512538,0.4623382482907027,-0.4339190051611741,0.0
bad_curvature_compression,supporting,1,1,bad_curvature_compression:0186,83759,11016,20241122-01-QUASR/20241122-01-030_QUASR_vacuum_equilibria_with_maxF_below_threshold_and_enough_iota_flux_tubes/QUASR_vacuum_000355.h5,20241103-01-random_equilibria_and_flux_tubes_random_aspect_ratio/20241103-01-062_generate_flux_tubes_nfp2/nfp2_randomAspect_finiteBeta_maxm4_maxn4_LMN8_002771.h5,1.594000032615417,5.071651734881541,0.0,5.071651734881541,False,True,3.389677156040502,3.7465191250190304,log_f_Q|f_stab|log_FSA_grad_x|geodesic_curvature_compression|parallel_roughness_iqr_scaled|nfp|iota|shat|aspect|rho|aspect/rho|equilibrium_class_1|equilibrium_class_2|equilibrium_class_3|equilibrium_class_4,observed-comparison,5.605224132537842,5.683743292006646,2.4684183482731097,4.134659987606203,0.9845547789754083,0.0
bad_curvature_compression,supporting,2,1,bad_curvature_compression:0207,86286,64601,20241122-01-QUASR/20241122-01-031_QUASR_finite_beta_equilibria_with_maxF_below_threshold_and_enough_iota_flux_tubes/QUASR_finiteBeta_000348.h5,20241115-01-random_heliotrons/20241115-01-023_heliotrons_finiteBeta_randomAspect_randomNfpUpTo8_withTorsion_flux_tubes/heliotron_randomAspect_finiteBeta_maxm1_maxn1_LMN8_000182.h5,1.9103750229492513,24.23561592277417,0.005014230181259111,24.23060169259291,False,False,3.389677156040502,3.7465191250190304,log_f_Q|f_stab|log_FSA_grad_x|geodesic_curvature_compression|parallel_roughness_iqr_scaled|nfp|iota|shat|aspect|rho|aspect/rho|equilibrium_class_1|equilibrium_class_2|equilibrium_class_3|equilibrium_class_4,observed-comparison,5.581200838088989,5.581200999885989,2.4238847966433967,2.2405740929198377,4.9974514766080755,0.0
bad_curvature_compression,supporting,3,1,bad_curvature_compression:0168,85553,86782,20241122-01-QUASR/20241122-01-031_QUASR_finite_beta_equilibria_with_maxF_below_threshold_and_enough_iota_flux_tubes/QUASR_finiteBeta_000164.h5,20241122-01-QUASR/20241122-01-031_QUASR_finite_beta_equilibria_with_maxF_below_threshold_and_enough_iota_flux_tubes/QUASR_finiteBeta_000473.h5,1.404962757927169,12.681045443786587,0.0,12.681045443786587,False,True,3.389677156040502,3.7465191250190304,log_f_Q|f_stab|log_FSA_grad_x|geodesic_curvature_compression|parallel_roughness_iqr_scaled|nfp|iota|shat|aspect|rho|aspect/rho|equilibrium_class_1|equilibrium_class_2|equilibrium_class_3|equilibrium_class_4,observed-comparison,5.538798570632935,5.538798511655483,2.4054696299859204,2.5311256013646797,6.3554426883335235,0.0
bad_curvature_compression,supporting,4,1,bad_curvature_compression:0188,86263,86008,20241122-01-QUASR/20241122-01-031_QUASR_finite_beta_equilibria_with_maxF_below_threshold_and_enough_iota_flux_tubes/QUASR_finiteBeta_000342.h5,20241122-01-QUASR/20241122-01-031_QUASR_finite_beta_equilibria_with_maxF_below_threshold_and_enough_iota_flux_tubes/QUASR_finiteBeta_000278.h5,1.6115125914517483,13.107862057475506,0.0,13.107862057475506,False,True,3.389677156040502,3.7465191250190304,log_f_Q|f_stab|log_FSA_grad_x|geodesic_curvature_compression|parallel_roughness_iqr_scaled|nfp|iota|shat|aspect|rho|aspect/rho|equilibrium_class_1|equilibrium_class_2|equilibrium_class_3|equilibrium_class_4,observed-comparison,5.372500896453857,6.23114435557174,2.7061516095674008,4.893143000848314,1.823245657521582,0.0
bad_curvature_compression,supporting,5,1,bad_curvature_compression:0196,6627,3497,20241103-01-random_equilibria_and_flux_tubes_random_aspect_ratio/20241103-01-062_generate_flux_tubes_nfp2/nfp2_randomAspect_finiteBeta_maxm4_maxn4_LMN8_001667.h5,20241103-01-random_equilibria_and_flux_tubes_random_aspect_ratio/20241103-01-062_generate_flux_tubes_nfp2/nfp2_randomAspect_finiteBeta_maxm4_maxn4_LMN8_000880.h5,1.7312733426932116,14.598106856891254,0.0,14.598106856891254,False,False,3.389677156040502,3.7465191250190304,log_f_Q|f_stab|log_FSA_grad_x|geodesic_curvature_compression|parallel_roughness_iqr_scaled|nfp|iota|shat|aspect|rho|aspect/rho|equilibrium_class_1|equilibrium_class_2|equilibrium_class_3|equilibrium_class_4,observed-comparison,5.092674493789673,5.092674334541115,2.2117203616215213,2.6202625468375955,1.1585430655018136,0.0
bad_curvature_compression,contradicting,1,1,bad_curvature_compression:0099,7895,62584,20241103-01-random_equilibria_and_flux_tubes_random_aspect_ratio/20241103-01-062_generate_flux_tubes_nfp2/nfp2_randomAspect_finiteBeta_maxm4_maxn4_LMN8_001985.h5,20241115-01-random_heliotrons/20241115-01-022_heliotrons_finiteBeta_randomAspect_randomNfpUpTo8_noTorsion_flux_tubes/heliotron_randomAspect_finiteBeta_maxm1_maxn1_LMN8_002878.h5,0.8268051256397474,3.0230885422769394,0.3511861582908573,2.6719023839860823,False,False,3.389677156040502,3.7465191250190304,log_f_Q|f_stab|log_FSA_grad_x|geodesic_curvature_compression|parallel_roughness_iqr_scaled|nfp|iota|shat|aspect|rho|aspect/rho|equilibrium_class_1|equilibrium_class_2|equilibrium_class_3|equilibrium_class_4,observed-comparison,-1.6173697710037231,-1.6173697861855456,-0.7024147733374247,-0.6238186674217912,0.410723243344721,0.0
bad_curvature_compression,contradicting,2,1,bad_curvature_compression:0004,77258,77750,20241122-01-QUASR/20241122-01-030_QUASR_vacuum_equilibria_with_maxF_below_threshold_and_enough_iota_flux_tubes/QUASR_vacuum_000029.h5,20241122-01-QUASR/20241122-01-030_QUASR_vacuum_equilibria_with_maxF_below_threshold_and_enough_iota_flux_tubes/QUASR_vacuum_000054.h5,0.3619732581586129,2.9781304136163143,0.4311517081005076,2.546978705515807,False,False,3.389677156040502,3.7465191250190304,log_f_Q|f_stab|log_FSA_grad_x|geodesic_curvature_compression|parallel_roughness_iqr_scaled|nfp|iota|shat|aspect|rho|aspect/rho|equilibrium_class_1|equilibrium_class_2|equilibrium_class_3|equilibrium_class_4,observed-comparison,-0.6226682662963867,-0.6226683184567734,-0.2704214147617534,0.24741051119913138,2.152413220026189,0.0
bad_curvature_compression,contradicting,3,1,bad_curvature_compression:0041,92661,92635,20241122-01-QUASR/20241122-01-031_QUASR_finite_beta_equilibria_with_maxF_below_threshold_and_enough_iota_flux_tubes/QUASR_finiteBeta_001952.h5,20241122-01-QUASR/20241122-01-031_QUASR_finite_beta_equilibria_with_maxF_below_threshold_and_enough_iota_flux_tubes/QUASR_finiteBeta_001946.h5,0.5516608554306417,7.0864672413218415,0.21962716035329755,6.866840080968544,False,False,3.389677156040502,3.7465191250190304,log_f_Q|f_stab|log_FSA_grad_x|geodesic_curvature_compression|parallel_roughness_iqr_scaled|nfp|iota|shat|aspect|rho|aspect/rho|equilibrium_class_1|equilibrium_class_2|equilibrium_class_3|equilibrium_class_4,observed-comparison,-0.413013219833374,-0.413013159899009,-0.17936933629756502,-1.3328320430738327,0.7922070490971178,0.0
bad_curvature_compression,contradicting,4,1,bad_curvature_compression:0028,16804,76030,20241103-01-random_equilibria_and_flux_tubes_random_aspect_ratio/20241103-01-063_generate_flux_tubes_nfp3/nfp3_randomAspect_finiteBeta_maxm4_maxn4_LMN8_001023.h5,20241115-01-random_heliotrons/20241115-01-023_heliotrons_finiteBeta_randomAspect_randomNfpUpTo8_withTorsion_flux_tubes/heliotron_randomAspect_finiteBeta_maxm1_maxn1_LMN8_003042.h5,0.4810785382143103,3.745959509358776,0.36517814251422864,3.3807813668445474,False,False,3.389677156040502,3.7465191250190304,log_f_Q|f_stab|log_FSA_grad_x|geodesic_curvature_compression|parallel_roughness_iqr_scaled|nfp|iota|shat|aspect|rho|aspect/rho|equilibrium_class_1|equilibrium_class_2|equilibrium_class_3|equilibrium_class_4,observed-comparison,-0.4121389389038086,-0.4121389794858521,-0.17898968456794306,-1.112888421548881,4.617778840156044,0.0
bad_curvature_compression,contradicting,5,1,bad_curvature_compression:0068,32037,64695,20241103-01-random_equilibria_and_flux_tubes_random_aspect_ratio/20241103-01-064_generate_flux_tubes_nfp4/nfp4_randomAspect_finiteBeta_maxm4_maxn4_LMN8_001638.h5,20241115-01-random_heliotrons/20241115-01-023_heliotrons_finiteBeta_randomAspect_randomNfpUpTo8_withTorsion_flux_tubes/heliotron_randomAspect_finiteBeta_maxm1_maxn1_LMN8_000206.h5,0.6766856934076279,3.8076950763913846,0.38309833408467914,3.4245967423067056,False,False,3.389677156040502,3.7465191250190304,log_f_Q|f_stab|log_FSA_grad_x|geodesic_curvature_compression|parallel_roughness_iqr_scaled|nfp|iota|shat|aspect|rho|aspect/rho|equilibrium_class_1|equilibrium_class_2|equilibrium_class_3|equilibrium_class_4,observed-comparison,-0.33543920516967773,-0.3354392421886443,-0.1456794118963367,-0.45884695894446365,0.3810627162175302,0.0
