candidate,outcome,gradient_set,regime,rows,spearman_rho,ci95_lower,ci95_upper,bootstrap_replicates,bootstrap_unit,validity_tag,claim_grade
f_Q_integrand_w25_peak,target_native,fixed,all,1000,0.8071523595642384,0.7780339061407684,0.8340791093676506,500,equilibrium_files,observed-comparison,observational-physical
f_Q_integrand_w25_peak,target_native,fixed,stable_or_near_floor,23,0.32141217326661253,0.0,0.5855436942175875,500,equilibrium_files,observed-comparison,observational-physical
f_Q_integrand_w25_peak,target_native,fixed,unstable,977,0.7942094143372597,0.7616189146413352,0.8212066191510432,500,equilibrium_files,observed-comparison,observational-physical
f_Q_integrand_w25_peak,log_Q,fixed,all,1000,0.8071846831846833,0.7763583190578899,0.8325548012034113,500,equilibrium_files,observed-comparison,observational-physical
f_Q_integrand_w25_peak,log_Q,fixed,stable_or_near_floor,23,0.6808300395256918,0.30903640286300094,0.8688935530679932,500,equilibrium_files,observed-comparison,observational-physical
f_Q_integrand_w25_peak,log_Q,fixed,unstable,977,0.7942094143372597,0.7638768173052821,0.8213137817468298,500,equilibrium_files,observed-comparison,observational-physical
f_Q_integrand_w25_peak,log10_Q_stds,fixed,all,1000,0.8071846831846833,0.7806286986923763,0.8304452770980708,500,equilibrium_files,observed-comparison,observational-physical
f_Q_integrand_w25_peak,log10_Q_stds,fixed,stable_or_near_floor,23,0.6808300395256918,0.3541635340436417,0.8829553781103789,500,equilibrium_files,observed-comparison,observational-physical
f_Q_integrand_w25_peak,log10_Q_stds,fixed,unstable,977,0.7942094143372597,0.7632813939715909,0.8205709310289754,500,equilibrium_files,observed-comparison,observational-physical
f_Q_integrand_w25_peak,log10_zonal_phi2,fixed,all,1000,0.274985650985651,0.21446837768464933,0.3441255146012989,500,equilibrium_files,observed-comparison,observational-physical
f_Q_integrand_w25_peak,log10_zonal_phi2,fixed,stable_or_near_floor,23,0.6343873517786561,0.2569763057613408,0.8623341729825629,500,equilibrium_files,observed-comparison,observational-physical
f_Q_integrand_w25_peak,log10_zonal_phi2,fixed,unstable,977,0.2241730911229834,0.15354319742897865,0.29065238828496204,500,equilibrium_files,observed-comparison,observational-physical
f_Q_integrand_w25_peak,Qz_localization,fixed,all,1000,0.49203566403566407,0.4457199071222305,0.5455022527513746,500,equilibrium_files,observed-comparison,observational-physical
f_Q_integrand_w25_peak,Qz_localization,fixed,stable_or_near_floor,23,-0.21936758893280633,-0.56365753383712,0.14823095580562348,500,equilibrium_files,observed-comparison,observational-physical
f_Q_integrand_w25_peak,Qz_localization,fixed,unstable,977,0.4947274052683716,0.4423708444536677,0.5418067779198324,500,equilibrium_files,observed-comparison,observational-physical
f_Q_integrand_w25_peak,Qz_positive_fraction,fixed,all,1000,0.03742087882046033,-0.017141149860324476,0.09434758702946093,500,equilibrium_files,observed-comparison,observational-physical
f_Q_integrand_w25_peak,Qz_positive_fraction,fixed,stable_or_near_floor,23,0.16973888570840232,-0.11670257194500584,0.4317588840361464,500,equilibrium_files,observed-comparison,observational-physical
f_Q_integrand_w25_peak,Qz_positive_fraction,fixed,unstable,977,-0.012121492472587033,-0.02377614257678837,0.0,500,equilibrium_files,observed-comparison,observational-physical
f_stab,target_native,fixed,all,1000,0.6594262249670656,0.6127893788315454,0.7030907230643982,500,equilibrium_files,observed-comparison,observational-physical
f_stab,target_native,fixed,stable_or_near_floor,23,0.3535533905932738,0.0,0.6594994271308016,500,equilibrium_files,observed-comparison,observational-physical
f_stab,target_native,fixed,unstable,977,0.6348641710153196,0.5858936529016996,0.68339358940056,500,equilibrium_files,observed-comparison,observational-physical
f_stab,log_Q,fixed,all,1000,0.6594342594342595,0.6137807740636851,0.7003450161242091,500,equilibrium_files,observed-comparison,observational-physical
f_stab,log_Q,fixed,stable_or_near_floor,23,0.6047430830039526,0.22156162373783717,0.8573869502206446,500,equilibrium_files,observed-comparison,observational-physical
f_stab,log_Q,fixed,unstable,977,0.6348641710153196,0.585631443611411,0.6805859000098161,500,equilibrium_files,observed-comparison,observational-physical
f_stab,log10_Q_stds,fixed,all,1000,0.6594342594342595,0.6143525870786959,0.7007453951162874,500,equilibrium_files,observed-comparison,observational-physical
f_stab,log10_Q_stds,fixed,stable_or_near_floor,23,0.6047430830039526,0.20811934184390143,0.8547986076578818,500,equilibrium_files,observed-comparison,observational-physical
f_stab,log10_Q_stds,fixed,unstable,977,0.6348641710153196,0.5864974065651452,0.675734498346726,500,equilibrium_files,observed-comparison,observational-physical
f_stab,log10_zonal_phi2,fixed,all,1000,0.5920508800508801,0.5371533582743907,0.6372786476228499,500,equilibrium_files,observed-comparison,observational-physical
f_stab,log10_zonal_phi2,fixed,stable_or_near_floor,23,0.5296442687747036,0.14709697506095704,0.7973685991427927,500,equilibrium_files,observed-comparison,observational-physical
f_stab,log10_zonal_phi2,fixed,unstable,977,0.5626806548606484,0.509508388506908,0.6135982504907307,500,equilibrium_files,observed-comparison,observational-physical
f_stab,Qz_localization,fixed,all,1000,0.11316236916236916,0.04811644428514258,0.17840069312237228,500,equilibrium_files,observed-comparison,observational-physical
f_stab,Qz_localization,fixed,stable_or_near_floor,23,-0.2341897233201581,-0.5625121405168193,0.2091495646766169,500,equilibrium_files,observed-comparison,observational-physical
f_stab,Qz_localization,fixed,unstable,977,0.0959782170861114,0.03342144764818891,0.16447422682569154,500,equilibrium_files,observed-comparison,observational-physical
f_stab,Qz_positive_fraction,fixed,all,1000,0.035700563804831706,-0.023243175482884907,0.10552988737821326,500,equilibrium_files,observed-comparison,observational-physical
f_stab,Qz_positive_fraction,fixed,stable_or_near_floor,23,0.0969936489762299,-0.11053178070456106,0.3202037608910453,500,equilibrium_files,observed-comparison,observational-physical
f_stab,Qz_positive_fraction,fixed,unstable,977,-0.01421978781478353,-0.028692919940445726,0.0,500,equilibrium_files,observed-comparison,observational-physical
bad_curvature_compression,target_native,fixed,all,1000,0.8078416864672553,0.777057810331127,0.8352448117275125,500,equilibrium_files,observed-comparison,observational-physical
bad_curvature_compression,target_native,fixed,stable_or_near_floor,23,-0.06572716413465648,-0.14152894643611408,0.0,500,equilibrium_files,observed-comparison,observational-physical
bad_curvature_compression,target_native,fixed,unstable,977,0.795064427856304,0.764111776581638,0.8256785704010893,500,equilibrium_files,observed-comparison,observational-physical
bad_curvature_compression,log_Q,fixed,all,1000,0.8078568480259665,0.7775517403266249,0.8370204371784784,500,equilibrium_files,observed-comparison,observational-physical
bad_curvature_compression,log_Q,fixed,stable_or_near_floor,23,0.2121736071355029,0.0,0.47841538721893745,500,equilibrium_files,observed-comparison,observational-physical
bad_curvature_compression,log_Q,fixed,unstable,977,0.795064427856304,0.7614867156261689,0.8246952438827185,500,equilibrium_files,observed-comparison,observational-physical
bad_curvature_compression,log10_Q_stds,fixed,all,1000,0.8078568480259665,0.7759112702759942,0.8362462467542447,500,equilibrium_files,observed-comparison,observational-physical
bad_curvature_compression,log10_Q_stds,fixed,stable_or_near_floor,23,0.2121736071355029,0.0,0.4168857250047553,500,equilibrium_files,observed-comparison,observational-physical
bad_curvature_compression,log10_Q_stds,fixed,unstable,977,0.795064427856304,0.7667087266777008,0.8244260317605935,500,equilibrium_files,observed-comparison,observational-physical
bad_curvature_compression,log10_zonal_phi2,fixed,all,1000,0.28260285683369546,0.2151058041728769,0.3512363963337304,500,equilibrium_files,observed-comparison,observational-physical
bad_curvature_compression,log10_zonal_phi2,fixed,stable_or_near_floor,23,0.3293742663151141,0.0,0.5705113637645365,500,equilibrium_files,observed-comparison,observational-physical
bad_curvature_compression,log10_zonal_phi2,fixed,unstable,977,0.23224374858950608,0.1671607771053276,0.30390185039145245,500,equilibrium_files,observed-comparison,observational-physical
bad_curvature_compression,Qz_localization,fixed,all,1000,0.5081228853791651,0.4590114573486443,0.5527634204498468,500,equilibrium_files,observed-comparison,observational-physical
bad_curvature_compression,Qz_localization,fixed,stable_or_near_floor,23,0.09093154591521553,-0.12903031475537946,0.3076355782063193,500,equilibrium_files,observed-comparison,observational-physical
bad_curvature_compression,Qz_localization,fixed,unstable,977,0.510915306988472,0.4644811839430768,0.5546151506941523,500,equilibrium_files,observed-comparison,observational-physical
bad_curvature_compression,Qz_positive_fraction,fixed,all,1000,0.01449805694457437,-0.04868016038040816,0.08864733643484055,500,equilibrium_files,observed-comparison,observational-physical
bad_curvature_compression,Qz_positive_fraction,fixed,stable_or_near_floor,23,0.09504132231404959,0.0,0.1921784794819012,500,equilibrium_files,observed-comparison,observational-physical
bad_curvature_compression,Qz_positive_fraction,fixed,unstable,977,-0.04013807822257333,-0.06270404404796723,0.0,500,equilibrium_files,observed-comparison,observational-physical
geodesic_curvature_compression,target_native,fixed,all,1000,0.5194029029978575,0.46476449508124146,0.5702854680332359,500,equilibrium_files,observed-comparison,observational-physical
geodesic_curvature_compression,target_native,fixed,stable_or_near_floor,23,0.22498852128662877,0.0,0.4686185285112006,500,equilibrium_files,observed-comparison,observational-physical
geodesic_curvature_compression,target_native,fixed,unstable,977,0.48552176011247733,0.42459633558323406,0.5420797294189553,500,equilibrium_files,observed-comparison,observational-physical
geodesic_curvature_compression,log_Q,fixed,all,1000,0.5194075594075594,0.4623824082764466,0.5692648409345041,500,equilibrium_files,observed-comparison,observational-physical
geodesic_curvature_compression,log_Q,fixed,stable_or_near_floor,23,0.21442687747035571,-0.24571573587249854,0.631044017584633,500,equilibrium_files,observed-comparison,observational-physical
geodesic_curvature_compression,log_Q,fixed,unstable,977,0.48552176011247733,0.4195025969904841,0.532919225336445,500,equilibrium_files,observed-comparison,observational-physical
geodesic_curvature_compression,log10_Q_stds,fixed,all,1000,0.5194075594075594,0.46198989916562233,0.5749690632367103,500,equilibrium_files,observed-comparison,observational-physical
geodesic_curvature_compression,log10_Q_stds,fixed,stable_or_near_floor,23,0.21442687747035571,-0.21683911072327708,0.6421282187116819,500,equilibrium_files,observed-comparison,observational-physical
geodesic_curvature_compression,log10_Q_stds,fixed,unstable,977,0.48552176011247733,0.4294418998198217,0.54288602743882,500,equilibrium_files,observed-comparison,observational-physical
geodesic_curvature_compression,log10_zonal_phi2,fixed,all,1000,0.3152602352602353,0.2528959742898423,0.37950396780726314,500,equilibrium_files,observed-comparison,observational-physical
geodesic_curvature_compression,log10_zonal_phi2,fixed,stable_or_near_floor,23,0.04545454545454545,-0.35592630741139564,0.4645525305113073,500,equilibrium_files,observed-comparison,observational-physical
geodesic_curvature_compression,log10_zonal_phi2,fixed,unstable,977,0.2677954977970131,0.20464782986388255,0.3332573617544939,500,equilibrium_files,observed-comparison,observational-physical
geodesic_curvature_compression,Qz_localization,fixed,all,1000,0.101983433983434,0.040362225459665314,0.15791103878094248,500,equilibrium_files,observed-comparison,observational-physical
geodesic_curvature_compression,Qz_localization,fixed,stable_or_near_floor,23,0.32806324110671936,-0.0724020460631394,0.6849875808734268,500,equilibrium_files,observed-comparison,observational-physical
geodesic_curvature_compression,Qz_localization,fixed,unstable,977,0.08177109781640715,0.010859377221873636,0.14645884183592336,500,equilibrium_files,observed-comparison,observational-physical
geodesic_curvature_compression,Qz_positive_fraction,fixed,all,1000,-0.03010895065322828,-0.12057981611048244,0.07319380429296875,500,equilibrium_files,observed-comparison,observational-physical
geodesic_curvature_compression,Qz_positive_fraction,fixed,stable_or_near_floor,23,-0.29502234896936597,-0.5275552851412799,0.0,500,equilibrium_files,observed-comparison,observational-physical
geodesic_curvature_compression,Qz_positive_fraction,fixed,unstable,977,-0.09465014584010685,-0.144280628751025,0.0,500,equilibrium_files,observed-comparison,observational-physical
