candidate,outcome,regime,matched_pairs,mean_high_minus_low,ci95_lower,ci95_upper,median_candidate_contrast,median_nuisance_distance_iqr_units,max_abs_nuisance_smd_before,max_abs_nuisance_smd_after,bootstrap_replicates,bootstrap_unit,interval_interpretable,interval_interpretability_minimum_pairs,validity_tag,causal_claim_permitted
f_Q_integrand_w25_peak,target_native,all,185,1.5978442611361576,1.45820411577138,1.7770492066211392,8.447738640421655,0.9828663871197265,3.41483158213731,4.150938629839606,500,disjoint matched pair of equilibrium_files,True,20,observed-comparison,False
f_Q_integrand_w25_peak,target_native,either_stable_or_near_floor,3,4.853135426839192,4.744588375091553,4.978133916854858,19.36447477474231,1.7460013341444183,3.41483158213731,4.150938629839606,500,disjoint matched pair of equilibrium_files,False,20,observed-comparison,False
f_Q_integrand_w25_peak,target_native,both_unstable,182,1.544185615547646,1.4016665228651157,1.6932905681344301,8.341867128322829,0.9767704119748936,3.41483158213731,4.150938629839606,500,disjoint matched pair of equilibrium_files,True,20,observed-comparison,False
f_Q_integrand_w25_peak,log_Q,all,185,1.6029100155006106,1.4521368038973708,1.7569915199490276,8.447738640421655,0.9828663871197265,3.41483158213731,4.150938629839606,500,disjoint matched pair of equilibrium_files,True,20,observed-comparison,False
f_Q_integrand_w25_peak,log_Q,either_stable_or_near_floor,3,5.165522989603152,4.83668399956407,5.603231894327185,19.36447477474231,1.7460013341444183,3.41483158213731,4.150938629839606,500,disjoint matched pair of equilibrium_files,False,20,observed-comparison,False
f_Q_integrand_w25_peak,log_Q,both_unstable,182,1.5441856258176019,1.4110011640507631,1.679224843549416,8.341867128322829,0.9767704119748936,3.41483158213731,4.150938629839606,500,disjoint matched pair of equilibrium_files,True,20,observed-comparison,False
f_Q_integrand_w25_peak,log10_Q_stds,all,185,0.6961349747193711,0.6268018324636753,0.7642880365451844,8.447738640421655,0.9828663871197265,3.41483158213731,4.150938629839606,500,disjoint matched pair of equilibrium_files,True,20,observed-comparison,False
f_Q_integrand_w25_peak,log10_Q_stds,either_stable_or_near_floor,3,2.2433581305290375,2.1323889569256456,2.4334526925306017,19.36447477474231,1.7460013341444183,3.41483158213731,4.150938629839606,500,disjoint matched pair of equilibrium_files,False,20,observed-comparison,False
f_Q_integrand_w25_peak,log10_Q_stds,both_unstable,182,0.6706312963269041,0.6125153878433126,0.7366902926905536,8.341867128322829,0.9767704119748936,3.41483158213731,4.150938629839606,500,disjoint matched pair of equilibrium_files,True,20,observed-comparison,False
f_Q_integrand_w25_peak,log10_zonal_phi2,all,185,0.3524254679870891,0.2525846748608653,0.47156472627242363,8.447738640421655,0.9828663871197265,3.41483158213731,4.150938629839606,500,disjoint matched pair of equilibrium_files,True,20,observed-comparison,False
f_Q_integrand_w25_peak,log10_zonal_phi2,either_stable_or_near_floor,3,3.6052845289650755,3.0999799264998127,3.881317360301241,19.36447477474231,1.7460013341444183,3.41483158213731,4.150938629839606,500,disjoint matched pair of equilibrium_files,False,20,observed-comparison,False
f_Q_integrand_w25_peak,log10_zonal_phi2,both_unstable,182,0.2988069120369025,0.1869699819948047,0.4077939265567431,8.341867128322829,0.9767704119748936,3.41483158213731,4.150938629839606,500,disjoint matched pair of equilibrium_files,True,20,observed-comparison,False
f_Q_integrand_w25_peak,Qz_localization,all,185,1.578933240019976,1.3457462571816061,1.8052015081478947,8.447738640421655,0.9828663871197265,3.41483158213731,4.150938629839606,500,disjoint matched pair of equilibrium_files,True,20,observed-comparison,False
f_Q_integrand_w25_peak,Qz_localization,either_stable_or_near_floor,3,3.6402891187457818,1.299923662406484,4.956496482551003,19.36447477474231,1.7460013341444183,3.41483158213731,4.150938629839606,500,disjoint matched pair of equilibrium_files,False,20,observed-comparison,False
f_Q_integrand_w25_peak,Qz_localization,both_unstable,182,1.544954846414606,1.3032683393548345,1.8071329884058287,8.341867128322829,0.9767704119748936,3.41483158213731,4.150938629839606,500,disjoint matched pair of equilibrium_files,True,20,observed-comparison,False
f_Q_integrand_w25_peak,Qz_positive_fraction,all,185,0.0,0.0,0.0,8.447738640421655,0.9828663871197265,3.41483158213731,4.150938629839606,500,disjoint matched pair of equilibrium_files,True,20,observed-comparison,False
f_Q_integrand_w25_peak,Qz_positive_fraction,either_stable_or_near_floor,3,0.0,0.0,0.0,19.36447477474231,1.7460013341444183,3.41483158213731,4.150938629839606,500,disjoint matched pair of equilibrium_files,False,20,observed-comparison,False
f_Q_integrand_w25_peak,Qz_positive_fraction,both_unstable,182,0.0,0.0,0.0,8.341867128322829,0.9767704119748936,3.41483158213731,4.150938629839606,500,disjoint matched pair of equilibrium_files,True,20,observed-comparison,False
f_stab,target_native,all,202,1.4861600168157683,1.3016728810785916,1.6692195465413064,0.7948029506479712,0.8235700473910277,2.3207450993621284,2.1921022729505095,500,disjoint matched pair of equilibrium_files,True,20,observed-comparison,False
f_stab,target_native,either_stable_or_near_floor,4,5.1800989508628845,4.816006992757321,5.494836091995239,1.0086628782567097,1.5823282092014197,2.3207450993621284,2.1921022729505095,500,disjoint matched pair of equilibrium_files,False,20,observed-comparison,False
f_stab,target_native,both_unstable,198,1.4115349878451193,1.2420020279227322,1.5596110126698,0.7902536840354346,0.8091307763320674,2.3207450993621284,2.1921022729505095,500,disjoint matched pair of equilibrium_files,True,20,observed-comparison,False
f_stab,log_Q,all,202,1.4939573064685692,1.2995681243356658,1.671564763437921,0.7948029506479712,0.8235700473910277,2.3207450993621284,2.1921022729505095,500,disjoint matched pair of equilibrium_files,True,20,observed-comparison,False
f_stab,log_Q,either_stable_or_near_floor,4,5.573861812275579,5.2631037679197945,6.14222844967373,1.0086628782567097,1.5823282092014197,2.3207450993621284,2.1921022729505095,500,disjoint matched pair of equilibrium_files,False,20,observed-comparison,False
f_stab,log_Q,both_unstable,198,1.4115349932199426,1.2378502659040889,1.576059704877723,0.7902536840354346,0.8091307763320674,2.3207450993621284,2.1921022729505095,500,disjoint matched pair of equilibrium_files,True,20,observed-comparison,False
f_stab,log10_Q_stds,all,202,0.6488174143983447,0.568354313390294,0.7250707614760101,0.7948029506479712,0.8235700473910277,2.3207450993621284,2.1921022729505095,500,disjoint matched pair of equilibrium_files,True,20,observed-comparison,False
f_stab,log10_Q_stds,either_stable_or_near_floor,4,2.4206974279625433,2.2857369240917795,2.6675359222824664,1.0086628782567097,1.5823282092014197,2.3207450993621284,2.1921022729505095,500,disjoint matched pair of equilibrium_files,False,20,observed-comparison,False
f_stab,log10_Q_stds,both_unstable,198,0.613021858568765,0.5340618484458931,0.6891355076076707,0.7902536840354346,0.8091307763320674,2.3207450993621284,2.1921022729505095,500,disjoint matched pair of equilibrium_files,True,20,observed-comparison,False
f_stab,log10_zonal_phi2,all,202,0.850150802800314,0.7558763992019513,0.9494309501305469,0.7948029506479712,0.8235700473910277,2.3207450993621284,2.1921022729505095,500,disjoint matched pair of equilibrium_files,True,20,observed-comparison,False
f_stab,log10_zonal_phi2,either_stable_or_near_floor,4,4.071821243265134,3.335891989256652,4.932605573113563,1.0086628782567097,1.5823282092014197,2.3207450993621284,2.1921022729505095,500,disjoint matched pair of equilibrium_files,False,20,observed-comparison,False
f_stab,log10_zonal_phi2,both_unstable,198,0.7850665514777924,0.7051181481384773,0.8677856259360166,0.7902536840354346,0.8091307763320674,2.3207450993621284,2.1921022729505095,500,disjoint matched pair of equilibrium_files,True,20,observed-comparison,False
f_stab,Qz_localization,all,202,0.06908756507317984,-0.1630971597638214,0.29753357959201054,0.7948029506479712,0.8235700473910277,2.3207450993621284,2.1921022729505095,500,disjoint matched pair of equilibrium_files,True,20,observed-comparison,False
f_stab,Qz_localization,either_stable_or_near_floor,4,0.9361184375562126,0.24287777283291892,1.9404342091458018,1.0086628782567097,1.5823282092014197,2.3207450993621284,2.1921022729505095,500,disjoint matched pair of equilibrium_files,False,20,observed-comparison,False
f_stab,Qz_localization,both_unstable,198,0.05157178987150239,-0.16989860554602443,0.2878659329054354,0.7902536840354346,0.8091307763320674,2.3207450993621284,2.1921022729505095,500,disjoint matched pair of equilibrium_files,True,20,observed-comparison,False
f_stab,Qz_positive_fraction,all,202,0.0,0.0,0.0,0.7948029506479712,0.8235700473910277,2.3207450993621284,2.1921022729505095,500,disjoint matched pair of equilibrium_files,True,20,observed-comparison,False
f_stab,Qz_positive_fraction,either_stable_or_near_floor,4,0.0,0.0,0.0,1.0086628782567097,1.5823282092014197,2.3207450993621284,2.1921022729505095,500,disjoint matched pair of equilibrium_files,False,20,observed-comparison,False
f_stab,Qz_positive_fraction,both_unstable,198,0.0,0.0,0.0,0.7902536840354346,0.8091307763320674,2.3207450993621284,2.1921022729505095,500,disjoint matched pair of equilibrium_files,True,20,observed-comparison,False
bad_curvature_compression,target_native,all,215,1.878127909437645,1.6869514288322534,2.043388278813069,3.956572681015349,0.8597396668543346,3.389677156040502,3.7465191250190304,500,disjoint matched pair of equilibrium_files,True,20,observed-comparison,False
bad_curvature_compression,target_native,either_stable_or_near_floor,3,5.505507866541545,5.372500896453857,5.605224132537842,12.681045443786587,1.594000032615417,3.389677156040502,3.7465191250190304,500,disjoint matched pair of equilibrium_files,False,20,observed-comparison,False
bad_curvature_compression,target_native,both_unstable,212,1.8267970609880615,1.656827991315436,1.9927051681737449,3.8826927870003765,0.8542302191768338,3.389677156040502,3.7465191250190304,500,disjoint matched pair of equilibrium_files,True,20,observed-comparison,False
bad_curvature_compression,log_Q,all,215,1.882486813990814,1.7163227324106347,2.0868927828724617,3.956572681015349,0.8597396668543346,3.389677156040502,3.7465191250190304,500,disjoint matched pair of equilibrium_files,True,20,observed-comparison,False
bad_curvature_compression,log_Q,either_stable_or_near_floor,3,5.81789538641129,5.587113438439204,6.23114435557174,12.681045443786587,1.594000032615417,3.389677156040502,3.7465191250190304,500,disjoint matched pair of equilibrium_files,False,20,observed-comparison,False
bad_curvature_compression,log_Q,both_unstable,212,1.826797070041468,1.6679003259174243,2.0031801815609187,3.8826927870003765,0.8542302191768338,3.389677156040502,3.7465191250190304,500,disjoint matched pair of equilibrium_files,True,20,observed-comparison,False
bad_curvature_compression,log10_Q_stds,all,215,0.8175536355718437,0.7424120821863298,0.8954656585404946,3.956572681015349,0.8597396668543346,3.389677156040502,3.7465191250190304,500,disjoint matched pair of equilibrium_files,True,20,observed-comparison,False
bad_curvature_compression,log10_Q_stds,either_stable_or_near_floor,3,2.5266798626088103,2.4054696299859204,2.7061516095674008,12.681045443786587,1.594000032615417,3.389677156040502,3.7465191250190304,500,disjoint matched pair of equilibrium_files,False,20,observed-comparison,False
bad_curvature_compression,log10_Q_stds,both_unstable,212,0.7933678870760376,0.7215493177440455,0.8634779792355877,3.8826927870003765,0.8542302191768338,3.389677156040502,3.7465191250190304,500,disjoint matched pair of equilibrium_files,True,20,observed-comparison,False
bad_curvature_compression,log10_zonal_phi2,all,215,0.43805435600854153,0.3168150330806004,0.571544343053725,3.956572681015349,0.8597396668543346,3.389677156040502,3.7465191250190304,500,disjoint matched pair of equilibrium_files,True,20,observed-comparison,False
bad_curvature_compression,log10_zonal_phi2,either_stable_or_near_floor,3,3.8529761966063987,2.5311256013646797,4.893143000848314,12.681045443786587,1.594000032615417,3.389677156040502,3.7465191250190304,500,disjoint matched pair of equilibrium_files,False,20,observed-comparison,False
bad_curvature_compression,log10_zonal_phi2,both_unstable,212,0.3897299903397039,0.2838815321176325,0.4959647051605328,3.8826927870003765,0.8542302191768338,3.389677156040502,3.7465191250190304,500,disjoint matched pair of equilibrium_files,True,20,observed-comparison,False
bad_curvature_compression,Qz_localization,all,215,1.7604941148347992,1.5159921525988163,1.9688050092026839,3.956572681015349,0.8597396668543346,3.389677156040502,3.7465191250190304,500,disjoint matched pair of equilibrium_files,True,20,observed-comparison,False
bad_curvature_compression,Qz_localization,either_stable_or_near_floor,3,3.0544143749435047,0.9845547789754083,6.355442688333523,12.681045443786587,1.594000032615417,3.389677156040502,3.7465191250190304,500,disjoint matched pair of equilibrium_files,False,20,observed-comparison,False
bad_curvature_compression,Qz_localization,both_unstable,212,1.7421839224747706,1.5055678992024057,1.9650165901067238,3.8826927870003765,0.8542302191768338,3.389677156040502,3.7465191250190304,500,disjoint matched pair of equilibrium_files,True,20,observed-comparison,False
bad_curvature_compression,Qz_positive_fraction,all,215,0.0,0.0,0.0,3.956572681015349,0.8597396668543346,3.389677156040502,3.7465191250190304,500,disjoint matched pair of equilibrium_files,True,20,observed-comparison,False
bad_curvature_compression,Qz_positive_fraction,either_stable_or_near_floor,3,0.0,0.0,0.0,12.681045443786587,1.594000032615417,3.389677156040502,3.7465191250190304,500,disjoint matched pair of equilibrium_files,False,20,observed-comparison,False
bad_curvature_compression,Qz_positive_fraction,both_unstable,212,0.0,0.0,0.0,3.8826927870003765,0.8542302191768338,3.389677156040502,3.7465191250190304,500,disjoint matched pair of equilibrium_files,True,20,observed-comparison,False
geodesic_curvature_compression,target_native,all,198,1.316841864482161,1.1499375293833307,1.502380691403041,0.26174380459044566,0.684010131083836,1.206343433131149,1.068121850701722,500,disjoint matched pair of equilibrium_files,True,20,observed-comparison,False
geodesic_curvature_compression,target_native,either_stable_or_near_floor,7,4.281695297786167,4.063095541511263,4.4640319849763594,0.32068526532560204,1.5513579562343929,1.206343433131149,1.068121850701722,500,disjoint matched pair of equilibrium_files,False,20,observed-comparison,False
geodesic_curvature_compression,target_native,both_unstable,191,1.2081823145704957,1.0668367934586354,1.3566522202252456,0.25743575341831193,0.6619950765161027,1.206343433131149,1.068121850701722,500,disjoint matched pair of equilibrium_files,True,20,observed-comparison,False
geodesic_curvature_compression,log_Q,all,198,1.4361075903522327,1.1945886108371868,1.6996980022064727,0.26174380459044566,0.684010131083836,1.206343433131149,1.068121850701722,500,disjoint matched pair of equilibrium_files,True,20,observed-comparison,False
geodesic_curvature_compression,log_Q,either_stable_or_near_floor,7,7.655211466550845,4.483995188202987,11.56268132148258,0.32068526532560204,1.5513579562343929,1.206343433131149,1.068121850701722,500,disjoint matched pair of equilibrium_files,False,20,observed-comparison,False
geodesic_curvature_compression,log_Q,both_unstable,191,1.2081823174025457,1.048425166957418,1.3726530639707928,0.25743575341831193,0.6619950765161027,1.206343433131149,1.068121850701722,500,disjoint matched pair of equilibrium_files,True,20,observed-comparison,False
geodesic_curvature_compression,log10_Q_stds,all,198,0.6236936019093502,0.5220959403686414,0.7327033197624829,0.26174380459044566,0.684010131083836,1.206343433131149,1.068121850701722,500,disjoint matched pair of equilibrium_files,True,20,observed-comparison,False
geodesic_curvature_compression,log10_Q_stds,either_stable_or_near_floor,7,3.3246160977255315,1.9950538017465465,4.9788462032881124,0.32068526532560204,1.5513579562343929,1.206343433131149,1.068121850701722,500,disjoint matched pair of equilibrium_files,False,20,observed-comparison,False
geodesic_curvature_compression,log10_Q_stds,both_unstable,191,0.5247069135810085,0.45261917602488316,0.5898249330342729,0.25743575341831193,0.6619950765161027,1.206343433131149,1.068121850701722,500,disjoint matched pair of equilibrium_files,True,20,observed-comparison,False
geodesic_curvature_compression,log10_zonal_phi2,all,198,0.6109495282493697,0.4181976791129803,0.8137259943744908,0.26174380459044566,0.684010131083836,1.206343433131149,1.068121850701722,500,disjoint matched pair of equilibrium_files,True,20,observed-comparison,False
geodesic_curvature_compression,log10_zonal_phi2,either_stable_or_near_floor,7,5.978192159591205,3.488507740051172,9.031680852322173,0.32068526532560204,1.5513579562343929,1.206343433131149,1.068121850701722,500,disjoint matched pair of equilibrium_files,False,20,observed-comparison,False
geodesic_curvature_compression,log10_zonal_phi2,both_unstable,191,0.4142443009227055,0.2944970806391501,0.5145844739874601,0.25743575341831193,0.6619950765161027,1.206343433131149,1.068121850701722,500,disjoint matched pair of equilibrium_files,True,20,observed-comparison,False
geodesic_curvature_compression,Qz_localization,all,198,-0.12209282796043566,-0.34557374328609985,0.07773996687861552,0.26174380459044566,0.684010131083836,1.206343433131149,1.068121850701722,500,disjoint matched pair of equilibrium_files,True,20,observed-comparison,False
geodesic_curvature_compression,Qz_localization,either_stable_or_near_floor,7,0.810054341263726,0.3148996570434396,1.3111665336645888,0.32068526532560204,1.5513579562343929,1.206343433131149,1.068121850701722,500,disjoint matched pair of equilibrium_files,False,20,observed-comparison,False
geodesic_curvature_compression,Qz_localization,both_unstable,191,-0.1562552896597504,-0.3504592723396334,0.07514452801384214,0.25743575341831193,0.6619950765161027,1.206343433131149,1.068121850701722,500,disjoint matched pair of equilibrium_files,True,20,observed-comparison,False
geodesic_curvature_compression,Qz_positive_fraction,all,198,0.0,0.0,0.0,0.26174380459044566,0.684010131083836,1.206343433131149,1.068121850701722,500,disjoint matched pair of equilibrium_files,True,20,observed-comparison,False
geodesic_curvature_compression,Qz_positive_fraction,either_stable_or_near_floor,7,0.0,0.0,0.0,0.32068526532560204,1.5513579562343929,1.206343433131149,1.068121850701722,500,disjoint matched pair of equilibrium_files,False,20,observed-comparison,False
geodesic_curvature_compression,Qz_positive_fraction,both_unstable,191,0.0,0.0,0.0,0.25743575341831193,0.6619950765161027,1.206343433131149,1.068121850701722,500,disjoint matched pair of equilibrium_files,True,20,observed-comparison,False
