member_id,function,point_delta_residual_std_vs_f,bootstrap_median_delta,ci_95_lower,ci_95_upper,probability_improved
2864601_0.437,shift_averaged_bar_f,-0.013131051222507184,-0.01331626104531683,-0.01690079759313717,-0.009627032084166832,1.0
2864601_0.371,shift_averaged_bar_f,-0.010575247676179733,-0.010500655467295797,-0.015326819431125809,-0.006495843087736927,1.0
2864601_0.409,shift_averaged_bar_f,-0.0077298378845871984,-0.0077609847948215405,-0.01073024586327829,-0.004923554232363403,1.0
2864601_0.386,shift_averaged_bar_f,-0.013101013534190326,-0.013067824187111596,-0.01775046506552295,-0.009165539875330366,1.0
2864601_0.355,shift_averaged_bar_f,-0.012932085466055898,-0.012886174477339002,-0.016456551991340187,-0.009602870769384372,1.0
2864601_0.449,shift_averaged_bar_f,-0.012322498975746776,-0.01237329192696926,-0.016068921967409396,-0.008679031671820318,1.0
2864601_0.340,shift_averaged_bar_f,-0.020472249823081573,-0.02043305220179359,-0.024886609282305086,-0.01588422757272506,1.0
2864601_0.296,shift_averaged_bar_f,-0.009875218098390315,-0.009902036709803802,-0.012916803861804459,-0.00719884847083345,1.0
2864601_0.270,shift_averaged_bar_f,-0.015480398677864271,-0.015456909270356506,-0.021371810426455164,-0.010935985340301236,1.0
2864601_0.352,shift_averaged_bar_f,-0.012193515132017496,-0.012055771758911454,-0.01697550851436305,-0.007616566092178446,1.0
2864601_0.487,shift_averaged_bar_f,-0.01563983351554782,-0.01567125341140685,-0.019530718390446938,-0.012299633355025789,1.0
2864601_0.272,shift_averaged_bar_f,-0.011005677796678492,-0.0111669806226425,-0.01523675033015189,-0.006747070858197807,1.0
2864601_0.404,shift_averaged_bar_f,-0.011235571090051355,-0.011281913175755887,-0.014968225228719257,-0.007855261216139208,1.0
2864601_0.274,shift_averaged_bar_f,-0.009092819694679177,-0.009121775179699476,-0.011393070496574372,-0.006428130452360021,1.0
2864601_0.240,shift_averaged_bar_f,-0.01178530873159711,-0.011762734525329638,-0.015264572792635408,-0.008292323417996968,1.0
2864601_0.417,shift_averaged_bar_f,-0.00857371098400489,-0.00868082691016378,-0.012129292893371385,-0.004880685478806975,1.0
2864601_0.494,shift_averaged_bar_f,-0.004524434763238605,-0.004503551349361229,-0.008623255947673715,-0.0008519667682949499,0.992
2864601_0.260,shift_averaged_bar_f,-0.012569092259029802,-0.012442246066016696,-0.01560137746847019,-0.009855139828006006,1.0
2864601_0.434,shift_averaged_bar_f,-0.012129875286403635,-0.012128748439430653,-0.01539333835490698,-0.008700370446760738,1.0
2864601_0.460,shift_averaged_bar_f,-0.009258852663224848,-0.009019298656970626,-0.013354597858059567,-0.005623094945133486,1.0
2864601_0.402,shift_averaged_bar_f,-0.008851763046982652,-0.008804321357781836,-0.012497255808609315,-0.005480226014717123,1.0
2864601_0.279,shift_averaged_bar_f,-0.010450300719039685,-0.01042280008121027,-0.013242169342689776,-0.007783469925801497,1.0
2864601_0.353,shift_averaged_bar_f,-0.015198499419370182,-0.01502153266324699,-0.018738447933258573,-0.011315807020721812,1.0
2864601_0.175,shift_averaged_bar_f,-0.0138747684060061,-0.01367878505738293,-0.01830563473528802,-0.00944759009986557,1.0
2864601_0.277,shift_averaged_bar_f,-0.008805708712194993,-0.00897728232899711,-0.012382117610709295,-0.005603570856602714,1.0
2864601_0.463,shift_averaged_bar_f,-0.016134279091283732,-0.016070036435400517,-0.020387366072890864,-0.011728553353591482,1.0
2864601_0.229,shift_averaged_bar_f,-0.006222343029829047,-0.006235220395573976,-0.008877032357444055,-0.0036456483932513083,1.0
2864601_0.224,shift_averaged_bar_f,-0.012482444282694016,-0.012610629749539137,-0.015601855042080686,-0.008915268184683876,1.0
2864601_0.373,shift_averaged_bar_f,-0.008804604835296381,-0.008784078961078856,-0.011768590075204392,-0.005408948538650051,1.0
2864601_0.481,shift_averaged_bar_f,-0.010125010117633781,-0.010048953390176155,-0.014105551563246183,-0.00571006170699639,1.0
2864601_0.289,shift_averaged_bar_f,-0.008124017092096925,-0.007990947836802653,-0.011945444009696661,-0.004424111746804158,1.0
2864601_0.393,shift_averaged_bar_f,-0.0047604952358129005,-0.004818831660841821,-0.007946115482563706,-0.0017684935712658613,1.0
2864601_0.406,shift_averaged_bar_f,-0.012022505114020976,-0.012063538761606013,-0.016620065237973228,-0.007971860180989243,1.0
2864601_0.206,shift_averaged_bar_f,-0.006793254508346447,-0.006856795803434235,-0.00947690889974758,-0.00393387385143109,1.0
2864601_0.284,shift_averaged_bar_f,-0.009895084157189316,-0.009863743619963491,-0.014583156845430944,-0.0058749553089429965,1.0
2864601_0.235,shift_averaged_bar_f,-0.011859662806081195,-0.01187449433657034,-0.01510110807438452,-0.008819319269519682,1.0
2864601_0.405,shift_averaged_bar_f,-0.01116120208208804,-0.011143340736611246,-0.015134342624899436,-0.007292359421159461,1.0
2864601_0.398,shift_averaged_bar_f,-0.008549462649868111,-0.008496845729948521,-0.0112420699126357,-0.005754475856805985,1.0
2864601_0.358,shift_averaged_bar_f,-0.013437632640019737,-0.01337835806396781,-0.016891752879306568,-0.009904820070919227,1.0
2864601_0.242,shift_averaged_bar_f,-0.010733860218728741,-0.010747480018729938,-0.014116749518055676,-0.007586700647308143,1.0
2864601_0.490,shift_averaged_bar_f,-0.009696150649258772,-0.009606775727249328,-0.01337942402967127,-0.006493476923067097,1.0
2864601_0.263,shift_averaged_bar_f,-0.011244390257062087,-0.011279186528895424,-0.014964877474089162,-0.007592125082894017,1.0
2864601_0.211,shift_averaged_bar_f,-0.011466200145980765,-0.011451048400174108,-0.01552318741225579,-0.007569628824557598,1.0
2864601_0.292,shift_averaged_bar_f,-0.013573081187714442,-0.01379089891151132,-0.01754954774534592,-0.009824440039964438,1.0
2864601_0.276,shift_averaged_bar_f,-0.010324633383023307,-0.010405348117237423,-0.014044937459763127,-0.00627305401786336,1.0
2864601_0.427,shift_averaged_bar_f,-0.00794100182775248,-0.007992887791214986,-0.010477632571828517,-0.005066685275968377,1.0
2864601_0.461,shift_averaged_bar_f,-0.0164106067685858,-0.016252410721826066,-0.020879251775005592,-0.012090324547395606,1.0
2864601_0.471,shift_averaged_bar_f,-0.009889174444028315,-0.01009793605244945,-0.013592785236814613,-0.006392554348110168,1.0
2864601_0.440,shift_averaged_bar_f,-0.005567209669265272,-0.0054214397464174835,-0.009010156059954146,-0.002121603729511911,0.998
2864601_0.457,shift_averaged_bar_f,-0.006366995092381034,-0.006333292936777535,-0.01007441402707933,-0.0028856729409092135,1.0
2864601_0.400,shift_averaged_bar_f,-0.007200304928844492,-0.007291489174606147,-0.00968143889389533,-0.0046120469806397646,1.0
2864601_0.385,shift_averaged_bar_f,-0.011203052820130843,-0.011203991617372094,-0.015652315942442218,-0.006179913645351237,1.0
2864601_0.350,shift_averaged_bar_f,-0.0167289374942593,-0.01681804854544132,-0.020856539955351847,-0.01259246890624412,1.0
2864601_0.416,shift_averaged_bar_f,-0.009775962835730345,-0.009817534985792409,-0.012600416454745023,-0.007024092754482567,1.0
2864601_0.342,shift_averaged_bar_f,-0.004801433985074599,-0.004792024424618402,-0.007333088312828315,-0.002204791575421842,1.0
2864601_0.359,shift_averaged_bar_f,-0.010657040491606318,-0.010598600297927835,-0.014196667095644225,-0.007232610861919998,1.0
2864601_0.475,shift_averaged_bar_f,-0.010954713643689051,-0.010873963610645604,-0.014797054769493787,-0.007382334263169121,1.0
2864601_0.462,shift_averaged_bar_f,-0.010425958064321006,-0.010476743906705777,-0.014107985036417693,-0.006930904594760665,1.0
2864601_0.268,shift_averaged_bar_f,-0.013403500128260581,-0.01325539510555307,-0.01775156475805077,-0.009590391230730985,1.0
2864601_0.262,shift_averaged_bar_f,-0.007588372097645846,-0.007619416590876338,-0.010633114640457107,-0.004428974726995102,1.0
2864601_0.485,shift_averaged_bar_f,-0.0065750761817552905,-0.006744192203452848,-0.00951853025910009,-0.0038715682985696015,1.0
2864601_0.473,shift_averaged_bar_f,-0.005558107893030018,-0.005600775310982936,-0.008187948893792532,-0.003009546977830971,1.0
2864601_0.189,shift_averaged_bar_f,-0.011045526845066711,-0.011174829173324713,-0.014544666392998323,-0.00722927724600646,1.0
2864601_0.395,shift_averaged_bar_f,-0.009096764887683184,-0.00926597846089719,-0.01242936667536691,-0.005831739292821415,1.0
2864601_0.237,shift_averaged_bar_f,-0.012396973298690106,-0.012353834521110385,-0.016892687098091948,-0.008593723399568749,1.0
2864601_0.372,shift_averaged_bar_f,-0.006669159482415199,-0.006702626782440824,-0.00972675975789291,-0.0033932780230572115,1.0
2864601_0.472,shift_averaged_bar_f,-0.011776221660793063,-0.011634094234041797,-0.016749416139105532,-0.007725798033627888,1.0
2864601_0.436,shift_averaged_bar_f,-0.007377145317219058,-0.007450042597871603,-0.009984138797544178,-0.004598425328366523,1.0
2864601_0.454,shift_averaged_bar_f,-0.013667999641828799,-0.013547699895789578,-0.01823094910866565,-0.009469742300645513,1.0
2864601_0.377,shift_averaged_bar_f,-0.008232850421889537,-0.008316030313258449,-0.0119507939128597,-0.004393629553178545,1.0
2864601_0.212,shift_averaged_bar_f,-0.012470637670971563,-0.012442297221522403,-0.016442010977031157,-0.008786816358809658,1.0
2864601_0.123,shift_averaged_bar_f,-0.0078017528506351685,-0.007772859064463844,-0.01029410773623375,-0.005391196947550449,1.0
2864601_0.288,shift_averaged_bar_f,-0.006961874402851231,-0.007058554566249042,-0.010680155890397676,-0.0036778168970681806,1.0
2864601_0.349,shift_averaged_bar_f,-0.010135169943568889,-0.0101195312865133,-0.013864620046067177,-0.0068288425942967315,1.0
2864601_0.510,shift_averaged_bar_f,-0.009843958478110093,-0.009954881086057105,-0.014561561331777452,-0.0047977122826733986,1.0
2864601_0.376,shift_averaged_bar_f,-0.00783614865273019,-0.007738583578878189,-0.010851659603566797,-0.004700358062962434,1.0
2864601_0.305,shift_averaged_bar_f,-0.010857821976273108,-0.010681662800799047,-0.014481311759361435,-0.007488335072949566,1.0
2864601_0.496,shift_averaged_bar_f,-0.01007753066594369,-0.009939067836092996,-0.014542764547008803,-0.006267626072566834,1.0
2864601_0.261,shift_averaged_bar_f,-0.007730720117206935,-0.00791936122781317,-0.011237422709309048,-0.0040763111111390415,1.0
2864601_0.252,shift_averaged_bar_f,-0.006163831211785542,-0.006046202180913285,-0.00933370746557932,-0.002966658795623386,1.0
2864601_0.208,shift_averaged_bar_f,-0.008253305760378471,-0.008193542736664838,-0.01163894939542394,-0.004901276775770889,1.0
2864601_0.230,shift_averaged_bar_f,-0.010310327667775065,-0.01029107109952157,-0.013579931317122618,-0.007135772599680583,1.0
2864601_0.452,shift_averaged_bar_f,-0.004049127948605957,-0.003993251120094937,-0.0069063625548825185,-0.0007436644152823901,0.994
2864601_0.498,shift_averaged_bar_f,-0.00643400379129927,-0.006468812493763715,-0.009496871701685932,-0.0027043303879979667,1.0
2864601_0.271,shift_averaged_bar_f,-0.007070047663666035,-0.007063210743852633,-0.010166923889835495,-0.0040258797584431195,1.0
2864601_0.450,shift_averaged_bar_f,-0.010123982022538336,-0.00991694566207968,-0.014071765216653619,-0.005982412196369002,1.0
2864601_0.46,shift_averaged_bar_f,-0.014090298038617444,-0.013867796576629648,-0.020520434755829972,-0.009127628543251382,1.0
2864601_0.308,shift_averaged_bar_f,-0.007492251354187018,-0.007406308590366312,-0.010472775400887988,-0.004056403273690699,1.0
2864601_0.163,shift_averaged_bar_f,-0.013699795994937758,-0.013551016125047582,-0.01718615982004825,-0.010100158574101068,1.0
2864601_0.246,shift_averaged_bar_f,-0.009972546947592975,-0.010053603897893643,-0.013367739350381942,-0.006951362653262277,1.0
2864601_0.438,shift_averaged_bar_f,-0.01659417971462268,-0.016594759448282398,-0.020294449951839325,-0.012888312908848855,1.0
2864601_0.362,shift_averaged_bar_f,-0.011341738567457849,-0.011346462066601337,-0.01518969857771811,-0.0077507575837311785,1.0
2864601_0.136,shift_averaged_bar_f,-0.006680201242538153,-0.00667572184695886,-0.009831095726623124,-0.0036023947685841153,1.0
2864601_0.250,shift_averaged_bar_f,-0.009133083022618504,-0.009155353071631261,-0.012903189956203171,-0.005519399228068212,1.0
2864601_0.247,shift_averaged_bar_f,-0.012624701699809504,-0.012399814248078178,-0.018168733169356407,-0.007418645199390629,1.0
2864601_0.382,shift_averaged_bar_f,-0.009620527856953554,-0.009444498434014459,-0.013451948062408061,-0.005547235593888505,1.0
2864601_0.307,shift_averaged_bar_f,-0.009772884737773546,-0.009919340413860778,-0.013004746259253203,-0.006558378613471605,1.0
2864601_0.339,shift_averaged_bar_f,-0.012247218117614977,-0.01228133651653901,-0.01556999795554746,-0.008540039047908975,1.0
2864601_0.426,shift_averaged_bar_f,-0.01117251240726519,-0.011305666444047568,-0.014527250247200703,-0.007713222783866201,1.0
2864601_0.379,shift_averaged_bar_f,-0.009440975786188188,-0.009547586710959732,-0.012949625415248108,-0.006580881279965563,1.0
2864601_0.437,invariant_tilde_f,-0.01177466559432605,-0.011952995805973421,-0.015504880729811786,-0.008161756467940224,1.0
2864601_0.371,invariant_tilde_f,-0.009097024508508494,-0.008996299355858467,-0.013806314285947379,-0.004977825816221642,1.0
2864601_0.409,invariant_tilde_f,-0.006943302172966903,-0.007028603168317105,-0.00993398685560759,-0.004184423344965141,1.0
2864601_0.386,invariant_tilde_f,-0.010830748968993942,-0.010819092228053079,-0.015315074136519087,-0.006364485197296045,1.0
2864601_0.355,invariant_tilde_f,-0.011598699555032926,-0.011505523246357285,-0.015219362246141104,-0.008039670498400538,1.0
2864601_0.449,invariant_tilde_f,-0.01074018700543039,-0.010797933364749338,-0.014749039206212492,-0.006884156616568984,1.0
2864601_0.340,invariant_tilde_f,-0.01810565937596867,-0.01809554541651387,-0.022388202125608932,-0.013438011921646231,1.0
2864601_0.296,invariant_tilde_f,-0.008543315091744552,-0.00856160110451995,-0.01162051372131166,-0.005795650552046471,1.0
2864601_0.270,invariant_tilde_f,-0.013650727001684182,-0.013678719395552888,-0.01949648549694393,-0.00901714885080882,1.0
2864601_0.352,invariant_tilde_f,-0.010731907245411176,-0.010629528476308311,-0.015410804341191991,-0.006206886746948268,1.0
2864601_0.487,invariant_tilde_f,-0.01420207489983838,-0.014292458180059864,-0.018087155567423296,-0.010861451795144863,1.0
2864601_0.272,invariant_tilde_f,-0.009204700458712578,-0.009419103687728136,-0.0132370622411031,-0.004986524742776409,1.0
2864601_0.404,invariant_tilde_f,-0.010346601450456017,-0.010412852043853615,-0.014012616467244977,-0.0068543590715619725,1.0
2864601_0.274,invariant_tilde_f,-0.008086319564934441,-0.008158723710508131,-0.010501034039689647,-0.005406571706692623,1.0
2864601_0.240,invariant_tilde_f,-0.01083160535549016,-0.010847874967336468,-0.014233286553493079,-0.007226472805081851,1.0
2864601_0.417,invariant_tilde_f,-0.006421537140439082,-0.006434006341696413,-0.009855046164223663,-0.0028804292937963617,1.0
2864601_0.494,invariant_tilde_f,-0.003188306773006022,-0.0031931299140260383,-0.007210355846035505,0.0006222098577727444,0.938
2864601_0.260,invariant_tilde_f,-0.011506880275904796,-0.011370391926495471,-0.01447725808425282,-0.008805786762738717,1.0
2864601_0.434,invariant_tilde_f,-0.010954626444344084,-0.010938113106059688,-0.014292934764553834,-0.0073804148605991875,1.0
2864601_0.460,invariant_tilde_f,-0.008302309145918896,-0.007931447185303031,-0.012730210111781827,-0.0044402813318616475,1.0
2864601_0.402,invariant_tilde_f,-0.0077192139434981155,-0.007649537705940179,-0.01147448118461988,-0.004101572860394427,1.0
2864601_0.279,invariant_tilde_f,-0.00954182198570519,-0.009503510524812644,-0.012302373988378182,-0.00678898365627034,1.0
2864601_0.353,invariant_tilde_f,-0.014545839200973187,-0.014360562632865628,-0.018111023196028128,-0.010419210833909384,1.0
2864601_0.175,invariant_tilde_f,-0.012198831539335597,-0.011965398284528334,-0.01675026818008614,-0.007706771213075842,1.0
2864601_0.277,invariant_tilde_f,-0.007785422284469434,-0.00798778949279616,-0.011233704349183245,-0.004681213476754801,1.0
2864601_0.463,invariant_tilde_f,-0.01427587700913946,-0.014189667437463999,-0.018671766891068392,-0.00964305890493802,1.0
2864601_0.229,invariant_tilde_f,-0.005349316594703835,-0.00533470010168044,-0.007981158005101203,-0.0026726239987053518,1.0
2864601_0.224,invariant_tilde_f,-0.011070986606060262,-0.011227657628657656,-0.014080454160204137,-0.007575380652432568,1.0
2864601_0.373,invariant_tilde_f,-0.007998916144441148,-0.00795054935499781,-0.010849706255560802,-0.004693062862761059,1.0
2864601_0.481,invariant_tilde_f,-0.008304880124913427,-0.008220409708458665,-0.012479585116286359,-0.0033294507004296373,1.0
2864601_0.289,invariant_tilde_f,-0.00644160032574731,-0.006389191666635374,-0.010327073258451322,-0.00219477037809663,1.0
2864601_0.393,invariant_tilde_f,-0.0035503830843380824,-0.003599292457512865,-0.006674775377916227,-0.00041941729608054447,0.988
2864601_0.406,invariant_tilde_f,-0.010198224912586873,-0.010203541802828092,-0.01490527581324902,-0.005907195824025761,1.0
2864601_0.206,invariant_tilde_f,-0.006141043735394869,-0.006211532344917586,-0.008886516648426001,-0.003253695631875718,1.0
2864601_0.284,invariant_tilde_f,-0.008306332019319962,-0.008323688264243262,-0.013018600851690116,-0.004096487828562891,1.0
2864601_0.235,invariant_tilde_f,-0.010764650207306048,-0.010834692467296958,-0.013979459684496489,-0.007571696176805013,1.0
2864601_0.405,invariant_tilde_f,-0.009878896342890409,-0.009806859131424733,-0.013584069888715642,-0.005821889245823793,1.0
2864601_0.398,invariant_tilde_f,-0.007614583758557336,-0.007560347263022682,-0.010321982000262875,-0.004768053069635357,1.0
2864601_0.358,invariant_tilde_f,-0.012419087501281567,-0.012376854715254931,-0.016021768877897673,-0.008809046483646103,1.0
2864601_0.242,invariant_tilde_f,-0.009633351812920188,-0.009630062768006403,-0.013058961281853933,-0.006450164666245336,1.0
2864601_0.490,invariant_tilde_f,-0.008389449740972221,-0.008311960385510686,-0.012129345244647403,-0.005097296982443572,1.0
2864601_0.263,invariant_tilde_f,-0.009920359780258403,-0.010077884366382767,-0.013450128340574935,-0.006217774487729476,1.0
2864601_0.211,invariant_tilde_f,-0.010182112806223165,-0.010137399635358244,-0.01437348809032331,-0.006049074034319644,1.0
2864601_0.292,invariant_tilde_f,-0.012134607445787093,-0.01225438504795813,-0.016306457109199333,-0.008296139071224638,1.0
2864601_0.276,invariant_tilde_f,-0.00910293070550694,-0.009173262109958169,-0.012708649827436448,-0.005017011465501632,1.0
2864601_0.427,invariant_tilde_f,-0.0068700490907484535,-0.006880889956167452,-0.009424290494822232,-0.0039029209634233774,1.0
2864601_0.461,invariant_tilde_f,-0.014782432050490457,-0.014601944003222109,-0.019621688474446185,-0.010024251943257645,1.0
2864601_0.471,invariant_tilde_f,-0.009319390744082778,-0.009522305039437531,-0.013038114208666799,-0.005783478782102755,1.0
2864601_0.440,invariant_tilde_f,-0.005062906796620803,-0.004944175460997485,-0.00863688151623929,-0.0015412657282450712,0.996
2864601_0.457,invariant_tilde_f,-0.00528885688135039,-0.005247887678419744,-0.008691663516637733,-0.0020190312159468634,1.0
2864601_0.400,invariant_tilde_f,-0.006336501249115278,-0.006455994202613308,-0.00867010899193405,-0.003843451262951294,1.0
2864601_0.385,invariant_tilde_f,-0.009909085984439236,-0.009936788635293334,-0.014368366898694807,-0.005230140962600566,1.0
2864601_0.350,invariant_tilde_f,-0.015434645704979544,-0.015529648620111275,-0.0199338920067521,-0.011091638703076098,1.0
2864601_0.416,invariant_tilde_f,-0.009043377920091744,-0.009103860520599999,-0.01203955665795422,-0.006196790978095211,1.0
2864601_0.342,invariant_tilde_f,-0.004013136164305431,-0.004006445705592027,-0.006731238336996395,-0.0012530384479474258,1.0
2864601_0.359,invariant_tilde_f,-0.009364315618604957,-0.009300141176796756,-0.013137468821328954,-0.005981652020424793,1.0
2864601_0.475,invariant_tilde_f,-0.009170751706800206,-0.009070262284807978,-0.013369041012405578,-0.005409982096926276,1.0
2864601_0.462,invariant_tilde_f,-0.009747784307113483,-0.009738999830983863,-0.01343147864633231,-0.006297388929069863,1.0
2864601_0.268,invariant_tilde_f,-0.011303680043963371,-0.011228869551743098,-0.015885510793406235,-0.007117802913753339,1.0
2864601_0.262,invariant_tilde_f,-0.006667789565382276,-0.00669859376512566,-0.00965990459054268,-0.0033580311709593366,1.0
2864601_0.485,invariant_tilde_f,-0.005803023426171949,-0.005904471636242706,-0.008789765460341995,-0.003127342033325765,1.0
2864601_0.473,invariant_tilde_f,-0.005271879843703975,-0.005325288685584573,-0.007963012766310474,-0.0026434769267039723,1.0
2864601_0.189,invariant_tilde_f,-0.009372559685526527,-0.009448878419289264,-0.012858146136601169,-0.005417910143154557,1.0
2864601_0.395,invariant_tilde_f,-0.007345346224673144,-0.007542665821147265,-0.010679895157275583,-0.0041032656637089255,1.0
2864601_0.237,invariant_tilde_f,-0.011150398846136222,-0.011141193059143656,-0.01584289186664649,-0.007120599274371796,1.0
2864601_0.372,invariant_tilde_f,-0.0059982084202505614,-0.0060793881161071706,-0.009104761333315265,-0.0026749040751163082,0.998
2864601_0.472,invariant_tilde_f,-0.010710685210050308,-0.010506391638332224,-0.015589071625470805,-0.006724066251002799,1.0
2864601_0.436,invariant_tilde_f,-0.006253615490178721,-0.00629692999930298,-0.00890474394283386,-0.00367148117265648,1.0
2864601_0.454,invariant_tilde_f,-0.011291145890674648,-0.011085044285955192,-0.01575279081561099,-0.007078123437939422,1.0
2864601_0.377,invariant_tilde_f,-0.007061179308303633,-0.007137577831507036,-0.01103067716170961,-0.0029073224726233328,1.0
2864601_0.212,invariant_tilde_f,-0.010817848499762472,-0.010744927827584128,-0.01501594585606882,-0.007013060625933667,1.0
2864601_0.123,invariant_tilde_f,-0.007361122074684201,-0.007307837425640118,-0.009863360452689334,-0.004876903785179562,1.0
2864601_0.288,invariant_tilde_f,-0.0064692584414280385,-0.0065211181054689316,-0.010208645111908686,-0.0032364136378184236,1.0
2864601_0.349,invariant_tilde_f,-0.0087732864493133,-0.008766172785918236,-0.012447554753680187,-0.005562426375735581,1.0
2864601_0.510,invariant_tilde_f,-0.008110764581774343,-0.008366880400963894,-0.012930404443523584,-0.0030396263580687657,1.0
2864601_0.376,invariant_tilde_f,-0.006526166734081296,-0.006389260730667062,-0.00978927977230105,-0.0032303650404839047,1.0
2864601_0.305,invariant_tilde_f,-0.009666195184843185,-0.009514323041032308,-0.01326603610112764,-0.006283118352171251,1.0
2864601_0.496,invariant_tilde_f,-0.009279791445677477,-0.009112728252819086,-0.013787844740099992,-0.005146003078899495,1.0
2864601_0.261,invariant_tilde_f,-0.006523504695218618,-0.006719901202885209,-0.010134896776108085,-0.0029560850015965816,1.0
2864601_0.252,invariant_tilde_f,-0.005010072717760439,-0.0048767394336009795,-0.008243801234953212,-0.001777004550195272,0.998
2864601_0.208,invariant_tilde_f,-0.007393543079706855,-0.007336507509701773,-0.010762431041337497,-0.003891565120010783,1.0
2864601_0.230,invariant_tilde_f,-0.009265527569621679,-0.009274955281087155,-0.012645505625100898,-0.006138865471142393,1.0
2864601_0.452,invariant_tilde_f,-0.0025319680803603806,-0.0024473730593133625,-0.005549856257924164,0.0011737662496438287,0.912
2864601_0.498,invariant_tilde_f,-0.005769341097147496,-0.005767243418887652,-0.009113478096627037,-0.001673717208088104,0.996
2864601_0.271,invariant_tilde_f,-0.006188557283100138,-0.006205509667146947,-0.009430554025653395,-0.0031366073238583694,1.0
2864601_0.450,invariant_tilde_f,-0.00872239076032899,-0.008551558895543654,-0.013013762977616158,-0.00448288461928719,1.0
2864601_0.46,invariant_tilde_f,-0.012152931484090745,-0.011986151964487268,-0.01707273555977668,-0.007674467487815637,1.0
2864601_0.308,invariant_tilde_f,-0.006097550729220136,-0.0059440040874724764,-0.0092356935490189,-0.00240170236352847,1.0
2864601_0.163,invariant_tilde_f,-0.011859649900329783,-0.01178688221577781,-0.015547640235111383,-0.007919550720883113,1.0
2864601_0.246,invariant_tilde_f,-0.0084325065662465,-0.008513563349859588,-0.012113631250466654,-0.005075911406873678,1.0
2864601_0.438,invariant_tilde_f,-0.015727748726782065,-0.01572378172014713,-0.01940277192200234,-0.011890307883553138,1.0
2864601_0.362,invariant_tilde_f,-0.010369502380909612,-0.010381176825424637,-0.014305022782513332,-0.006649810667410926,1.0
2864601_0.136,invariant_tilde_f,-0.00416406514197637,-0.004193499106518089,-0.007615500901834454,-0.00075986459114473,0.988
2864601_0.250,invariant_tilde_f,-0.007987630972087711,-0.008012644553162446,-0.011801080710683424,-0.0044843046211237945,1.0
2864601_0.247,invariant_tilde_f,-0.0109098379054694,-0.010648963143294693,-0.016384348934675455,-0.00582669210058859,1.0
2864601_0.382,invariant_tilde_f,-0.007734743236679553,-0.007577496761868585,-0.011847819159033407,-0.0034169271690410834,1.0
2864601_0.307,invariant_tilde_f,-0.009009809847022099,-0.009112096269451336,-0.012243044394196174,-0.00569902206336534,1.0
2864601_0.339,invariant_tilde_f,-0.010136624123088467,-0.010204431299803918,-0.01388162719250834,-0.006313756930539989,1.0
2864601_0.426,invariant_tilde_f,-0.009867232377965829,-0.009950744408342205,-0.013122068873873773,-0.006054429276234375,1.0
2864601_0.379,invariant_tilde_f,-0.008790567126903681,-0.008886297129661241,-0.012230553247600622,-0.005839692167297516,1.0
