claim_id,headline,claim_text,status,scope,causal_statement,intervention,evidence_ids,limitations,evidence_source_count,independent_method_family_count,independent_method_families,machine_readable_sources
C01_PAPER_FEATURE_FAMILY,True,"The networks robustly encode and use the paper's f_Q/f_stab/bad-curvature-compression feature family, although no one named scalar uniquely owns the credit.",supported,invariant_tilde_f members; model-mechanistic only,False,not_causal,E04_FQ_DIRECTION_REMOVAL;E08_FQ_USE;E08_FSTAB_USE;E12_FQ_RECURRENCE;E12_FSTAB_RECURRENCE,"Hidden edits are off-manifold, concepts are correlated, and stable-row claims are limited.",5,2,distillation;hidden_intervention,reports/xai/S04_artifacts/encoded_vs_used.csv;reports/xai/S08_artifacts/tcav_use.csv;reports/xai/S12_artifacts/term_recurrence.csv
C02_ORDER_AND_ALIGNMENT,True,"Cross-channel alignment and low-frequency spatial structure matter to the canonical members, but parallel order cannot yet be separated from the low-frequency envelope.",supported with unresolved decomposition,invariant_tilde_f members on the varied-gradient panel,False,not_causal,E03_ALIGNMENT_PERTURBATION;E03_ORDER_PERMUTATION;E03_LOW_BAND_ATTENUATION;E03_HIGH_BAND_CONTROL;E08_COLOCATION_USE;E06_LOW_PASS_PATH,Every input edit is a deliberately off-manifold network diagnostic.,6,4,gradient_path;hidden_intervention;input_perturbation;spectral_perturbation,reports/xai/S03_artifacts/ladder_summary.csv;reports/xai/S06b_artifacts/channel_consensus.csv;reports/xai/S08_artifacts/tcav_use.csv
C03_COARSE_NOT_PRECISE_CONSENSUS,True,"Members share a coarse channel and representation-level story, not one common signed position-by-position mechanism.",supported,original f and invariant_tilde_f kept separate; top-10 attribution and all-100 representation evidence,False,not_causal,E06_CHANNEL_AGREEMENT;E10_REPRESENTATION_CONSENSUS;E07_ATTRIBUTION_QZ_NULL;E10_FQ_MOTIF,CKA does not establish identical computation and the low-pass path is baseline-dependent.,4,3,cross_model_functional_matching;gradient_path;representation_similarity,reports/xai/S06b_artifacts/member_agreement.csv;reports/xai/S07_artifacts/spatial_alignment.csv;reports/xai/S10_artifacts/cohort_comparison.csv;reports/xai/S10_artifacts/motif_catalog.csv
C04_COMPACT_FORMULA,True,"A 17-feature invariant vocabulary with registered drive interactions reproduces about 86% of held-out member-output variance, but it is not an exact formula for the networks or their units.",supported,three invariant_tilde_f members and member mean; physical GX target separate,False,not_causal,E09_FULL_COMPLETENESS;E12_MEMBER_FIDELITY;E12_INTERACTION_GAIN,The 0.91 completeness decoder includes GX diagnostics; only 13/64 bottleneck units reach R2 >= 0.8; PySR is deferred.,3,2,concept_completeness;distillation,reports/xai/S09_artifacts/completeness.csv;reports/xai/S12_artifacts/fidelity.csv;reports/xai/S12_artifacts/subset_fidelity.csv
C05_NO_PHYSICAL_CAUSAL_CANDIDATE,True,"All four physical candidates are observationally associated with GX output, but none is intervention-ready and no physical causal effect has been measured.",supported as a limit,observed GX fixed-gradient panel; no network inference in S13,False,not_causal,E13_FQ_NATURAL;E13_FSTAB_NATURAL;E13_BAD_NATURAL;E13_GEO_NATURAL;E13_BAD_QZ;E13_GEO_ZONAL,Post-match imbalance is 1.068-4.151 against 0.5 and overlap is 0.232-0.478 against 0.8.,6,3,gx_scalar_observation;gx_spatial_observation;natural_experiment,reports/xai/S13_artifacts/candidate_ranking.csv;reports/xai/S13_artifacts/fixed_associations.csv
C06_GEODESIC_NEXT_TARGET,True,Geodesic-curvature/compression is the highest-value next physical target because its independent GX gain is fold-robust even though its learned recurrence is weaker than f_stab and the localized peak.,regime-dependent priority,three invariant_tilde_f members plus observed fixed-drive GX outcomes,False,not_causal,E08_GEO_USE;E12_GEO_RECURRENCE;E13_GEO_NATURAL;E13_GEO_QZ;E13_FQ_NATURAL,"This is a prioritization under failed balance/overlap, not a causal ranking.",5,4,distillation;gx_spatial_observation;hidden_intervention;natural_experiment,reports/xai/S08_artifacts/tcav_use.csv;reports/xai/S12_artifacts/term_recurrence.csv;reports/xai/S13_artifacts/candidate_ranking.csv;reports/xai/S13_artifacts/fixed_associations.csv
C07_ZONAL_NOT_LEARNED,True,The tested evidence contradicts a claim that the networks encode and use GX zonal-flow magnitude as a specific hidden mechanism.,contradicted,top-three invariant_tilde_f hidden representations and observed GX zonal diagnostic,False,not_causal,E08_ZONAL_ENCODING_NULL;E08_ZONAL_USE_NULL;E07_ZONAL_NONSPECIFIC;E13_GEO_ZONAL,Observed zonal association is not the same as direct network access to zonal flow.,4,3,gx_scalar_observation;hidden_intervention;hidden_probe,reports/xai/S07_artifacts/zonal_association.csv;reports/xai/S08_artifacts/probe_scores.csv;reports/xai/S08_artifacts/tcav_use.csv;reports/xai/S13_artifacts/fixed_associations.csv
C08_SPREAD_NOT_ERROR_BAR,True,Ensemble spread is a useful error-ranking diagnostic but not a calibrated confidence interval or guaranteed error bound.,regime-dependent,all-100 invariant_tilde_f ensemble on the varied-gradient panel,False,not_causal,E11_SPREAD_ERROR_ASSOCIATION;E11_COMMON_MODE_FAILURE,Members share data and architecture; threshold counts are sensitivity-dependent.,2,2,calibration_failure_audit;ensemble_association,reports/xai/S11_artifacts/failure_categories.csv;reports/xai/S11_artifacts/spread_error_associations.csv
C09_DIRECT_QZ_FOCUS_REJECTED,True,The evidence contradicts a shared signed mechanism in which the model focuses directly where GX transports heat along z.,contradicted,three invariant_tilde_f member attributions and selected densities on unstable rows,False,not_causal,E07_DENSITY_QZ_CONTRADICTION;E07_ATTRIBUTION_QZ_NULL;E08_LOCAL_QZ_ENCODING;E08_LOCAL_QZ_USE,"Positive-only attribution resembles Q(z), but discards the signed negative evidence and remains off-manifold.",4,4,gradient_path;gx_spatial_observation;hidden_intervention;hidden_probe,reports/xai/S07_artifacts/spatial_alignment.csv;reports/xai/S08_artifacts/probe_scores.csv;reports/xai/S08_artifacts/tcav_use.csv
