member_id,concept_set,regime,held_out_r2,increment_r2_over_previous,increment_ci95_lower,increment_ci95_upper,bootstrap_selection_stability,gain_over_paper_baseline,completeness_relative_to_full_bottleneck,rows,outer_split_unit,inner_split_unit,bootstrap_unit,decoder,estimand,canonical_function,validity_tag,gain_over_paper_baseline_ci95_lower,gain_over_paper_baseline_ci95_upper,gain_over_paper_baseline_selection_stability,mse,bias_decoder_minus_member,residual_std
2864601_0.437,paper_baseline,all,0.82310253285661,0.82310253285661,0.805885685305872,0.8403274063007627,1.0,0.0,0.82310253285661,1000,equilibrium_files,equilibrium_files,equilibrium_files,nested_quadratic_ridge,"native max(log Q, -2)",invariant_tilde_f,observed-comparison,0.0,0.0,0.0,0.7296067034017454,-0.0021821911856573094,0.8541673966169481
2864601_0.437,paper_baseline,stable_or_near_floor,-10.006094468782516,,,,,,,240,equilibrium_files,equilibrium_files,equilibrium_files,nested_quadratic_ridge,"native max(log Q, -2)",invariant_tilde_f,observed-comparison,,,,0.8529129370740322,0.49256015442877144,0.7812153552914438
2864601_0.437,paper_baseline,unstable,0.7734758806873192,,,,,,,760,equilibrium_files,equilibrium_files,equilibrium_files,nested_quadratic_ridge,"native max(log Q, -2)",invariant_tilde_f,observed-comparison,,,,0.6906678927683918,-0.15841661611652955,0.8158260038185715
2864601_0.437,paper_geometry,all,0.8171562190495065,-0.0059463138071034205,-0.016481560618440323,0.0023453294159557995,0.1,-0.0059463138071034205,0.8171562190495065,1000,equilibrium_files,equilibrium_files,equilibrium_files,nested_quadratic_ridge,"native max(log Q, -2)",invariant_tilde_f,observed-comparison,-0.016557091407005772,0.0023777231824408376,0.122,0.7541320427650062,-0.0047627963111490515,0.8683947020429735
2864601_0.437,paper_geometry,stable_or_near_floor,-9.92932926072735,,,,,,,240,equilibrium_files,equilibrium_files,equilibrium_files,nested_quadratic_ridge,"native max(log Q, -2)",invariant_tilde_f,observed-comparison,,,,0.8469640476425321,0.4813876694961246,0.7843659600592201
2864601_0.437,paper_geometry,unstable,0.7622758199865235,,,,,,,760,equilibrium_files,equilibrium_files,equilibrium_files,nested_quadratic_ridge,"native max(log Q, -2)",invariant_tilde_f,observed-comparison,,,,0.7248166728036822,-0.15828399603976176,0.8365182899383413
2864601_0.437,spatial_geometry,all,0.8348164678276514,0.01766024877814487,0.0017368362055936956,0.03241681654761326,0.982,0.011713934971041451,0.8348164678276514,1000,equilibrium_files,equilibrium_files,equilibrium_files,nested_quadratic_ridge,"native max(log Q, -2)",invariant_tilde_f,observed-comparison,-0.003482158130972484,0.02525735896439381,0.928,0.6812930355121068,-0.01448819569189242,0.8252776064438562
2864601_0.437,spatial_geometry,stable_or_near_floor,-8.71849063123919,,,,,,,240,equilibrium_files,equilibrium_files,equilibrium_files,nested_quadratic_ridge,"native max(log Q, -2)",invariant_tilde_f,observed-comparison,,,,0.7531305870331682,0.38546870022461194,0.7775245772194705
2864601_0.437,spatial_geometry,unstable,0.7839909978876932,,,,,,,760,equilibrium_files,equilibrium_files,equilibrium_files,nested_quadratic_ridge,"native max(log Q, -2)",invariant_tilde_f,observed-comparison,,,,0.6586074929265084,-0.1407903733497359,0.7992406168974089
2864601_0.437,all_candidates,all,0.9079841838061324,0.07316771597848104,0.05830871364535751,0.08864972843485784,1.0,0.08488165094952249,0.9079841838061324,1000,equilibrium_files,equilibrium_files,equilibrium_files,nested_quadratic_ridge,"native max(log Q, -2)",invariant_tilde_f,observed-comparison,0.07032880480353246,0.10006717974394319,1.0,0.37951564484306527,-0.005254248047422484,0.6160260040944062
2864601_0.437,all_candidates,stable_or_near_floor,-4.116242745102957,,,,,,,240,equilibrium_files,equilibrium_files,equilibrium_files,nested_quadratic_ridge,"native max(log Q, -2)",invariant_tilde_f,observed-comparison,,,,0.39648120765150774,0.0628960455906704,0.6265183916698408
2864601_0.437,all_candidates,unstable,0.8772842422855063,,,,,,,760,equilibrium_files,equilibrium_files,equilibrium_files,nested_quadratic_ridge,"native max(log Q, -2)",invariant_tilde_f,observed-comparison,,,,0.3741580986930308,-0.026775393406820235,0.6110983366046261
2864601_0.437,full_bottleneck_simple_decoder,all,0.8801925727118001,-0.02779161109433237,-0.0427289967412895,-0.013792125925942816,0.0,0.05709003985519012,0.8801925727118001,1000,equilibrium_files,equilibrium_files,equilibrium_files,nested_quadratic_ridge,"native max(log Q, -2)",invariant_tilde_f,observed-comparison,0.042659802739591364,0.07184737607290438,1.0,0.4941410607984169,-0.0018401933370763377,0.7029492687860903
2864601_0.437,full_bottleneck_simple_decoder,stable_or_near_floor,-9.55064289960591,,,,,,,240,equilibrium_files,equilibrium_files,equilibrium_files,nested_quadratic_ridge,"native max(log Q, -2)",invariant_tilde_f,observed-comparison,,,,0.8176178978879504,0.32105790574523346,0.8453045126144988
2864601_0.437,full_bottleneck_simple_decoder,unstable,0.8714356069808751,,,,,,,760,equilibrium_files,equilibrium_files,equilibrium_files,nested_quadratic_ridge,"native max(log Q, -2)",invariant_tilde_f,observed-comparison,,,,0.39199048066487996,-0.10380801409991103,0.6174256043229117
2864601_0.371,paper_baseline,all,0.8133665531714369,0.8133665531714369,0.7940322492990375,0.8324475111620097,1.0,0.0,0.8133665531714369,1000,equilibrium_files,equilibrium_files,equilibrium_files,nested_quadratic_ridge,"native max(log Q, -2)",invariant_tilde_f,observed-comparison,0.0,0.0,0.0,0.7647773546401267,-0.0033224447874142093,0.8745091857726603
2864601_0.371,paper_baseline,stable_or_near_floor,-11.413836134507852,,,,,,,240,equilibrium_files,equilibrium_files,equilibrium_files,nested_quadratic_ridge,"native max(log Q, -2)",invariant_tilde_f,observed-comparison,,,,0.8482460313387884,0.49414896408723785,0.7772147918241766
2864601_0.371,paper_baseline,unstable,0.7570040672627993,,,,,,,760,equilibrium_files,equilibrium_files,equilibrium_files,nested_quadratic_ridge,"native max(log Q, -2)",invariant_tilde_f,observed-comparison,,,,0.7384188251563388,-0.16041867916888328,0.844206534285331
2864601_0.371,paper_geometry,all,0.8110686025979342,-0.002297950573502683,-0.007277612857354462,0.0026287456918573223,0.19,-0.002297950573502683,0.8110686025979342,1000,equilibrium_files,equilibrium_files,equilibrium_files,nested_quadratic_ridge,"native max(log Q, -2)",invariant_tilde_f,observed-comparison,-0.007089570966407097,0.002504780675795381,0.19,0.7741937834237168,-0.004394694202609138,0.8798718486726248
2864601_0.371,paper_geometry,stable_or_near_floor,-11.30241124834182,,,,,,,240,equilibrium_files,equilibrium_files,equilibrium_files,nested_quadratic_ridge,"native max(log Q, -2)",invariant_tilde_f,observed-comparison,,,,0.8406322916004346,0.491961100502046,0.773696689403057
2864601_0.371,paper_geometry,unstable,0.7521355925541169,,,,,,,760,equilibrium_files,equilibrium_files,equilibrium_files,nested_quadratic_ridge,"native max(log Q, -2)",invariant_tilde_f,observed-comparison,,,,0.7532132018942269,-0.16113862937250026,0.8527881003028707
2864601_0.371,spatial_geometry,all,0.8354705143259503,0.02440191172801609,0.014297798715119908,0.03558868294643854,1.0,0.022103961154513407,0.8354705143259503,1000,equilibrium_files,equilibrium_files,equilibrium_files,nested_quadratic_ridge,"native max(log Q, -2)",invariant_tilde_f,observed-comparison,0.010609514283426014,0.031819874500044906,1.0,0.6742008303028516,-0.004087553943163117,0.8210871587143557
2864601_0.371,spatial_geometry,stable_or_near_floor,-10.01538908393177,,,,,,,240,equilibrium_files,equilibrium_files,equilibrium_files,nested_quadratic_ridge,"native max(log Q, -2)",invariant_tilde_f,observed-comparison,,,,0.7526891746318488,0.4013927522690048,0.7691378504909
2864601_0.371,spatial_geometry,unstable,0.7862930800786645,,,,,,,760,equilibrium_files,equilibrium_files,equilibrium_files,nested_quadratic_ridge,"native max(log Q, -2)",invariant_tilde_f,observed-comparison,,,,0.6494150373568525,-0.13213396643121614,0.7949563838802773
2864601_0.371,all_candidates,all,0.9086978622606711,0.07322734793472074,0.057632902568226535,0.08642725004137476,1.0,0.09533130908923415,0.9086978622606711,1000,equilibrium_files,equilibrium_files,equilibrium_files,nested_quadratic_ridge,"native max(log Q, -2)",invariant_tilde_f,observed-comparison,0.07964588236336399,0.11173514910785391,1.0,0.3741334072740601,0.004295785583929678,0.6116493713724204
2864601_0.371,all_candidates,stable_or_near_floor,-4.629897255684442,,,,,,,240,equilibrium_files,equilibrium_files,equilibrium_files,nested_quadratic_ridge,"native max(log Q, -2)",invariant_tilde_f,observed-comparison,,,,0.3846947834847339,0.07677576700931675,0.6154675174896439
2864601_0.371,all_candidates,unstable,0.8779791899861755,,,,,,,760,equilibrium_files,equilibrium_files,equilibrium_files,nested_quadratic_ridge,"native max(log Q, -2)",invariant_tilde_f,observed-comparison,,,,0.3707982358391104,-0.01859262960303466,0.6086481331307563
2864601_0.371,full_bottleneck_simple_decoder,all,0.86954050429938,-0.03915735796129105,-0.0553696186987257,-0.022461013275724875,0.0,0.0561739511279431,0.86954050429938,1000,equilibrium_files,equilibrium_files,equilibrium_files,nested_quadratic_ridge,"native max(log Q, -2)",invariant_tilde_f,observed-comparison,0.03538292480560831,0.07640193515115001,1.0,0.5345905018903373,-0.0010614842097776869,0.7311561906607984
2864601_0.371,full_bottleneck_simple_decoder,stable_or_near_floor,-11.107881007210668,,,,,,,240,equilibrium_files,equilibrium_files,equilibrium_files,nested_quadratic_ridge,"native max(log Q, -2)",invariant_tilde_f,observed-comparison,,,,0.827339905328621,0.31072459637177635,0.8548626384035142
2864601_0.371,full_bottleneck_simple_decoder,unstable,0.8545012325823812,,,,,,,760,equilibrium_files,equilibrium_files,equilibrium_files,nested_quadratic_ridge,"native max(log Q, -2)",invariant_tilde_f,observed-comparison,,,,0.44214332185719524,-0.09952024649868949,0.6574488895678776
2864601_0.409,paper_baseline,all,0.8278316253336424,0.8278316253336424,0.812288705745986,0.8449619802157966,1.0,0.0,0.8278316253336424,1000,equilibrium_files,equilibrium_files,equilibrium_files,nested_quadratic_ridge,"native max(log Q, -2)",invariant_tilde_f,observed-comparison,0.0,0.0,0.0,0.6993471295726559,-0.0005758005648225896,0.8362695725819309
2864601_0.409,paper_baseline,stable_or_near_floor,-11.025311799283138,,,,,,,240,equilibrium_files,equilibrium_files,equilibrium_files,nested_quadratic_ridge,"native max(log Q, -2)",invariant_tilde_f,observed-comparison,,,,0.8333737038139993,0.47785878998901044,0.7778333244624058
2864601_0.409,paper_baseline,unstable,0.7815941212212055,,,,,,,760,equilibrium_files,equilibrium_files,equilibrium_files,nested_quadratic_ridge,"native max(log Q, -2)",invariant_tilde_f,observed-comparison,,,,0.6570229482332841,-0.15166040810813827,0.7962550275167857
2864601_0.409,paper_geometry,all,0.8284143509690068,0.0005827256353644339,-0.004451829309096514,0.005396137581817309,0.55,0.0005827256353644339,0.8284143509690068,1000,equilibrium_files,equilibrium_files,equilibrium_files,nested_quadratic_ridge,"native max(log Q, -2)",invariant_tilde_f,observed-comparison,-0.004207880034911954,0.005396700216572971,0.608,0.6969801007776737,-0.002730097843710922,0.834848876949258
2864601_0.409,paper_geometry,stable_or_near_floor,-10.936085301804807,,,,,,,240,equilibrium_files,equilibrium_files,equilibrium_files,nested_quadratic_ridge,"native max(log Q, -2)",invariant_tilde_f,observed-comparison,,,,0.8271901621376581,0.45944822564330307,0.7849187792955896
2864601_0.409,paper_geometry,unstable,0.7819803285100084,,,,,,,760,equilibrium_files,equilibrium_files,equilibrium_files,nested_quadratic_ridge,"native max(log Q, -2)",invariant_tilde_f,observed-comparison,,,,0.6558611340324154,-0.14868114736592583,0.796087338456257
2864601_0.409,spatial_geometry,all,0.8470911679701284,0.01867681700112156,0.009249872284939948,0.028691891789196594,1.0,0.019259542636485993,0.8470911679701284,1000,equilibrium_files,equilibrium_files,equilibrium_files,nested_quadratic_ridge,"native max(log Q, -2)",invariant_tilde_f,observed-comparison,0.008852066944931427,0.030437663829488433,1.0,0.6211149578058595,-0.007428473166167689,0.7880734582462976
2864601_0.409,spatial_geometry,stable_or_near_floor,-9.496458163934259,,,,,,,240,equilibrium_files,equilibrium_files,equilibrium_files,nested_quadratic_ridge,"native max(log Q, -2)",invariant_tilde_f,observed-comparison,,,,0.7274216555056848,0.3847082384765859,0.7611972324922938
2864601_0.409,spatial_geometry,unstable,0.8046899943360157,,,,,,,760,equilibrium_files,equilibrium_files,equilibrium_files,nested_quadratic_ridge,"native max(log Q, -2)",invariant_tilde_f,observed-comparison,,,,0.5875444216901252,-0.1312611189480899,0.7551919890614708
2864601_0.409,all_candidates,all,0.9173713021313642,0.0702801341612358,0.0567946426543692,0.08266126889759141,1.0,0.08953967679772179,0.9173713021313642,1000,equilibrium_files,equilibrium_files,equilibrium_files,nested_quadratic_ridge,"native max(log Q, -2)",invariant_tilde_f,observed-comparison,0.07542056857543578,0.1040358704713584,1.0,0.33563738280470795,-0.000457477192000864,0.579342017740235
2864601_0.409,all_candidates,stable_or_near_floor,-4.189867423146429,,,,,,,240,equilibrium_files,equilibrium_files,equilibrium_files,nested_quadratic_ridge,"native max(log Q, -2)",invariant_tilde_f,observed-comparison,,,,0.3596662696919832,0.06063235617813858,0.5966489646989012
2864601_0.409,all_candidates,unstable,0.8909506909335724,,,,,,,760,equilibrium_files,equilibrium_files,equilibrium_files,nested_quadratic_ridge,"native max(log Q, -2)",invariant_tilde_f,observed-comparison,,,,0.3280493132613579,-0.019749003519413322,0.5724153126195595
2864601_0.409,full_bottleneck_simple_decoder,all,0.8540965785652579,-0.0632747235661063,-0.08480406545692312,-0.04616228777862146,0.0,0.026264953231615484,0.8540965785652579,1000,equilibrium_files,equilibrium_files,equilibrium_files,nested_quadratic_ridge,"native max(log Q, -2)",invariant_tilde_f,observed-comparison,0.005232197654737711,0.04508638929403712,0.994,0.5926590128585033,0.005917421316445692,0.7698207563994796
2864601_0.409,full_bottleneck_simple_decoder,stable_or_near_floor,-11.766627746017674,,,,,,,240,equilibrium_files,equilibrium_files,equilibrium_files,nested_quadratic_ridge,"native max(log Q, -2)",invariant_tilde_f,observed-comparison,,,,0.8847481069511697,0.34045774196941186,0.8768332982296344
2864601_0.409,full_bottleneck_simple_decoder,unstable,0.833651553668751,,,,,,,760,equilibrium_files,equilibrium_files,equilibrium_files,nested_quadratic_ridge,"native max(log Q, -2)",invariant_tilde_f,observed-comparison,,,,0.5004203515660823,-0.0997268904687015,0.7003391313381867
2864601_0.437,full_bottleneck_exact_head,all,1.0,,,,,0.17689746714339005,1.0,1000,not_fitted_exact_trained_head,not_fitted_exact_trained_head,equilibrium_files,trained_canonical_head_exact_ceiling,"native max(log Q, -2)",invariant_tilde_f,observed-comparison,0.1608908846112838,0.1967371307222492,1.0,0.0,0.0,0.0
2864601_0.437,full_bottleneck_exact_head,stable_or_near_floor,1.0,,,,,,,240,not_fitted_exact_trained_head,not_fitted_exact_trained_head,equilibrium_files,trained_canonical_head_exact_ceiling,"native max(log Q, -2)",invariant_tilde_f,observed-comparison,,,,0.0,0.0,0.0
2864601_0.437,full_bottleneck_exact_head,unstable,1.0,,,,,,,760,not_fitted_exact_trained_head,not_fitted_exact_trained_head,equilibrium_files,trained_canonical_head_exact_ceiling,"native max(log Q, -2)",invariant_tilde_f,observed-comparison,,,,0.0,0.0,0.0
2864601_0.371,full_bottleneck_exact_head,all,1.0,,,,,0.1866334468285631,1.0,1000,not_fitted_exact_trained_head,not_fitted_exact_trained_head,equilibrium_files,trained_canonical_head_exact_ceiling,"native max(log Q, -2)",invariant_tilde_f,observed-comparison,0.1698323938071817,0.20639445691895433,1.0,0.0,0.0,0.0
2864601_0.371,full_bottleneck_exact_head,stable_or_near_floor,1.0,,,,,,,240,not_fitted_exact_trained_head,not_fitted_exact_trained_head,equilibrium_files,trained_canonical_head_exact_ceiling,"native max(log Q, -2)",invariant_tilde_f,observed-comparison,,,,0.0,0.0,0.0
2864601_0.371,full_bottleneck_exact_head,unstable,1.0,,,,,,,760,not_fitted_exact_trained_head,not_fitted_exact_trained_head,equilibrium_files,trained_canonical_head_exact_ceiling,"native max(log Q, -2)",invariant_tilde_f,observed-comparison,,,,0.0,0.0,0.0
2864601_0.409,full_bottleneck_exact_head,all,1.0,,,,,0.1721683746663576,1.0,1000,not_fitted_exact_trained_head,not_fitted_exact_trained_head,equilibrium_files,trained_canonical_head_exact_ceiling,"native max(log Q, -2)",invariant_tilde_f,observed-comparison,0.155686475848001,0.19050213671712368,1.0,0.0,0.0,0.0
2864601_0.409,full_bottleneck_exact_head,stable_or_near_floor,1.0,,,,,,,240,not_fitted_exact_trained_head,not_fitted_exact_trained_head,equilibrium_files,trained_canonical_head_exact_ceiling,"native max(log Q, -2)",invariant_tilde_f,observed-comparison,,,,0.0,0.0,0.0
2864601_0.409,full_bottleneck_exact_head,unstable,1.0,,,,,,,760,not_fitted_exact_trained_head,not_fitted_exact_trained_head,equilibrium_files,trained_canonical_head_exact_ceiling,"native max(log Q, -2)",invariant_tilde_f,observed-comparison,,,,0.0,0.0,0.0
