regime,drive,concept,bin_index,member_count,median_slope,minimum_slope,maximum_slope,member_sign_agreement,source,validity_tag
all,a_over_LT,bad_curvature,0,3,-0.8577743457208834,-0.9717118673464619,-0.7267643199920499,1.0,varied-gradient panel only,observed-comparison
all,a_over_LT,bad_curvature,1,3,0.24447774082932267,0.22978750855570862,0.2609391555108703,1.0,varied-gradient panel only,observed-comparison
all,a_over_LT,bad_curvature,2,3,0.3556052197971871,0.3411233556124108,0.36439596847525546,1.0,varied-gradient panel only,observed-comparison
all,a_over_LT,cross_channel_colocation,0,3,1.2704933221007926,1.0832106879175045,1.3031007663173926,1.0,varied-gradient panel only,observed-comparison
all,a_over_LT,cross_channel_colocation,1,3,0.8832443892506928,0.8773605449587939,0.9085967927035212,1.0,varied-gradient panel only,observed-comparison
all,a_over_LT,cross_channel_colocation,2,3,0.27940140613356657,0.26925432083090434,0.28684372068325,1.0,varied-gradient panel only,observed-comparison
all,a_over_LT,f_stab,0,3,1.3128855645692887,1.2014750572512756,1.3145613793490112,1.0,varied-gradient panel only,observed-comparison
all,a_over_LT,f_stab,1,3,2.0295337552834685,2.0245430670579534,2.0592524222366997,1.0,varied-gradient panel only,observed-comparison
all,a_over_LT,f_stab,2,3,2.2277456853958806,2.218551203951303,2.2397866523390313,1.0,varied-gradient panel only,observed-comparison
all,a_over_LT,geodesic_curvature,0,3,0.21993610967075725,0.17222852483485102,0.25499485848282855,1.0,varied-gradient panel only,observed-comparison
all,a_over_LT,geodesic_curvature,1,3,3.752184562235011,3.6018149975251412,3.7714015491441,1.0,varied-gradient panel only,observed-comparison
all,a_over_LT,geodesic_curvature,2,3,3.5533375757487873,3.3955016439741064,3.5859272677916962,1.0,varied-gradient panel only,observed-comparison
all,a_over_LT,log_FSA_grad_x,0,3,1.5641608632256578,1.3908532495140016,1.5646680785922973,1.0,varied-gradient panel only,observed-comparison
all,a_over_LT,log_FSA_grad_x,1,3,2.886508083318542,2.8279601872682454,2.8991132271820037,1.0,varied-gradient panel only,observed-comparison
all,a_over_LT,log_FSA_grad_x,2,3,3.165732651666279,3.164129243451198,3.196704681130927,1.0,varied-gradient panel only,observed-comparison
all,a_over_LT,log_compression,0,3,0.3309855808368145,0.3218063229421696,0.3338204277638443,1.0,varied-gradient panel only,observed-comparison
all,a_over_LT,log_compression,1,3,0.35140513292991454,0.3498629647784864,0.35291500778287466,1.0,varied-gradient panel only,observed-comparison
all,a_over_LT,log_compression,2,3,0.43373842257635126,0.4263435956877854,0.4359137496510878,1.0,varied-gradient panel only,observed-comparison
all,a_over_LT,log_f_Q,0,3,0.6862872870528031,0.6341390227945535,0.6918088161488226,1.0,varied-gradient panel only,observed-comparison
all,a_over_LT,log_f_Q,1,3,0.8992343254517485,0.8955429770124821,0.8996821575608456,1.0,varied-gradient panel only,observed-comparison
all,a_over_LT,log_f_Q,2,3,0.8577018341806387,0.8570267305212367,0.8607057205053954,1.0,varied-gradient panel only,observed-comparison
all,a_over_LT,parallel_scale,0,3,-0.07921506804216011,-0.1062573064793651,-0.0709948748176093,1.0,varied-gradient panel only,observed-comparison
all,a_over_LT,parallel_scale,1,3,-0.13429153304466743,-0.14670093894254688,-0.13036172237384375,1.0,varied-gradient panel only,observed-comparison
all,a_over_LT,parallel_scale,2,3,0.26746991761802796,0.24610475468278561,0.279203637440341,1.0,varied-gradient panel only,observed-comparison
all,a_over_Ln,bad_curvature,0,3,1.5069196121469237,1.4463845444724408,1.5684664706751192,1.0,varied-gradient panel only,observed-comparison
all,a_over_Ln,bad_curvature,1,3,2.83853101958773,2.8144606274323127,2.9154446736981035,1.0,varied-gradient panel only,observed-comparison
all,a_over_Ln,bad_curvature,2,3,1.2124136419713047,1.1528388494833453,1.2181171873855836,1.0,varied-gradient panel only,observed-comparison
all,a_over_Ln,cross_channel_colocation,0,3,0.7535230666207984,0.7415391815940983,0.7914433330050425,1.0,varied-gradient panel only,observed-comparison
all,a_over_Ln,cross_channel_colocation,1,3,1.2410147797758622,1.2198565511816721,1.245021281150159,1.0,varied-gradient panel only,observed-comparison
all,a_over_Ln,cross_channel_colocation,2,3,0.542623787416586,0.5156688067025695,0.543449697655093,1.0,varied-gradient panel only,observed-comparison
all,a_over_Ln,f_stab,0,3,1.3962110613635261,1.343345450724059,1.4264014906042244,1.0,varied-gradient panel only,observed-comparison
all,a_over_Ln,f_stab,1,3,1.4353248999423236,1.4185036105667204,1.4843624072904746,1.0,varied-gradient panel only,observed-comparison
all,a_over_Ln,f_stab,2,3,1.4975093225203313,1.4688145468165617,1.5086742352049989,1.0,varied-gradient panel only,observed-comparison
all,a_over_Ln,geodesic_curvature,0,3,2.182472360629741,2.042595657080133,2.2397600217988543,1.0,varied-gradient panel only,observed-comparison
all,a_over_Ln,geodesic_curvature,1,3,2.998513179043917,2.8421134374068875,3.149124164122822,1.0,varied-gradient panel only,observed-comparison
all,a_over_Ln,geodesic_curvature,2,3,5.284725239552588,5.014184710404624,5.298614873159001,1.0,varied-gradient panel only,observed-comparison
all,a_over_Ln,log_FSA_grad_x,0,3,1.523580442111855,1.423868438797124,1.5792676711001379,1.0,varied-gradient panel only,observed-comparison
all,a_over_Ln,log_FSA_grad_x,1,3,1.979176106923509,1.922886813793513,2.0220415460781127,1.0,varied-gradient panel only,observed-comparison
all,a_over_Ln,log_FSA_grad_x,2,3,1.5661918758452524,1.5077643785377428,1.581570977137067,1.0,varied-gradient panel only,observed-comparison
all,a_over_Ln,log_compression,0,3,0.36787295968479894,0.3500271618656206,0.3683270905171021,1.0,varied-gradient panel only,observed-comparison
all,a_over_Ln,log_compression,1,3,0.28581096760485575,0.2815449355037309,0.2864053200351823,1.0,varied-gradient panel only,observed-comparison
all,a_over_Ln,log_compression,2,3,0.2724918549358155,0.27073958776652063,0.274051479790008,1.0,varied-gradient panel only,observed-comparison
all,a_over_Ln,log_f_Q,0,3,0.6865930549166228,0.6685951061312172,0.7050024615186269,1.0,varied-gradient panel only,observed-comparison
all,a_over_Ln,log_f_Q,1,3,0.6627013720297948,0.6538877491567339,0.6770211038154886,1.0,varied-gradient panel only,observed-comparison
all,a_over_Ln,log_f_Q,2,3,0.5971388557586,0.5908012587027566,0.6017323452278307,1.0,varied-gradient panel only,observed-comparison
all,a_over_Ln,parallel_scale,0,3,0.6514797752917101,0.6062889626813599,0.6539258600392306,1.0,varied-gradient panel only,observed-comparison
all,a_over_Ln,parallel_scale,1,3,0.6962845114654582,0.6822520421901135,0.7158471201456615,1.0,varied-gradient panel only,observed-comparison
all,a_over_Ln,parallel_scale,2,3,0.726990692784566,0.7036698105332717,0.7487521910556226,1.0,varied-gradient panel only,observed-comparison
stable_or_near_floor,a_over_LT,bad_curvature,0,3,-0.4171707857122328,-0.5821703164411494,0.16307780544919934,0.6666666666666666,varied-gradient panel only,observed-comparison
stable_or_near_floor,a_over_LT,bad_curvature,1,3,0.15204057835197057,-0.11262054436988447,0.33674961001637393,0.6666666666666666,varied-gradient panel only,observed-comparison
stable_or_near_floor,a_over_LT,bad_curvature,2,3,0.40337994318832215,0.36044709738087777,0.45358097350605214,1.0,varied-gradient panel only,observed-comparison
stable_or_near_floor,a_over_LT,cross_channel_colocation,0,3,0.03821456168954002,0.022573440491577973,0.19701838664748308,1.0,varied-gradient panel only,observed-comparison
stable_or_near_floor,a_over_LT,cross_channel_colocation,1,3,0.061497298371828935,-0.05922023836606766,0.15450205735595732,0.6666666666666666,varied-gradient panel only,observed-comparison
stable_or_near_floor,a_over_LT,cross_channel_colocation,2,3,0.17516192936927152,0.15496919862631164,0.1934299654176898,1.0,varied-gradient panel only,observed-comparison
stable_or_near_floor,a_over_LT,f_stab,0,3,0.050878470113211234,0.046406194028584244,0.08217370985400146,1.0,varied-gradient panel only,observed-comparison
stable_or_near_floor,a_over_LT,f_stab,1,3,-0.004256539146533287,-0.04268863851404245,0.03184800489033075,0.6666666666666666,varied-gradient panel only,observed-comparison
stable_or_near_floor,a_over_LT,f_stab,2,3,-0.027120127627572117,-0.03595856463479348,-0.022784958970743473,1.0,varied-gradient panel only,observed-comparison
stable_or_near_floor,a_over_LT,geodesic_curvature,0,3,0.08022388424388968,-0.0898363947268267,0.22357198794710587,0.6666666666666666,varied-gradient panel only,observed-comparison
stable_or_near_floor,a_over_LT,geodesic_curvature,1,3,0.45010723212135045,0.1935630120615448,0.6166826806666406,1.0,varied-gradient panel only,observed-comparison
stable_or_near_floor,a_over_LT,geodesic_curvature,2,3,0.4802359678897449,0.42448476671345103,0.5491435994569229,1.0,varied-gradient panel only,observed-comparison
stable_or_near_floor,a_over_LT,log_FSA_grad_x,0,3,0.02127621847267679,0.008305492477440604,0.07143337268592934,1.0,varied-gradient panel only,observed-comparison
stable_or_near_floor,a_over_LT,log_FSA_grad_x,1,3,0.02027480561686475,-0.049551774759666836,0.06562263089019905,0.6666666666666666,varied-gradient panel only,observed-comparison
stable_or_near_floor,a_over_LT,log_FSA_grad_x,2,3,-0.11415084744179536,-0.14584447938439832,-0.10571556659724475,1.0,varied-gradient panel only,observed-comparison
stable_or_near_floor,a_over_LT,log_compression,0,3,0.03625528931709044,0.006504089780391204,0.036556269990479014,1.0,varied-gradient panel only,observed-comparison
stable_or_near_floor,a_over_LT,log_compression,1,3,0.001623819839693321,-0.0069526322548603935,0.003186367684839839,0.6666666666666666,varied-gradient panel only,observed-comparison
stable_or_near_floor,a_over_LT,log_compression,2,3,-0.0264652288913434,-0.0361693683889281,-0.02612863719410579,1.0,varied-gradient panel only,observed-comparison
stable_or_near_floor,a_over_LT,log_f_Q,0,3,0.032386569053870815,0.020438431552466576,0.046951441275028774,1.0,varied-gradient panel only,observed-comparison
stable_or_near_floor,a_over_LT,log_f_Q,1,3,0.004549061615603636,-0.012423210747542743,0.014625818754418436,0.6666666666666666,varied-gradient panel only,observed-comparison
stable_or_near_floor,a_over_LT,log_f_Q,2,3,-0.0176218181742413,-0.025007402971616008,-0.016267593012879812,1.0,varied-gradient panel only,observed-comparison
stable_or_near_floor,a_over_LT,parallel_scale,0,3,0.02530326753095119,0.013039146232388556,0.11119968711417558,1.0,varied-gradient panel only,observed-comparison
stable_or_near_floor,a_over_LT,parallel_scale,1,3,0.11698315614668453,0.01985798131306675,0.12414186029827291,1.0,varied-gradient panel only,observed-comparison
stable_or_near_floor,a_over_LT,parallel_scale,2,3,0.12817796198977532,0.1261957544769609,0.1646943750454183,1.0,varied-gradient panel only,observed-comparison
stable_or_near_floor,a_over_Ln,bad_curvature,0,3,1.3715358235610942,1.0945066257904952,1.381136701582644,1.0,varied-gradient panel only,observed-comparison
stable_or_near_floor,a_over_Ln,bad_curvature,1,3,-0.03699227065080451,-0.19852910316283912,0.5750954508451371,0.6666666666666666,varied-gradient panel only,observed-comparison
stable_or_near_floor,a_over_Ln,bad_curvature,2,3,0.10899521200643458,0.012367554567525835,0.11102948303852686,1.0,varied-gradient panel only,observed-comparison
stable_or_near_floor,a_over_Ln,cross_channel_colocation,0,3,0.45539966548967503,0.37705185744642933,0.5226634465988496,1.0,varied-gradient panel only,observed-comparison
stable_or_near_floor,a_over_Ln,cross_channel_colocation,1,3,0.007688898951602056,-0.1462409084611156,0.17536830748921176,0.6666666666666666,varied-gradient panel only,observed-comparison
stable_or_near_floor,a_over_Ln,cross_channel_colocation,2,3,0.02894318894556749,0.00575267766342675,0.03038118097448208,1.0,varied-gradient panel only,observed-comparison
stable_or_near_floor,a_over_Ln,f_stab,0,3,0.0862348649602225,0.07325041504745758,0.10617141354130417,1.0,varied-gradient panel only,observed-comparison
stable_or_near_floor,a_over_Ln,f_stab,1,3,-0.1183494375581697,-0.17375462251794987,-0.08400960555004879,1.0,varied-gradient panel only,observed-comparison
stable_or_near_floor,a_over_Ln,f_stab,2,3,0.001103969241717988,-0.0032992852735172634,0.014306411393629955,0.6666666666666666,varied-gradient panel only,observed-comparison
stable_or_near_floor,a_over_Ln,geodesic_curvature,0,3,1.5887749775955717,1.2637944439957003,1.6875177586566539,1.0,varied-gradient panel only,observed-comparison
stable_or_near_floor,a_over_Ln,geodesic_curvature,1,3,-0.4188687120322317,-0.5898620650813765,-0.12819814138742502,1.0,varied-gradient panel only,observed-comparison
stable_or_near_floor,a_over_Ln,geodesic_curvature,2,3,0.2643424593736563,0.07324328979787625,0.29363853685175256,1.0,varied-gradient panel only,observed-comparison
stable_or_near_floor,a_over_Ln,log_FSA_grad_x,0,3,0.03947145330490347,0.0282365620732704,0.06932495446342167,1.0,varied-gradient panel only,observed-comparison
stable_or_near_floor,a_over_Ln,log_FSA_grad_x,1,3,-0.22271503692295896,-0.290345908243191,-0.21689644285952545,1.0,varied-gradient panel only,observed-comparison
stable_or_near_floor,a_over_Ln,log_FSA_grad_x,2,3,0.040624595353708,0.022588531373832807,0.04965281708087251,1.0,varied-gradient panel only,observed-comparison
stable_or_near_floor,a_over_Ln,log_compression,0,3,0.056433619798838035,0.021383813120382317,0.0624230462357481,1.0,varied-gradient panel only,observed-comparison
stable_or_near_floor,a_over_Ln,log_compression,1,3,-0.03212860699706975,-0.03794235797754668,-0.03186977605885712,1.0,varied-gradient panel only,observed-comparison
stable_or_near_floor,a_over_Ln,log_compression,2,3,0.010547794136781318,0.003986057926873375,0.011917555612247284,1.0,varied-gradient panel only,observed-comparison
stable_or_near_floor,a_over_Ln,log_f_Q,0,3,0.05155229938987674,0.03542517336065664,0.055673880305679296,1.0,varied-gradient panel only,observed-comparison
stable_or_near_floor,a_over_Ln,log_f_Q,1,3,-0.050812682977513575,-0.07061575770396751,-0.047222754922053876,1.0,varied-gradient panel only,observed-comparison
stable_or_near_floor,a_over_Ln,log_f_Q,2,3,0.006161107606027071,0.0021071696109582717,0.007401095969129703,1.0,varied-gradient panel only,observed-comparison
stable_or_near_floor,a_over_Ln,parallel_scale,0,3,0.5427127245489212,0.4676107364296335,0.5649324244962033,1.0,varied-gradient panel only,observed-comparison
stable_or_near_floor,a_over_Ln,parallel_scale,1,3,-0.05182692708034011,-0.06370543011506707,0.024164691800862385,0.6666666666666666,varied-gradient panel only,observed-comparison
stable_or_near_floor,a_over_Ln,parallel_scale,2,3,0.10393630043698467,0.04375338003550287,0.10985092953735444,1.0,varied-gradient panel only,observed-comparison
unstable,a_over_LT,bad_curvature,0,3,-1.9743170097914648,-2.0755242084716112,-1.8097643811027908,1.0,varied-gradient panel only,observed-comparison
unstable,a_over_LT,bad_curvature,1,3,-0.3103199232865474,-0.31906804308443754,-0.14391996432641296,1.0,varied-gradient panel only,observed-comparison
unstable,a_over_LT,bad_curvature,2,3,0.3553477829141574,0.3294698873239414,0.3616946118139574,1.0,varied-gradient panel only,observed-comparison
unstable,a_over_LT,cross_channel_colocation,0,3,1.137837706585023,0.9394888486042575,1.1436822914977314,1.0,varied-gradient panel only,observed-comparison
unstable,a_over_LT,cross_channel_colocation,1,3,0.5742951508430089,0.557991762437283,0.578747546518727,1.0,varied-gradient panel only,observed-comparison
unstable,a_over_LT,cross_channel_colocation,2,3,0.244208632883661,0.2310293076516152,0.25135563941951966,1.0,varied-gradient panel only,observed-comparison
unstable,a_over_LT,f_stab,0,3,1.2345506146997836,1.1047856575235382,1.2407703058742945,1.0,varied-gradient panel only,observed-comparison
unstable,a_over_LT,f_stab,1,3,1.5788463713356768,1.5559485982318961,1.6235970061292535,1.0,varied-gradient panel only,observed-comparison
unstable,a_over_LT,f_stab,2,3,2.3735024104008695,2.3519269912234626,2.387782853548096,1.0,varied-gradient panel only,observed-comparison
unstable,a_over_LT,geodesic_curvature,0,3,-0.3777317415832116,-0.4366670834569866,-0.30859838895234865,1.0,varied-gradient panel only,observed-comparison
unstable,a_over_LT,geodesic_curvature,1,3,1.696436599453845,1.6889199491702858,1.7753567273963007,1.0,varied-gradient panel only,observed-comparison
unstable,a_over_LT,geodesic_curvature,2,3,3.4769087602645583,3.2608502824345766,3.536254221922324,1.0,varied-gradient panel only,observed-comparison
unstable,a_over_LT,log_FSA_grad_x,0,3,1.6099159130526368,1.441231917948268,1.6168553547295448,1.0,varied-gradient panel only,observed-comparison
unstable,a_over_LT,log_FSA_grad_x,1,3,2.5311900779796184,2.441529062672827,2.5890993740699533,1.0,varied-gradient panel only,observed-comparison
unstable,a_over_LT,log_FSA_grad_x,2,3,3.5897514156279695,3.587576766705233,3.6406970041928437,1.0,varied-gradient panel only,observed-comparison
unstable,a_over_LT,log_compression,0,3,0.3434232488818648,0.3294663955659196,0.35268326598557387,1.0,varied-gradient panel only,observed-comparison
unstable,a_over_LT,log_compression,1,3,0.3285346518930062,0.3277686678391646,0.3306365667895626,1.0,varied-gradient panel only,observed-comparison
unstable,a_over_LT,log_compression,2,3,0.48099455337863506,0.4730024535165895,0.4825307576991187,1.0,varied-gradient panel only,observed-comparison
unstable,a_over_LT,log_f_Q,0,3,0.7946124065394892,0.7250255568213914,0.7954928925687729,1.0,varied-gradient panel only,observed-comparison
unstable,a_over_LT,log_f_Q,1,3,0.8222945968049786,0.8189113936011385,0.8350904985334022,1.0,varied-gradient panel only,observed-comparison
unstable,a_over_LT,log_f_Q,2,3,0.9357227152578508,0.9316715458852037,0.9421379426856892,1.0,varied-gradient panel only,observed-comparison
unstable,a_over_LT,parallel_scale,0,3,-0.30442482607405974,-0.3764212895373757,-0.30034449393813223,1.0,varied-gradient panel only,observed-comparison
unstable,a_over_LT,parallel_scale,1,3,-0.22511723602513892,-0.23517909103911966,-0.20084361455615304,1.0,varied-gradient panel only,observed-comparison
unstable,a_over_LT,parallel_scale,2,3,0.2790526166739005,0.25355508654153436,0.2958811380174376,1.0,varied-gradient panel only,observed-comparison
unstable,a_over_Ln,bad_curvature,0,3,1.2182858160914842,1.150235448643477,1.358512677402991,1.0,varied-gradient panel only,observed-comparison
unstable,a_over_Ln,bad_curvature,1,3,1.3177404850503267,1.3147694761111328,1.3666344319518704,1.0,varied-gradient panel only,observed-comparison
unstable,a_over_Ln,bad_curvature,2,3,0.9071584529495619,0.8291835419387561,0.9124416549970727,1.0,varied-gradient panel only,observed-comparison
unstable,a_over_Ln,cross_channel_colocation,0,3,0.6015883588647207,0.6009950675505774,0.6373703551457958,1.0,varied-gradient panel only,observed-comparison
unstable,a_over_Ln,cross_channel_colocation,1,3,1.556565411874246,1.5202232513267353,1.5860834388365574,1.0,varied-gradient panel only,observed-comparison
unstable,a_over_Ln,cross_channel_colocation,2,3,0.36047533544969296,0.33343753630083023,0.3647779002878073,1.0,varied-gradient panel only,observed-comparison
unstable,a_over_Ln,f_stab,0,3,1.1045294113167907,1.0313372468766893,1.1141510982179341,1.0,varied-gradient panel only,observed-comparison
unstable,a_over_Ln,f_stab,1,3,1.4253815715826381,1.408969442623983,1.466214048590068,1.0,varied-gradient panel only,observed-comparison
unstable,a_over_Ln,f_stab,2,3,1.3215949883412996,1.2533346007534711,1.340336370549589,1.0,varied-gradient panel only,observed-comparison
unstable,a_over_Ln,geodesic_curvature,0,3,1.770864963263054,1.583350224416805,1.9839991625026536,1.0,varied-gradient panel only,observed-comparison
unstable,a_over_Ln,geodesic_curvature,1,3,0.20555370100728473,0.05361194761209372,0.40936600968688214,1.0,varied-gradient panel only,observed-comparison
unstable,a_over_Ln,geodesic_curvature,2,3,4.534947457289942,4.132549224525656,4.564580625003657,1.0,varied-gradient panel only,observed-comparison
unstable,a_over_Ln,log_FSA_grad_x,0,3,1.4711139908796615,1.3396042719238872,1.4999860637885005,1.0,varied-gradient panel only,observed-comparison
unstable,a_over_Ln,log_FSA_grad_x,1,3,1.813408765365924,1.7191680443180128,1.8215996754488002,1.0,varied-gradient panel only,observed-comparison
unstable,a_over_Ln,log_FSA_grad_x,2,3,1.6217588139458676,1.5239965034688305,1.6504514982212093,1.0,varied-gradient panel only,observed-comparison
unstable,a_over_Ln,log_compression,0,3,0.2932721176803652,0.26778530406707896,0.2988187412795165,1.0,varied-gradient panel only,observed-comparison
unstable,a_over_Ln,log_compression,1,3,0.3698207131180888,0.3688023072444149,0.37432019262430416,1.0,varied-gradient panel only,observed-comparison
unstable,a_over_Ln,log_compression,2,3,0.21734872329242005,0.21669897601416535,0.21846734582908733,1.0,varied-gradient panel only,observed-comparison
unstable,a_over_Ln,log_f_Q,0,3,0.5725729390306002,0.5440648419345195,0.5841855254345392,1.0,varied-gradient panel only,observed-comparison
unstable,a_over_Ln,log_f_Q,1,3,0.7084065826709668,0.6979296211717257,0.7205544758751686,1.0,varied-gradient panel only,observed-comparison
unstable,a_over_Ln,log_f_Q,2,3,0.5597180422210795,0.5358878479052372,0.5654669727604987,1.0,varied-gradient panel only,observed-comparison
unstable,a_over_Ln,parallel_scale,0,3,0.5042586251519267,0.45898377902004295,0.5195030189983202,1.0,varied-gradient panel only,observed-comparison
unstable,a_over_Ln,parallel_scale,1,3,0.4359244873825891,0.43111902656094037,0.45712901799635036,1.0,varied-gradient panel only,observed-comparison
unstable,a_over_Ln,parallel_scale,2,3,0.5558307537470228,0.5220930420450169,0.5815947575810099,1.0,varied-gradient panel only,observed-comparison
