quantity,member_id,analysis_kind,stratum,sample_count,estimate,ci95_lower,ci95_upper,bootstrap_replicates,bootstrap_unit,estimand,validity_tag,comparison_validity_tag,feature_claims_permitted,pair_stratum_definition,pairing_scope,function,mode,best_lag,circular_spearman,overlap_at_fixed_sparsity,overlap_orientation,lag_recurrence,source_family,source_id,method
observed_clipped_log_Q,none,paired_fixed_minus_varied_same_geometry,all,1000,1.5592359570887637,1.4340709846951416,1.6937537299247603,500,equilibrium_files,"native max(log Q, -2)",observed-comparison,observed-comparison,False,near-floor if either observed native target is <= -1.9,"same geometry; fixed panel holds drive at (3,0.9) across geometries, while within-pair varied drives may differ",,,,,,,,,,
observed_clipped_log_Q,none,paired_fixed_minus_varied_same_geometry,either_stable_or_near_floor,251,3.356252106140364,3.122121057519875,3.56293725962259,500,equilibrium_files,"native max(log Q, -2)",observed-comparison,observed-comparison,False,near-floor if either observed native target is <= -1.9,"same geometry; fixed panel holds drive at (3,0.9) across geometries, while within-pair varied drives may differ",,,,,,,,,,
observed_clipped_log_Q,none,paired_fixed_minus_varied_same_geometry,both_unstable,749,0.9570316134145961,0.8264462663869981,1.0759141859154944,500,equilibrium_files,"native max(log Q, -2)",observed-comparison,observed-comparison,True,near-floor if either observed native target is <= -1.9,"same geometry; fixed panel holds drive at (3,0.9) across geometries, while within-pair varied drives may differ",,,,,,,,,,
log10_zonal_phi2,none,paired_fixed_minus_varied_same_geometry,all,1000,2.7003688001930986,2.4414701558319165,2.992066110359894,500,equilibrium_files,log10 zonal_phi2_amplitudes,observed-comparison,observed-comparison,False,near-floor if either observed native target is <= -1.9,"same geometry; fixed panel holds drive at (3,0.9) across geometries, while within-pair varied drives may differ",,,,,,,,,,
log10_zonal_phi2,none,paired_fixed_minus_varied_same_geometry,either_stable_or_near_floor,251,8.821041774213471,8.192046322318447,9.454918930058085,500,equilibrium_files,log10 zonal_phi2_amplitudes,observed-comparison,observed-comparison,False,near-floor if either observed native target is <= -1.9,"same geometry; fixed panel holds drive at (3,0.9) across geometries, while within-pair varied drives may differ",,,,,,,,,,
log10_zonal_phi2,none,paired_fixed_minus_varied_same_geometry,both_unstable,749,0.6492487514893418,0.5569095324440585,0.7409789800909243,500,equilibrium_files,log10 zonal_phi2_amplitudes,observed-comparison,observed-comparison,True,near-floor if either observed native target is <= -1.9,"same geometry; fixed panel holds drive at (3,0.9) across geometries, while within-pair varied drives may differ",,,,,,,,,,
member_prediction,2864601_0.437,paired_fixed_minus_varied_same_geometry,all,1000,1.5445257106721402,1.4282482508569956,1.673940311919339,500,equilibrium_files,"native max(log Q, -2)",observed-comparison,observed-comparison,False,near-floor if either observed native target is <= -1.9,"same geometry; fixed panel holds drive at (3,0.9) across geometries, while within-pair varied drives may differ",original_f,,,,,,,,,
member_prediction,2864601_0.437,paired_fixed_minus_varied_same_geometry,either_stable_or_near_floor,251,3.280972859120939,3.0618251564879104,3.4721094922069833,500,equilibrium_files,"native max(log Q, -2)",observed-comparison,observed-comparison,False,near-floor if either observed native target is <= -1.9,"same geometry; fixed panel holds drive at (3,0.9) across geometries, while within-pair varied drives may differ",original_f,,,,,,,,,
member_prediction,2864601_0.437,paired_fixed_minus_varied_same_geometry,both_unstable,749,0.9626188558515146,0.8477576646083427,1.0881276486478795,500,equilibrium_files,"native max(log Q, -2)",observed-comparison,observed-comparison,True,near-floor if either observed native target is <= -1.9,"same geometry; fixed panel holds drive at (3,0.9) across geometries, while within-pair varied drives may differ",original_f,,,,,,,,,
member_prediction,2864601_0.371,paired_fixed_minus_varied_same_geometry,all,1000,1.5357612471282482,1.4067675640523434,1.655204325658828,500,equilibrium_files,"native max(log Q, -2)",observed-comparison,observed-comparison,False,near-floor if either observed native target is <= -1.9,"same geometry; fixed panel holds drive at (3,0.9) across geometries, while within-pair varied drives may differ",original_f,,,,,,,,,
member_prediction,2864601_0.371,paired_fixed_minus_varied_same_geometry,either_stable_or_near_floor,251,3.2634494012570476,3.0375246769462922,3.4685461942922786,500,equilibrium_files,"native max(log Q, -2)",observed-comparison,observed-comparison,False,near-floor if either observed native target is <= -1.9,"same geometry; fixed panel holds drive at (3,0.9) across geometries, while within-pair varied drives may differ",original_f,,,,,,,,,
member_prediction,2864601_0.371,paired_fixed_minus_varied_same_geometry,both_unstable,749,0.9567896494161939,0.843590681870606,1.0781954942641652,500,equilibrium_files,"native max(log Q, -2)",observed-comparison,observed-comparison,True,near-floor if either observed native target is <= -1.9,"same geometry; fixed panel holds drive at (3,0.9) across geometries, while within-pair varied drives may differ",original_f,,,,,,,,,
member_prediction,2864601_0.409,paired_fixed_minus_varied_same_geometry,all,1000,1.5504693716913462,1.4236409621931612,1.6758294964790343,500,equilibrium_files,"native max(log Q, -2)",observed-comparison,observed-comparison,False,near-floor if either observed native target is <= -1.9,"same geometry; fixed panel holds drive at (3,0.9) across geometries, while within-pair varied drives may differ",original_f,,,,,,,,,
member_prediction,2864601_0.409,paired_fixed_minus_varied_same_geometry,either_stable_or_near_floor,251,3.273439950825446,3.059069458200073,3.477579512854526,500,equilibrium_files,"native max(log Q, -2)",observed-comparison,observed-comparison,False,near-floor if either observed native target is <= -1.9,"same geometry; fixed panel holds drive at (3,0.9) across geometries, while within-pair varied drives may differ",original_f,,,,,,,,,
member_prediction,2864601_0.409,paired_fixed_minus_varied_same_geometry,both_unstable,749,0.9730786969748454,0.8571690401012633,1.0870100983805229,500,equilibrium_files,"native max(log Q, -2)",observed-comparison,observed-comparison,True,near-floor if either observed native target is <= -1.9,"same geometry; fixed panel holds drive at (3,0.9) across geometries, while within-pair varied drives may differ",original_f,,,,,,,,,
member_prediction,2864601_0.437,paired_fixed_minus_varied_same_geometry,all,1000,1.5419622441604734,1.414449647874385,1.6621534913955256,500,equilibrium_files,"native max(log Q, -2)",observed-comparison,observed-comparison,False,near-floor if either observed native target is <= -1.9,"same geometry; fixed panel holds drive at (3,0.9) across geometries, while within-pair varied drives may differ",invariant_tilde_f,,,,,,,,,
member_prediction,2864601_0.437,paired_fixed_minus_varied_same_geometry,either_stable_or_near_floor,251,3.2850772223446474,3.054665869177575,3.4853827709309844,500,equilibrium_files,"native max(log Q, -2)",observed-comparison,observed-comparison,False,near-floor if either observed native target is <= -1.9,"same geometry; fixed panel holds drive at (3,0.9) across geometries, while within-pair varied drives may differ",invariant_tilde_f,,,,,,,,,
member_prediction,2864601_0.437,paired_fixed_minus_varied_same_geometry,both_unstable,749,0.9578209096821988,0.8358921158638534,1.0817415682616356,500,equilibrium_files,"native max(log Q, -2)",observed-comparison,observed-comparison,True,near-floor if either observed native target is <= -1.9,"same geometry; fixed panel holds drive at (3,0.9) across geometries, while within-pair varied drives may differ",invariant_tilde_f,,,,,,,,,
member_prediction,2864601_0.371,paired_fixed_minus_varied_same_geometry,all,1000,1.533767329275608,1.4158789612710476,1.6560915033899248,500,equilibrium_files,"native max(log Q, -2)",observed-comparison,observed-comparison,False,near-floor if either observed native target is <= -1.9,"same geometry; fixed panel holds drive at (3,0.9) across geometries, while within-pair varied drives may differ",invariant_tilde_f,,,,,,,,,
member_prediction,2864601_0.371,paired_fixed_minus_varied_same_geometry,either_stable_or_near_floor,251,3.2639097170050877,3.0548048152332288,3.4664570039694764,500,equilibrium_files,"native max(log Q, -2)",observed-comparison,observed-comparison,False,near-floor if either observed native target is <= -1.9,"same geometry; fixed panel holds drive at (3,0.9) across geometries, while within-pair varied drives may differ",invariant_tilde_f,,,,,,,,,
member_prediction,2864601_0.371,paired_fixed_minus_varied_same_geometry,both_unstable,749,0.9539732847894941,0.8389351617510074,1.0757091362113866,500,equilibrium_files,"native max(log Q, -2)",observed-comparison,observed-comparison,True,near-floor if either observed native target is <= -1.9,"same geometry; fixed panel holds drive at (3,0.9) across geometries, while within-pair varied drives may differ",invariant_tilde_f,,,,,,,,,
member_prediction,2864601_0.409,paired_fixed_minus_varied_same_geometry,all,1000,1.5457759965211153,1.4336360299922526,1.660922489579022,500,equilibrium_files,"native max(log Q, -2)",observed-comparison,observed-comparison,False,near-floor if either observed native target is <= -1.9,"same geometry; fixed panel holds drive at (3,0.9) across geometries, while within-pair varied drives may differ",invariant_tilde_f,,,,,,,,,
member_prediction,2864601_0.409,paired_fixed_minus_varied_same_geometry,either_stable_or_near_floor,251,3.269125673222352,3.0653389759606635,3.4666018868674082,500,equilibrium_files,"native max(log Q, -2)",observed-comparison,observed-comparison,False,near-floor if either observed native target is <= -1.9,"same geometry; fixed panel holds drive at (3,0.9) across geometries, while within-pair varied drives may differ",invariant_tilde_f,,,,,,,,,
member_prediction,2864601_0.409,paired_fixed_minus_varied_same_geometry,both_unstable,749,0.9682582810978705,0.8489065900549432,1.081729463611211,500,equilibrium_files,"native max(log Q, -2)",observed-comparison,observed-comparison,True,near-floor if either observed native target is <= -1.9,"same geometry; fixed panel holds drive at (3,0.9) across geometries, while within-pair varied drives may differ",invariant_tilde_f,,,,,,,,,
Q_avgs_vs_z,none,physical_Qz_fixed_vs_varied_same_geometry,all,1000,,0.7083975230968925,0.7618774315953174,,equilibrium_files,,observed-comparison,observed-comparison,False,near-floor if either observed native target is <= -1.9,"same geometry, different registered simulation drives",,signed,0,0.7355389542305631,0.588,gx_profile_unflipped,1.0,,,
Q_avgs_vs_z,none,physical_Qz_fixed_vs_varied_same_geometry,either_stable_or_near_floor,251,,0.2539777082662296,0.3863858861893717,,equilibrium_files,,observed-comparison,observed-comparison,False,near-floor if either observed native target is <= -1.9,"same geometry, different registered simulation drives",,signed,0,0.32123113622558086,0.2948207171314741,gx_profile_unflipped,1.0,,,
Q_avgs_vs_z,none,physical_Qz_fixed_vs_varied_same_geometry,both_unstable,749,,0.8601190819205529,0.8876389148017534,,equilibrium_files,,observed-comparison,observed-comparison,True,near-floor if either observed native target is <= -1.9,"same geometry, different registered simulation drives",,signed,0,0.8743790908383741,0.6862483311081442,gx_profile_unflipped,1.0,,,
Q_avgs_vs_z,none,physical_Qz_fixed_vs_varied_same_geometry,all,1000,,0.710882870323148,0.7614696065122721,,equilibrium_files,,observed-comparison,observed-comparison,False,near-floor if either observed native target is <= -1.9,"same geometry, different registered simulation drives",,positive_contribution,0,0.7361687489023923,0.588,gx_profile_unflipped,1.0,,,
Q_avgs_vs_z,none,physical_Qz_fixed_vs_varied_same_geometry,either_stable_or_near_floor,251,,0.2495957546359193,0.399301192037681,,equilibrium_files,,observed-comparison,observed-comparison,False,near-floor if either observed native target is <= -1.9,"same geometry, different registered simulation drives",,positive_contribution,0,0.32369447627795045,0.2948207171314741,gx_profile_unflipped,1.0,,,
Q_avgs_vs_z,none,physical_Qz_fixed_vs_varied_same_geometry,both_unstable,749,,0.8590834763339574,0.8877093225392068,,equilibrium_files,,observed-comparison,observed-comparison,True,near-floor if either observed native target is <= -1.9,"same geometry, different registered simulation drives",,positive_contribution,0,0.8743944397284736,0.6862483311081442,gx_profile_unflipped,1.0,,,
learned_Qz_spatial_spearman,2864601_0.437,paired_fixed_minus_varied_same_geometry,all,1000,-0.037859072707139,-0.053128349389217684,-0.02157387731703469,500,equilibrium_files,fixed-minus-varied within-tube Spearman at each set's selected lag,observed-comparison,observed-comparison,False,near-floor if either observed native target is <= -1.9,"same geometry; fixed panel holds drive at (3,0.9) across geometries, while within-pair varied drives may differ",,signed,,,,,,s05_density,2864601_0.437:u001,
learned_Qz_spatial_spearman,2864601_0.437,paired_fixed_minus_varied_same_geometry,either_stable_or_near_floor,251,-0.16042568999357434,-0.21549871695736134,-0.11003019133242996,500,equilibrium_files,fixed-minus-varied within-tube Spearman at each set's selected lag,observed-comparison,observed-comparison,False,near-floor if either observed native target is <= -1.9,"same geometry; fixed panel holds drive at (3,0.9) across geometries, while within-pair varied drives may differ",,signed,,,,,,s05_density,2864601_0.437:u001,
learned_Qz_spatial_spearman,2864601_0.437,paired_fixed_minus_varied_same_geometry,both_unstable,749,0.0032146535130149105,-0.007294338553346736,0.014962355185963547,500,equilibrium_files,fixed-minus-varied within-tube Spearman at each set's selected lag,observed-comparison,observed-comparison,True,near-floor if either observed native target is <= -1.9,"same geometry; fixed panel holds drive at (3,0.9) across geometries, while within-pair varied drives may differ",,signed,,,,,,s05_density,2864601_0.437:u001,
learned_Qz_spatial_spearman,2864601_0.437,paired_fixed_minus_varied_same_geometry,all,1000,-0.03784652447117983,-0.0541390992963446,-0.02224417734246391,500,equilibrium_files,fixed-minus-varied within-tube Spearman at each set's selected lag,observed-comparison,observed-comparison,False,near-floor if either observed native target is <= -1.9,"same geometry; fixed panel holds drive at (3,0.9) across geometries, while within-pair varied drives may differ",,positive_contribution,,,,,,s05_density,2864601_0.437:u001,
learned_Qz_spatial_spearman,2864601_0.437,paired_fixed_minus_varied_same_geometry,either_stable_or_near_floor,251,-0.16043268439864802,-0.21925667151312428,-0.10934045299037802,500,equilibrium_files,fixed-minus-varied within-tube Spearman at each set's selected lag,observed-comparison,observed-comparison,False,near-floor if either observed native target is <= -1.9,"same geometry; fixed panel holds drive at (3,0.9) across geometries, while within-pair varied drives may differ",,positive_contribution,,,,,,s05_density,2864601_0.437:u001,
learned_Qz_spatial_spearman,2864601_0.437,paired_fixed_minus_varied_same_geometry,both_unstable,749,0.0032337507515097772,-0.007073049476173052,0.014310847195769374,500,equilibrium_files,fixed-minus-varied within-tube Spearman at each set's selected lag,observed-comparison,observed-comparison,True,near-floor if either observed native target is <= -1.9,"same geometry; fixed panel holds drive at (3,0.9) across geometries, while within-pair varied drives may differ",,positive_contribution,,,,,,s05_density,2864601_0.437:u001,
learned_Qz_spatial_spearman,2864601_0.437,paired_fixed_minus_varied_same_geometry,all,1000,-0.038499144955413865,-0.053789798195938696,-0.023014618520029714,500,equilibrium_files,fixed-minus-varied within-tube Spearman at each set's selected lag,observed-comparison,observed-comparison,False,near-floor if either observed native target is <= -1.9,"same geometry; fixed panel holds drive at (3,0.9) across geometries, while within-pair varied drives may differ",,signed,,,,,,s05_density,2864601_0.437:u008,
learned_Qz_spatial_spearman,2864601_0.437,paired_fixed_minus_varied_same_geometry,either_stable_or_near_floor,251,-0.11384960535263114,-0.16987845204620255,-0.06479882605405866,500,equilibrium_files,fixed-minus-varied within-tube Spearman at each set's selected lag,observed-comparison,observed-comparison,False,near-floor if either observed native target is <= -1.9,"same geometry; fixed panel holds drive at (3,0.9) across geometries, while within-pair varied drives may differ",,signed,,,,,,s05_density,2864601_0.437:u008,
learned_Qz_spatial_spearman,2864601_0.437,paired_fixed_minus_varied_same_geometry,both_unstable,749,-0.01324818960200728,-0.024605723160748397,-0.0014968903551746437,500,equilibrium_files,fixed-minus-varied within-tube Spearman at each set's selected lag,observed-comparison,observed-comparison,True,near-floor if either observed native target is <= -1.9,"same geometry; fixed panel holds drive at (3,0.9) across geometries, while within-pair varied drives may differ",,signed,,,,,,s05_density,2864601_0.437:u008,
learned_Qz_spatial_spearman,2864601_0.437,paired_fixed_minus_varied_same_geometry,all,1000,-0.0385411329783674,-0.0525340446213814,-0.024502262918129694,500,equilibrium_files,fixed-minus-varied within-tube Spearman at each set's selected lag,observed-comparison,observed-comparison,False,near-floor if either observed native target is <= -1.9,"same geometry; fixed panel holds drive at (3,0.9) across geometries, while within-pair varied drives may differ",,positive_contribution,,,,,,s05_density,2864601_0.437:u008,
learned_Qz_spatial_spearman,2864601_0.437,paired_fixed_minus_varied_same_geometry,either_stable_or_near_floor,251,-0.11398489626622157,-0.16107321776375771,-0.06879338971832949,500,equilibrium_files,fixed-minus-varied within-tube Spearman at each set's selected lag,observed-comparison,observed-comparison,False,near-floor if either observed native target is <= -1.9,"same geometry; fixed panel holds drive at (3,0.9) across geometries, while within-pair varied drives may differ",,positive_contribution,,,,,,s05_density,2864601_0.437:u008,
learned_Qz_spatial_spearman,2864601_0.437,paired_fixed_minus_varied_same_geometry,both_unstable,749,-0.01325891056815192,-0.02338120622595295,-0.001998579209011657,500,equilibrium_files,fixed-minus-varied within-tube Spearman at each set's selected lag,observed-comparison,observed-comparison,True,near-floor if either observed native target is <= -1.9,"same geometry; fixed panel holds drive at (3,0.9) across geometries, while within-pair varied drives may differ",,positive_contribution,,,,,,s05_density,2864601_0.437:u008,
learned_Qz_spatial_spearman,2864601_0.437,paired_fixed_minus_varied_same_geometry,all,1000,0.005596000348703934,-0.002401290332941132,0.012801776485632566,500,equilibrium_files,fixed-minus-varied within-tube Spearman at each set's selected lag,observed-comparison,observed-comparison,False,near-floor if either observed native target is <= -1.9,"same geometry; fixed panel holds drive at (3,0.9) across geometries, while within-pair varied drives may differ",,signed,,,,,,s05_density,2864601_0.437:u003,
learned_Qz_spatial_spearman,2864601_0.437,paired_fixed_minus_varied_same_geometry,either_stable_or_near_floor,251,0.017631631618375776,-0.01220163941099948,0.04786159118387281,500,equilibrium_files,fixed-minus-varied within-tube Spearman at each set's selected lag,observed-comparison,observed-comparison,False,near-floor if either observed native target is <= -1.9,"same geometry; fixed panel holds drive at (3,0.9) across geometries, while within-pair varied drives may differ",,signed,,,,,,s05_density,2864601_0.437:u003,
learned_Qz_spatial_spearman,2864601_0.437,paired_fixed_minus_varied_same_geometry,both_unstable,749,0.001562698014007496,-0.0024224797592153607,0.006258718173686229,500,equilibrium_files,fixed-minus-varied within-tube Spearman at each set's selected lag,observed-comparison,observed-comparison,True,near-floor if either observed native target is <= -1.9,"same geometry; fixed panel holds drive at (3,0.9) across geometries, while within-pair varied drives may differ",,signed,,,,,,s05_density,2864601_0.437:u003,
learned_Qz_spatial_spearman,2864601_0.437,paired_fixed_minus_varied_same_geometry,all,1000,0.005532889305486075,-0.0033025543306072266,0.013584607148223907,500,equilibrium_files,fixed-minus-varied within-tube Spearman at each set's selected lag,observed-comparison,observed-comparison,False,near-floor if either observed native target is <= -1.9,"same geometry; fixed panel holds drive at (3,0.9) across geometries, while within-pair varied drives may differ",,positive_contribution,,,,,,s05_density,2864601_0.437:u003,
learned_Qz_spatial_spearman,2864601_0.437,paired_fixed_minus_varied_same_geometry,either_stable_or_near_floor,251,0.01738019319918111,-0.012201937092127708,0.04919353523369967,500,equilibrium_files,fixed-minus-varied within-tube Spearman at each set's selected lag,observed-comparison,observed-comparison,False,near-floor if either observed native target is <= -1.9,"same geometry; fixed panel holds drive at (3,0.9) across geometries, while within-pair varied drives may differ",,positive_contribution,,,,,,s05_density,2864601_0.437:u003,
learned_Qz_spatial_spearman,2864601_0.437,paired_fixed_minus_varied_same_geometry,both_unstable,749,0.001562698014007496,-0.0029187050537652862,0.006960320210686153,500,equilibrium_files,fixed-minus-varied within-tube Spearman at each set's selected lag,observed-comparison,observed-comparison,True,near-floor if either observed native target is <= -1.9,"same geometry; fixed panel holds drive at (3,0.9) across geometries, while within-pair varied drives may differ",,positive_contribution,,,,,,s05_density,2864601_0.437:u003,
learned_Qz_spatial_spearman,2864601_0.371,paired_fixed_minus_varied_same_geometry,all,1000,0.012665165051305063,-0.001932031972036483,0.025891316315534648,500,equilibrium_files,fixed-minus-varied within-tube Spearman at each set's selected lag,observed-comparison,observed-comparison,False,near-floor if either observed native target is <= -1.9,"same geometry; fixed panel holds drive at (3,0.9) across geometries, while within-pair varied drives may differ",,signed,,,,,,s05_density,2864601_0.371:u017,
learned_Qz_spatial_spearman,2864601_0.371,paired_fixed_minus_varied_same_geometry,either_stable_or_near_floor,251,0.05251671251246731,0.018977393338740312,0.08614276880408445,500,equilibrium_files,fixed-minus-varied within-tube Spearman at each set's selected lag,observed-comparison,observed-comparison,False,near-floor if either observed native target is <= -1.9,"same geometry; fixed panel holds drive at (3,0.9) across geometries, while within-pair varied drives may differ",,signed,,,,,,s05_density,2864601_0.371:u017,
learned_Qz_spatial_spearman,2864601_0.371,paired_fixed_minus_varied_same_geometry,both_unstable,749,-0.0006896258869482344,-0.01543135229548832,0.012773617132437586,500,equilibrium_files,fixed-minus-varied within-tube Spearman at each set's selected lag,observed-comparison,observed-comparison,True,near-floor if either observed native target is <= -1.9,"same geometry; fixed panel holds drive at (3,0.9) across geometries, while within-pair varied drives may differ",,signed,,,,,,s05_density,2864601_0.371:u017,
learned_Qz_spatial_spearman,2864601_0.371,paired_fixed_minus_varied_same_geometry,all,1000,0.012680266141485163,-0.0009933822156705276,0.026483633897058618,500,equilibrium_files,fixed-minus-varied within-tube Spearman at each set's selected lag,observed-comparison,observed-comparison,False,near-floor if either observed native target is <= -1.9,"same geometry; fixed panel holds drive at (3,0.9) across geometries, while within-pair varied drives may differ",,positive_contribution,,,,,,s05_density,2864601_0.371:u017,
learned_Qz_spatial_spearman,2864601_0.371,paired_fixed_minus_varied_same_geometry,either_stable_or_near_floor,251,0.05258117530191268,0.016374913147080162,0.08853288474927556,500,equilibrium_files,fixed-minus-varied within-tube Spearman at each set's selected lag,observed-comparison,observed-comparison,False,near-floor if either observed native target is <= -1.9,"same geometry; fixed panel holds drive at (3,0.9) across geometries, while within-pair varied drives may differ",,positive_contribution,,,,,,s05_density,2864601_0.371:u017,
learned_Qz_spatial_spearman,2864601_0.371,paired_fixed_minus_varied_same_geometry,both_unstable,749,-0.0006910665678169835,-0.014135965351341704,0.012590341727979387,500,equilibrium_files,fixed-minus-varied within-tube Spearman at each set's selected lag,observed-comparison,observed-comparison,True,near-floor if either observed native target is <= -1.9,"same geometry; fixed panel holds drive at (3,0.9) across geometries, while within-pair varied drives may differ",,positive_contribution,,,,,,s05_density,2864601_0.371:u017,
learned_Qz_spatial_spearman,2864601_0.371,paired_fixed_minus_varied_same_geometry,all,1000,-0.00486248287431543,-0.011499987667999843,0.001251572972154538,500,equilibrium_files,fixed-minus-varied within-tube Spearman at each set's selected lag,observed-comparison,observed-comparison,False,near-floor if either observed native target is <= -1.9,"same geometry; fixed panel holds drive at (3,0.9) across geometries, while within-pair varied drives may differ",,signed,,,,,,s05_density,2864601_0.371:u004,
learned_Qz_spatial_spearman,2864601_0.371,paired_fixed_minus_varied_same_geometry,either_stable_or_near_floor,251,-0.01566230766098784,-0.03754989114792767,0.00885864134647041,500,equilibrium_files,fixed-minus-varied within-tube Spearman at each set's selected lag,observed-comparison,observed-comparison,False,near-floor if either observed native target is <= -1.9,"same geometry; fixed panel holds drive at (3,0.9) across geometries, while within-pair varied drives may differ",,signed,,,,,,s05_density,2864601_0.371:u004,
learned_Qz_spatial_spearman,2864601_0.371,paired_fixed_minus_varied_same_geometry,both_unstable,749,-0.0012433159564852903,-0.005247482284339489,0.0025307970551273007,500,equilibrium_files,fixed-minus-varied within-tube Spearman at each set's selected lag,observed-comparison,observed-comparison,True,near-floor if either observed native target is <= -1.9,"same geometry; fixed panel holds drive at (3,0.9) across geometries, while within-pair varied drives may differ",,signed,,,,,,s05_density,2864601_0.371:u004,
learned_Qz_spatial_spearman,2864601_0.371,paired_fixed_minus_varied_same_geometry,all,1000,-0.004801596810430889,-0.011063874714854042,0.0011875821426473527,500,equilibrium_files,fixed-minus-varied within-tube Spearman at each set's selected lag,observed-comparison,observed-comparison,False,near-floor if either observed native target is <= -1.9,"same geometry; fixed panel holds drive at (3,0.9) across geometries, while within-pair varied drives may differ",,positive_contribution,,,,,,s05_density,2864601_0.371:u004,
learned_Qz_spatial_spearman,2864601_0.371,paired_fixed_minus_varied_same_geometry,either_stable_or_near_floor,251,-0.015419994149434521,-0.04104447490014178,0.006006263388853577,500,equilibrium_files,fixed-minus-varied within-tube Spearman at each set's selected lag,observed-comparison,observed-comparison,False,near-floor if either observed native target is <= -1.9,"same geometry; fixed panel holds drive at (3,0.9) across geometries, while within-pair varied drives may differ",,positive_contribution,,,,,,s05_density,2864601_0.371:u004,
learned_Qz_spatial_spearman,2864601_0.371,paired_fixed_minus_varied_same_geometry,both_unstable,749,-0.0012432286767994974,-0.005179610705069223,0.0027013600740805944,500,equilibrium_files,fixed-minus-varied within-tube Spearman at each set's selected lag,observed-comparison,observed-comparison,True,near-floor if either observed native target is <= -1.9,"same geometry; fixed panel holds drive at (3,0.9) across geometries, while within-pair varied drives may differ",,positive_contribution,,,,,,s05_density,2864601_0.371:u004,
learned_Qz_spatial_spearman,2864601_0.371,paired_fixed_minus_varied_same_geometry,all,1000,-0.01714018635322749,-0.02823315818086981,-0.005405329654237706,500,equilibrium_files,fixed-minus-varied within-tube Spearman at each set's selected lag,observed-comparison,observed-comparison,False,near-floor if either observed native target is <= -1.9,"same geometry; fixed panel holds drive at (3,0.9) across geometries, while within-pair varied drives may differ",,signed,,,,,,s05_density,2864601_0.371:u019,
learned_Qz_spatial_spearman,2864601_0.371,paired_fixed_minus_varied_same_geometry,either_stable_or_near_floor,251,-0.04100642220830697,-0.07714825364598836,-0.005789028323093108,500,equilibrium_files,fixed-minus-varied within-tube Spearman at each set's selected lag,observed-comparison,observed-comparison,False,near-floor if either observed native target is <= -1.9,"same geometry; fixed panel holds drive at (3,0.9) across geometries, while within-pair varied drives may differ",,signed,,,,,,s05_density,2864601_0.371:u019,
learned_Qz_spatial_spearman,2864601_0.371,paired_fixed_minus_varied_same_geometry,both_unstable,749,-0.009142288890443846,-0.018422722954579127,0.0002528317560759946,500,equilibrium_files,fixed-minus-varied within-tube Spearman at each set's selected lag,observed-comparison,observed-comparison,True,near-floor if either observed native target is <= -1.9,"same geometry; fixed panel holds drive at (3,0.9) across geometries, while within-pair varied drives may differ",,signed,,,,,,s05_density,2864601_0.371:u019,
learned_Qz_spatial_spearman,2864601_0.371,paired_fixed_minus_varied_same_geometry,all,1000,-0.01722367286126909,-0.029115080753534674,-0.005821540346085023,500,equilibrium_files,fixed-minus-varied within-tube Spearman at each set's selected lag,observed-comparison,observed-comparison,False,near-floor if either observed native target is <= -1.9,"same geometry; fixed panel holds drive at (3,0.9) across geometries, while within-pair varied drives may differ",,positive_contribution,,,,,,s05_density,2864601_0.371:u019,
learned_Qz_spatial_spearman,2864601_0.371,paired_fixed_minus_varied_same_geometry,either_stable_or_near_floor,251,-0.04131274216937307,-0.07765597372086576,-0.004508709959879535,500,equilibrium_files,fixed-minus-varied within-tube Spearman at each set's selected lag,observed-comparison,observed-comparison,False,near-floor if either observed native target is <= -1.9,"same geometry; fixed panel holds drive at (3,0.9) across geometries, while within-pair varied drives may differ",,positive_contribution,,,,,,s05_density,2864601_0.371:u019,
learned_Qz_spatial_spearman,2864601_0.371,paired_fixed_minus_varied_same_geometry,both_unstable,749,-0.009151100903546665,-0.01850788410153527,0.00013086674729424817,500,equilibrium_files,fixed-minus-varied within-tube Spearman at each set's selected lag,observed-comparison,observed-comparison,True,near-floor if either observed native target is <= -1.9,"same geometry; fixed panel holds drive at (3,0.9) across geometries, while within-pair varied drives may differ",,positive_contribution,,,,,,s05_density,2864601_0.371:u019,
learned_Qz_spatial_spearman,2864601_0.409,paired_fixed_minus_varied_same_geometry,all,1000,-0.03205293654512463,-0.046404203698513065,-0.01619840711551653,500,equilibrium_files,fixed-minus-varied within-tube Spearman at each set's selected lag,observed-comparison,observed-comparison,False,near-floor if either observed native target is <= -1.9,"same geometry; fixed panel holds drive at (3,0.9) across geometries, while within-pair varied drives may differ",,signed,,,,,,s05_density,2864601_0.409:u014,
learned_Qz_spatial_spearman,2864601_0.409,paired_fixed_minus_varied_same_geometry,either_stable_or_near_floor,251,-0.1037911233801372,-0.14788798373655515,-0.06027742553567743,500,equilibrium_files,fixed-minus-varied within-tube Spearman at each set's selected lag,observed-comparison,observed-comparison,False,near-floor if either observed native target is <= -1.9,"same geometry; fixed panel holds drive at (3,0.9) across geometries, while within-pair varied drives may differ",,signed,,,,,,s05_density,2864601_0.409:u014,
learned_Qz_spatial_spearman,2864601_0.409,paired_fixed_minus_varied_same_geometry,both_unstable,749,-0.008012502772643792,-0.019098297970920303,0.00413458984362595,500,equilibrium_files,fixed-minus-varied within-tube Spearman at each set's selected lag,observed-comparison,observed-comparison,True,near-floor if either observed native target is <= -1.9,"same geometry; fixed panel holds drive at (3,0.9) across geometries, while within-pair varied drives may differ",,signed,,,,,,s05_density,2864601_0.409:u014,
learned_Qz_spatial_spearman,2864601_0.409,paired_fixed_minus_varied_same_geometry,all,1000,-0.03186071241923835,-0.04581746959905957,-0.01788397454850496,500,equilibrium_files,fixed-minus-varied within-tube Spearman at each set's selected lag,observed-comparison,observed-comparison,False,near-floor if either observed native target is <= -1.9,"same geometry; fixed panel holds drive at (3,0.9) across geometries, while within-pair varied drives may differ",,positive_contribution,,,,,,s05_density,2864601_0.409:u014,
learned_Qz_spatial_spearman,2864601_0.409,paired_fixed_minus_varied_same_geometry,either_stable_or_near_floor,251,-0.10297085689516429,-0.15734990655143496,-0.05684706146358214,500,equilibrium_files,fixed-minus-varied within-tube Spearman at each set's selected lag,observed-comparison,observed-comparison,False,near-floor if either observed native target is <= -1.9,"same geometry; fixed panel holds drive at (3,0.9) across geometries, while within-pair varied drives may differ",,positive_contribution,,,,,,s05_density,2864601_0.409:u014,
learned_Qz_spatial_spearman,2864601_0.409,paired_fixed_minus_varied_same_geometry,both_unstable,749,-0.008030744110216438,-0.020074454327510347,0.00371989299750712,500,equilibrium_files,fixed-minus-varied within-tube Spearman at each set's selected lag,observed-comparison,observed-comparison,True,near-floor if either observed native target is <= -1.9,"same geometry; fixed panel holds drive at (3,0.9) across geometries, while within-pair varied drives may differ",,positive_contribution,,,,,,s05_density,2864601_0.409:u014,
learned_Qz_spatial_spearman,2864601_0.409,paired_fixed_minus_varied_same_geometry,all,1000,0.27788018916618856,0.250872561021337,0.3042279484161843,500,equilibrium_files,fixed-minus-varied within-tube Spearman at each set's selected lag,observed-comparison,observed-comparison,False,near-floor if either observed native target is <= -1.9,"same geometry; fixed panel holds drive at (3,0.9) across geometries, while within-pair varied drives may differ",,signed,,,,,,s05_density,2864601_0.409:u021,
learned_Qz_spatial_spearman,2864601_0.409,paired_fixed_minus_varied_same_geometry,either_stable_or_near_floor,251,0.15938110085901286,0.11358829052754905,0.21015224222750298,500,equilibrium_files,fixed-minus-varied within-tube Spearman at each set's selected lag,observed-comparison,observed-comparison,False,near-floor if either observed native target is <= -1.9,"same geometry; fixed panel holds drive at (3,0.9) across geometries, while within-pair varied drives may differ",,signed,,,,,,s05_density,2864601_0.409:u021,
learned_Qz_spatial_spearman,2864601_0.409,paired_fixed_minus_varied_same_geometry,both_unstable,749,0.31759083157620344,0.2851878733433584,0.35064159931220684,500,equilibrium_files,fixed-minus-varied within-tube Spearman at each set's selected lag,observed-comparison,observed-comparison,True,near-floor if either observed native target is <= -1.9,"same geometry; fixed panel holds drive at (3,0.9) across geometries, while within-pair varied drives may differ",,signed,,,,,,s05_density,2864601_0.409:u021,
learned_Qz_spatial_spearman,2864601_0.409,paired_fixed_minus_varied_same_geometry,all,1000,0.2776225829431529,0.24770980037593934,0.3055905937285087,500,equilibrium_files,fixed-minus-varied within-tube Spearman at each set's selected lag,observed-comparison,observed-comparison,False,near-floor if either observed native target is <= -1.9,"same geometry; fixed panel holds drive at (3,0.9) across geometries, while within-pair varied drives may differ",,positive_contribution,,,,,,s05_density,2864601_0.409:u021,
learned_Qz_spatial_spearman,2864601_0.409,paired_fixed_minus_varied_same_geometry,either_stable_or_near_floor,251,0.15841018194289078,0.10461568777096937,0.2051081580450614,500,equilibrium_files,fixed-minus-varied within-tube Spearman at each set's selected lag,observed-comparison,observed-comparison,False,near-floor if either observed native target is <= -1.9,"same geometry; fixed panel holds drive at (3,0.9) across geometries, while within-pair varied drives may differ",,positive_contribution,,,,,,s05_density,2864601_0.409:u021,
learned_Qz_spatial_spearman,2864601_0.409,paired_fixed_minus_varied_same_geometry,both_unstable,749,0.31757226605539024,0.28653873805603935,0.3478111365933725,500,equilibrium_files,fixed-minus-varied within-tube Spearman at each set's selected lag,observed-comparison,observed-comparison,True,near-floor if either observed native target is <= -1.9,"same geometry; fixed panel holds drive at (3,0.9) across geometries, while within-pair varied drives may differ",,positive_contribution,,,,,,s05_density,2864601_0.409:u021,
learned_Qz_spatial_spearman,2864601_0.409,paired_fixed_minus_varied_same_geometry,all,1000,0.029303597575772052,0.01639255448835256,0.042999641486281895,500,equilibrium_files,fixed-minus-varied within-tube Spearman at each set's selected lag,observed-comparison,observed-comparison,False,near-floor if either observed native target is <= -1.9,"same geometry; fixed panel holds drive at (3,0.9) across geometries, while within-pair varied drives may differ",,signed,,,,,,s05_density,2864601_0.409:u027,
learned_Qz_spatial_spearman,2864601_0.409,paired_fixed_minus_varied_same_geometry,either_stable_or_near_floor,251,0.09372183143642876,0.05133165246495881,0.13193493778233287,500,equilibrium_files,fixed-minus-varied within-tube Spearman at each set's selected lag,observed-comparison,observed-comparison,False,near-floor if either observed native target is <= -1.9,"same geometry; fixed panel holds drive at (3,0.9) across geometries, while within-pair varied drives may differ",,signed,,,,,,s05_density,2864601_0.409:u027,
learned_Qz_spatial_spearman,2864601_0.409,paired_fixed_minus_varied_same_geometry,both_unstable,749,0.007716178751973883,-0.004172207371371817,0.0203515563768813,500,equilibrium_files,fixed-minus-varied within-tube Spearman at each set's selected lag,observed-comparison,observed-comparison,True,near-floor if either observed native target is <= -1.9,"same geometry; fixed panel holds drive at (3,0.9) across geometries, while within-pair varied drives may differ",,signed,,,,,,s05_density,2864601_0.409:u027,
learned_Qz_spatial_spearman,2864601_0.409,paired_fixed_minus_varied_same_geometry,all,1000,0.0293888609320802,0.01465938071314139,0.04495205793871849,500,equilibrium_files,fixed-minus-varied within-tube Spearman at each set's selected lag,observed-comparison,observed-comparison,False,near-floor if either observed native target is <= -1.9,"same geometry; fixed panel holds drive at (3,0.9) across geometries, while within-pair varied drives may differ",,positive_contribution,,,,,,s05_density,2864601_0.409:u027,
learned_Qz_spatial_spearman,2864601_0.409,paired_fixed_minus_varied_same_geometry,either_stable_or_near_floor,251,0.0939727622985419,0.05678825044465628,0.1370187379915514,500,equilibrium_files,fixed-minus-varied within-tube Spearman at each set's selected lag,observed-comparison,observed-comparison,False,near-floor if either observed native target is <= -1.9,"same geometry; fixed panel holds drive at (3,0.9) across geometries, while within-pair varied drives may differ",,positive_contribution,,,,,,s05_density,2864601_0.409:u027,
learned_Qz_spatial_spearman,2864601_0.409,paired_fixed_minus_varied_same_geometry,both_unstable,749,0.00774592469311907,-0.001753474501482429,0.020939402079979904,500,equilibrium_files,fixed-minus-varied within-tube Spearman at each set's selected lag,observed-comparison,observed-comparison,True,near-floor if either observed native target is <= -1.9,"same geometry; fixed panel holds drive at (3,0.9) across geometries, while within-pair varied drives may differ",,positive_contribution,,,,,,s05_density,2864601_0.409:u027,
learned_Qz_spatial_spearman,2864601_0.437,paired_fixed_minus_varied_same_geometry,all,1000,-0.026138395500817705,-0.037171114561199384,-0.016017017091720175,500,equilibrium_files,fixed-minus-varied within-tube Spearman at each set's selected lag,deliberately_off_manifold_diagnostic,observed-comparison,False,near-floor if either observed native target is <= -1.9,"same geometry; fixed panel holds drive at (3,0.9) across geometries, while within-pair varied drives may differ",original_f,signed,,,,,,s06_attribution,ig_low_pass:channel_position_marginal,ig_low_pass
learned_Qz_spatial_spearman,2864601_0.437,paired_fixed_minus_varied_same_geometry,either_stable_or_near_floor,251,-0.02482268430348059,-0.0456274859866016,-0.006377787817800955,500,equilibrium_files,fixed-minus-varied within-tube Spearman at each set's selected lag,deliberately_off_manifold_diagnostic,observed-comparison,False,near-floor if either observed native target is <= -1.9,"same geometry; fixed panel holds drive at (3,0.9) across geometries, while within-pair varied drives may differ",original_f,signed,,,,,,s06_attribution,ig_low_pass:channel_position_marginal,ig_low_pass
learned_Qz_spatial_spearman,2864601_0.437,paired_fixed_minus_varied_same_geometry,both_unstable,749,-0.026579308064945354,-0.038023119710007096,-0.014784732584682634,500,equilibrium_files,fixed-minus-varied within-tube Spearman at each set's selected lag,deliberately_off_manifold_diagnostic,observed-comparison,False,near-floor if either observed native target is <= -1.9,"same geometry; fixed panel holds drive at (3,0.9) across geometries, while within-pair varied drives may differ",original_f,signed,,,,,,s06_attribution,ig_low_pass:channel_position_marginal,ig_low_pass
learned_Qz_spatial_spearman,2864601_0.437,paired_fixed_minus_varied_same_geometry,all,1000,0.06681425647496986,0.0524673164100559,0.08092501454302771,500,equilibrium_files,fixed-minus-varied within-tube Spearman at each set's selected lag,deliberately_off_manifold_diagnostic,observed-comparison,False,near-floor if either observed native target is <= -1.9,"same geometry; fixed panel holds drive at (3,0.9) across geometries, while within-pair varied drives may differ",original_f,positive_contribution,,,,,,s06_attribution,ig_low_pass:channel_position_marginal,ig_low_pass
learned_Qz_spatial_spearman,2864601_0.437,paired_fixed_minus_varied_same_geometry,either_stable_or_near_floor,251,0.15954968778137346,0.12202655288960755,0.19851573478193316,500,equilibrium_files,fixed-minus-varied within-tube Spearman at each set's selected lag,deliberately_off_manifold_diagnostic,observed-comparison,False,near-floor if either observed native target is <= -1.9,"same geometry; fixed panel holds drive at (3,0.9) across geometries, while within-pair varied drives may differ",original_f,positive_contribution,,,,,,s06_attribution,ig_low_pass:channel_position_marginal,ig_low_pass
learned_Qz_spatial_spearman,2864601_0.437,paired_fixed_minus_varied_same_geometry,both_unstable,749,0.035737362939713115,0.024094847915488965,0.048405514254190485,500,equilibrium_files,fixed-minus-varied within-tube Spearman at each set's selected lag,deliberately_off_manifold_diagnostic,observed-comparison,False,near-floor if either observed native target is <= -1.9,"same geometry; fixed panel holds drive at (3,0.9) across geometries, while within-pair varied drives may differ",original_f,positive_contribution,,,,,,s06_attribution,ig_low_pass:channel_position_marginal,ig_low_pass
learned_Qz_spatial_spearman,2864601_0.371,paired_fixed_minus_varied_same_geometry,all,1000,0.014782696699625456,0.005454099836649664,0.02486602191035448,500,equilibrium_files,fixed-minus-varied within-tube Spearman at each set's selected lag,deliberately_off_manifold_diagnostic,observed-comparison,False,near-floor if either observed native target is <= -1.9,"same geometry; fixed panel holds drive at (3,0.9) across geometries, while within-pair varied drives may differ",original_f,signed,,,,,,s06_attribution,ig_low_pass:channel_position_marginal,ig_low_pass
learned_Qz_spatial_spearman,2864601_0.371,paired_fixed_minus_varied_same_geometry,either_stable_or_near_floor,251,0.009074013225448721,-0.011786759635359806,0.028985281067806894,500,equilibrium_files,fixed-minus-varied within-tube Spearman at each set's selected lag,deliberately_off_manifold_diagnostic,observed-comparison,False,near-floor if either observed native target is <= -1.9,"same geometry; fixed panel holds drive at (3,0.9) across geometries, while within-pair varied drives may differ",original_f,signed,,,,,,s06_attribution,ig_low_pass:channel_position_marginal,ig_low_pass
learned_Qz_spatial_spearman,2864601_0.371,paired_fixed_minus_varied_same_geometry,both_unstable,749,0.016695753511398966,0.005015754392562598,0.028208963926877873,500,equilibrium_files,fixed-minus-varied within-tube Spearman at each set's selected lag,deliberately_off_manifold_diagnostic,observed-comparison,False,near-floor if either observed native target is <= -1.9,"same geometry; fixed panel holds drive at (3,0.9) across geometries, while within-pair varied drives may differ",original_f,signed,,,,,,s06_attribution,ig_low_pass:channel_position_marginal,ig_low_pass
learned_Qz_spatial_spearman,2864601_0.371,paired_fixed_minus_varied_same_geometry,all,1000,0.07203046042286251,0.057778846363569655,0.08511740387808991,500,equilibrium_files,fixed-minus-varied within-tube Spearman at each set's selected lag,deliberately_off_manifold_diagnostic,observed-comparison,False,near-floor if either observed native target is <= -1.9,"same geometry; fixed panel holds drive at (3,0.9) across geometries, while within-pair varied drives may differ",original_f,positive_contribution,,,,,,s06_attribution,ig_low_pass:channel_position_marginal,ig_low_pass
learned_Qz_spatial_spearman,2864601_0.371,paired_fixed_minus_varied_same_geometry,either_stable_or_near_floor,251,0.19210523530030837,0.15227302671339077,0.23181738655891362,500,equilibrium_files,fixed-minus-varied within-tube Spearman at each set's selected lag,deliberately_off_manifold_diagnostic,observed-comparison,False,near-floor if either observed native target is <= -1.9,"same geometry; fixed panel holds drive at (3,0.9) across geometries, while within-pair varied drives may differ",original_f,positive_contribution,,,,,,s06_attribution,ig_low_pass:channel_position_marginal,ig_low_pass
learned_Qz_spatial_spearman,2864601_0.371,paired_fixed_minus_varied_same_geometry,both_unstable,749,0.03179178419557423,0.019746918248096736,0.042248992908541345,500,equilibrium_files,fixed-minus-varied within-tube Spearman at each set's selected lag,deliberately_off_manifold_diagnostic,observed-comparison,False,near-floor if either observed native target is <= -1.9,"same geometry; fixed panel holds drive at (3,0.9) across geometries, while within-pair varied drives may differ",original_f,positive_contribution,,,,,,s06_attribution,ig_low_pass:channel_position_marginal,ig_low_pass
learned_Qz_spatial_spearman,2864601_0.409,paired_fixed_minus_varied_same_geometry,all,1000,-0.0017923432767656421,-0.012302381557702403,0.0078726163496874,500,equilibrium_files,fixed-minus-varied within-tube Spearman at each set's selected lag,deliberately_off_manifold_diagnostic,observed-comparison,False,near-floor if either observed native target is <= -1.9,"same geometry; fixed panel holds drive at (3,0.9) across geometries, while within-pair varied drives may differ",original_f,signed,,,,,,s06_attribution,ig_low_pass:channel_position_marginal,ig_low_pass
learned_Qz_spatial_spearman,2864601_0.409,paired_fixed_minus_varied_same_geometry,either_stable_or_near_floor,251,-0.0021186010164442617,-0.019852686378738982,0.015188372932577876,500,equilibrium_files,fixed-minus-varied within-tube Spearman at each set's selected lag,deliberately_off_manifold_diagnostic,observed-comparison,False,near-floor if either observed native target is <= -1.9,"same geometry; fixed panel holds drive at (3,0.9) across geometries, while within-pair varied drives may differ",original_f,signed,,,,,,s06_attribution,ig_low_pass:channel_position_marginal,ig_low_pass
learned_Qz_spatial_spearman,2864601_0.409,paired_fixed_minus_varied_same_geometry,both_unstable,749,-0.0016830099087291489,-0.013601352176544382,0.010535755661691156,500,equilibrium_files,fixed-minus-varied within-tube Spearman at each set's selected lag,deliberately_off_manifold_diagnostic,observed-comparison,False,near-floor if either observed native target is <= -1.9,"same geometry; fixed panel holds drive at (3,0.9) across geometries, while within-pair varied drives may differ",original_f,signed,,,,,,s06_attribution,ig_low_pass:channel_position_marginal,ig_low_pass
learned_Qz_spatial_spearman,2864601_0.409,paired_fixed_minus_varied_same_geometry,all,1000,0.04132684171713171,0.02687868422514792,0.05535645343135031,500,equilibrium_files,fixed-minus-varied within-tube Spearman at each set's selected lag,deliberately_off_manifold_diagnostic,observed-comparison,False,near-floor if either observed native target is <= -1.9,"same geometry; fixed panel holds drive at (3,0.9) across geometries, while within-pair varied drives may differ",original_f,positive_contribution,,,,,,s06_attribution,ig_low_pass:channel_position_marginal,ig_low_pass
learned_Qz_spatial_spearman,2864601_0.409,paired_fixed_minus_varied_same_geometry,either_stable_or_near_floor,251,0.14679555294534183,0.10278416044648615,0.19033467332228957,500,equilibrium_files,fixed-minus-varied within-tube Spearman at each set's selected lag,deliberately_off_manifold_diagnostic,observed-comparison,False,near-floor if either observed native target is <= -1.9,"same geometry; fixed panel holds drive at (3,0.9) across geometries, while within-pair varied drives may differ",original_f,positive_contribution,,,,,,s06_attribution,ig_low_pass:channel_position_marginal,ig_low_pass
learned_Qz_spatial_spearman,2864601_0.409,paired_fixed_minus_varied_same_geometry,both_unstable,749,0.00598285437630297,-0.0045669971956652546,0.016880259273835976,500,equilibrium_files,fixed-minus-varied within-tube Spearman at each set's selected lag,deliberately_off_manifold_diagnostic,observed-comparison,False,near-floor if either observed native target is <= -1.9,"same geometry; fixed panel holds drive at (3,0.9) across geometries, while within-pair varied drives may differ",original_f,positive_contribution,,,,,,s06_attribution,ig_low_pass:channel_position_marginal,ig_low_pass
learned_Qz_spatial_spearman,2864601_0.437,paired_fixed_minus_varied_same_geometry,all,1000,0.15922479210624516,0.13510980991000815,0.17874929262518144,500,equilibrium_files,fixed-minus-varied within-tube Spearman at each set's selected lag,deliberately_off_manifold_diagnostic,observed-comparison,False,near-floor if either observed native target is <= -1.9,"same geometry; fixed panel holds drive at (3,0.9) across geometries, while within-pair varied drives may differ",original_f,positive_contribution,,,,,,s06_attribution,periodic_mask:channel_position_marginal,periodic_mask
learned_Qz_spatial_spearman,2864601_0.437,paired_fixed_minus_varied_same_geometry,either_stable_or_near_floor,251,0.2721040343243553,0.2148129782220511,0.3257755113538841,500,equilibrium_files,fixed-minus-varied within-tube Spearman at each set's selected lag,deliberately_off_manifold_diagnostic,observed-comparison,False,near-floor if either observed native target is <= -1.9,"same geometry; fixed panel holds drive at (3,0.9) across geometries, while within-pair varied drives may differ",original_f,positive_contribution,,,,,,s06_attribution,periodic_mask:channel_position_marginal,periodic_mask
learned_Qz_spatial_spearman,2864601_0.437,paired_fixed_minus_varied_same_geometry,both_unstable,749,0.12139743590231236,0.10029761845847326,0.14224948175825738,500,equilibrium_files,fixed-minus-varied within-tube Spearman at each set's selected lag,deliberately_off_manifold_diagnostic,observed-comparison,False,near-floor if either observed native target is <= -1.9,"same geometry; fixed panel holds drive at (3,0.9) across geometries, while within-pair varied drives may differ",original_f,positive_contribution,,,,,,s06_attribution,periodic_mask:channel_position_marginal,periodic_mask
learned_Qz_spatial_spearman,2864601_0.371,paired_fixed_minus_varied_same_geometry,all,1000,0.17737637359923097,0.15793506293629062,0.19755196061909522,500,equilibrium_files,fixed-minus-varied within-tube Spearman at each set's selected lag,deliberately_off_manifold_diagnostic,observed-comparison,False,near-floor if either observed native target is <= -1.9,"same geometry; fixed panel holds drive at (3,0.9) across geometries, while within-pair varied drives may differ",original_f,positive_contribution,,,,,,s06_attribution,periodic_mask:channel_position_marginal,periodic_mask
learned_Qz_spatial_spearman,2864601_0.371,paired_fixed_minus_varied_same_geometry,either_stable_or_near_floor,251,0.2466245288087018,0.19934598212161872,0.3010788555078916,500,equilibrium_files,fixed-minus-varied within-tube Spearman at each set's selected lag,deliberately_off_manifold_diagnostic,observed-comparison,False,near-floor if either observed native target is <= -1.9,"same geometry; fixed panel holds drive at (3,0.9) across geometries, while within-pair varied drives may differ",original_f,positive_contribution,,,,,,s06_attribution,periodic_mask:channel_position_marginal,periodic_mask
learned_Qz_spatial_spearman,2864601_0.371,paired_fixed_minus_varied_same_geometry,both_unstable,749,0.15417038300166463,0.13200516143818022,0.17887739239726264,500,equilibrium_files,fixed-minus-varied within-tube Spearman at each set's selected lag,deliberately_off_manifold_diagnostic,observed-comparison,False,near-floor if either observed native target is <= -1.9,"same geometry; fixed panel holds drive at (3,0.9) across geometries, while within-pair varied drives may differ",original_f,positive_contribution,,,,,,s06_attribution,periodic_mask:channel_position_marginal,periodic_mask
learned_Qz_spatial_spearman,2864601_0.409,paired_fixed_minus_varied_same_geometry,all,1000,0.14531248894849538,0.12152368012883297,0.16743914263625423,500,equilibrium_files,fixed-minus-varied within-tube Spearman at each set's selected lag,deliberately_off_manifold_diagnostic,observed-comparison,False,near-floor if either observed native target is <= -1.9,"same geometry; fixed panel holds drive at (3,0.9) across geometries, while within-pair varied drives may differ",original_f,positive_contribution,,,,,,s06_attribution,periodic_mask:channel_position_marginal,periodic_mask
learned_Qz_spatial_spearman,2864601_0.409,paired_fixed_minus_varied_same_geometry,either_stable_or_near_floor,251,0.2523987674578712,0.19868595770504704,0.30390865719466414,500,equilibrium_files,fixed-minus-varied within-tube Spearman at each set's selected lag,deliberately_off_manifold_diagnostic,observed-comparison,False,near-floor if either observed native target is <= -1.9,"same geometry; fixed panel holds drive at (3,0.9) across geometries, while within-pair varied drives may differ",original_f,positive_contribution,,,,,,s06_attribution,periodic_mask:channel_position_marginal,periodic_mask
learned_Qz_spatial_spearman,2864601_0.409,paired_fixed_minus_varied_same_geometry,both_unstable,749,0.10942643299942549,0.08804649720627711,0.13119107640324185,500,equilibrium_files,fixed-minus-varied within-tube Spearman at each set's selected lag,deliberately_off_manifold_diagnostic,observed-comparison,False,near-floor if either observed native target is <= -1.9,"same geometry; fixed panel holds drive at (3,0.9) across geometries, while within-pair varied drives may differ",original_f,positive_contribution,,,,,,s06_attribution,periodic_mask:channel_position_marginal,periodic_mask
learned_Qz_spatial_spearman,2864601_0.437,paired_fixed_minus_varied_same_geometry,all,1000,-0.0028814983776147196,-0.00985390224783938,0.005373846309283652,500,equilibrium_files,fixed-minus-varied within-tube Spearman at each set's selected lag,deliberately_off_manifold_diagnostic,observed-comparison,False,near-floor if either observed native target is <= -1.9,"same geometry; fixed panel holds drive at (3,0.9) across geometries, while within-pair varied drives may differ",invariant_tilde_f,signed,,,,,,s06_attribution,ig_low_pass:channel_position_marginal,ig_low_pass
learned_Qz_spatial_spearman,2864601_0.437,paired_fixed_minus_varied_same_geometry,either_stable_or_near_floor,251,-0.02981097854917822,-0.049406467996705526,-0.009011258276714099,500,equilibrium_files,fixed-minus-varied within-tube Spearman at each set's selected lag,deliberately_off_manifold_diagnostic,observed-comparison,False,near-floor if either observed native target is <= -1.9,"same geometry; fixed panel holds drive at (3,0.9) across geometries, while within-pair varied drives may differ",invariant_tilde_f,signed,,,,,,s06_attribution,ig_low_pass:channel_position_marginal,ig_low_pass
learned_Qz_spatial_spearman,2864601_0.437,paired_fixed_minus_varied_same_geometry,both_unstable,749,0.006142933562388537,-0.0018015946833133004,0.0138233161178402,500,equilibrium_files,fixed-minus-varied within-tube Spearman at each set's selected lag,deliberately_off_manifold_diagnostic,observed-comparison,False,near-floor if either observed native target is <= -1.9,"same geometry; fixed panel holds drive at (3,0.9) across geometries, while within-pair varied drives may differ",invariant_tilde_f,signed,,,,,,s06_attribution,ig_low_pass:channel_position_marginal,ig_low_pass
learned_Qz_spatial_spearman,2864601_0.437,paired_fixed_minus_varied_same_geometry,all,1000,0.07258076682078025,0.05905396405233477,0.08762783532866263,500,equilibrium_files,fixed-minus-varied within-tube Spearman at each set's selected lag,deliberately_off_manifold_diagnostic,observed-comparison,False,near-floor if either observed native target is <= -1.9,"same geometry; fixed panel holds drive at (3,0.9) across geometries, while within-pair varied drives may differ",invariant_tilde_f,positive_contribution,,,,,,s06_attribution,ig_low_pass:channel_position_marginal,ig_low_pass
learned_Qz_spatial_spearman,2864601_0.437,paired_fixed_minus_varied_same_geometry,either_stable_or_near_floor,251,0.18813157445868087,0.14930118662885097,0.23192465005869214,500,equilibrium_files,fixed-minus-varied within-tube Spearman at each set's selected lag,deliberately_off_manifold_diagnostic,observed-comparison,False,near-floor if either observed native target is <= -1.9,"same geometry; fixed panel holds drive at (3,0.9) across geometries, while within-pair varied drives may differ",invariant_tilde_f,positive_contribution,,,,,,s06_attribution,ig_low_pass:channel_position_marginal,ig_low_pass
learned_Qz_spatial_spearman,2864601_0.437,paired_fixed_minus_varied_same_geometry,both_unstable,749,0.033858133019561226,0.019828032254024817,0.04685997449938853,500,equilibrium_files,fixed-minus-varied within-tube Spearman at each set's selected lag,deliberately_off_manifold_diagnostic,observed-comparison,False,near-floor if either observed native target is <= -1.9,"same geometry; fixed panel holds drive at (3,0.9) across geometries, while within-pair varied drives may differ",invariant_tilde_f,positive_contribution,,,,,,s06_attribution,ig_low_pass:channel_position_marginal,ig_low_pass
learned_Qz_spatial_spearman,2864601_0.371,paired_fixed_minus_varied_same_geometry,all,1000,0.023059779739528927,0.012940119966537973,0.034539065987026704,500,equilibrium_files,fixed-minus-varied within-tube Spearman at each set's selected lag,deliberately_off_manifold_diagnostic,observed-comparison,False,near-floor if either observed native target is <= -1.9,"same geometry; fixed panel holds drive at (3,0.9) across geometries, while within-pair varied drives may differ",invariant_tilde_f,signed,,,,,,s06_attribution,ig_low_pass:channel_position_marginal,ig_low_pass
learned_Qz_spatial_spearman,2864601_0.371,paired_fixed_minus_varied_same_geometry,either_stable_or_near_floor,251,0.013322510284418486,-0.007884753714388237,0.035274946064899365,500,equilibrium_files,fixed-minus-varied within-tube Spearman at each set's selected lag,deliberately_off_manifold_diagnostic,observed-comparison,False,near-floor if either observed native target is <= -1.9,"same geometry; fixed panel holds drive at (3,0.9) across geometries, while within-pair varied drives may differ",invariant_tilde_f,signed,,,,,,s06_attribution,ig_low_pass:channel_position_marginal,ig_low_pass
learned_Qz_spatial_spearman,2864601_0.371,paired_fixed_minus_varied_same_geometry,both_unstable,749,0.026322870037569945,0.01284516798267221,0.03920624985489866,500,equilibrium_files,fixed-minus-varied within-tube Spearman at each set's selected lag,deliberately_off_manifold_diagnostic,observed-comparison,False,near-floor if either observed native target is <= -1.9,"same geometry; fixed panel holds drive at (3,0.9) across geometries, while within-pair varied drives may differ",invariant_tilde_f,signed,,,,,,s06_attribution,ig_low_pass:channel_position_marginal,ig_low_pass
learned_Qz_spatial_spearman,2864601_0.371,paired_fixed_minus_varied_same_geometry,all,1000,0.07773434965201602,0.0645351462596529,0.09223318644261397,500,equilibrium_files,fixed-minus-varied within-tube Spearman at each set's selected lag,deliberately_off_manifold_diagnostic,observed-comparison,False,near-floor if either observed native target is <= -1.9,"same geometry; fixed panel holds drive at (3,0.9) across geometries, while within-pair varied drives may differ",invariant_tilde_f,positive_contribution,,,,,,s06_attribution,ig_low_pass:channel_position_marginal,ig_low_pass
learned_Qz_spatial_spearman,2864601_0.371,paired_fixed_minus_varied_same_geometry,either_stable_or_near_floor,251,0.20873072830362246,0.16841238219019988,0.2545029414129351,500,equilibrium_files,fixed-minus-varied within-tube Spearman at each set's selected lag,deliberately_off_manifold_diagnostic,observed-comparison,False,near-floor if either observed native target is <= -1.9,"same geometry; fixed panel holds drive at (3,0.9) across geometries, while within-pair varied drives may differ",invariant_tilde_f,positive_contribution,,,,,,s06_attribution,ig_low_pass:channel_position_marginal,ig_low_pass
learned_Qz_spatial_spearman,2864601_0.371,paired_fixed_minus_varied_same_geometry,both_unstable,749,0.03383569672604377,0.020862150193045995,0.04606892555540797,500,equilibrium_files,fixed-minus-varied within-tube Spearman at each set's selected lag,deliberately_off_manifold_diagnostic,observed-comparison,False,near-floor if either observed native target is <= -1.9,"same geometry; fixed panel holds drive at (3,0.9) across geometries, while within-pair varied drives may differ",invariant_tilde_f,positive_contribution,,,,,,s06_attribution,ig_low_pass:channel_position_marginal,ig_low_pass
learned_Qz_spatial_spearman,2864601_0.409,paired_fixed_minus_varied_same_geometry,all,1000,-0.021462452712080207,-0.03159231637018823,-0.01111170405558098,500,equilibrium_files,fixed-minus-varied within-tube Spearman at each set's selected lag,deliberately_off_manifold_diagnostic,observed-comparison,False,near-floor if either observed native target is <= -1.9,"same geometry; fixed panel holds drive at (3,0.9) across geometries, while within-pair varied drives may differ",invariant_tilde_f,signed,,,,,,s06_attribution,ig_low_pass:channel_position_marginal,ig_low_pass
learned_Qz_spatial_spearman,2864601_0.409,paired_fixed_minus_varied_same_geometry,either_stable_or_near_floor,251,-0.023059903630188956,-0.04065648826290065,-0.0025533068485688267,500,equilibrium_files,fixed-minus-varied within-tube Spearman at each set's selected lag,deliberately_off_manifold_diagnostic,observed-comparison,False,near-floor if either observed native target is <= -1.9,"same geometry; fixed panel holds drive at (3,0.9) across geometries, while within-pair varied drives may differ",invariant_tilde_f,signed,,,,,,s06_attribution,ig_low_pass:channel_position_marginal,ig_low_pass
learned_Qz_spatial_spearman,2864601_0.409,paired_fixed_minus_varied_same_geometry,both_unstable,749,-0.02092712536836152,-0.033749464600016946,-0.010846212604003761,500,equilibrium_files,fixed-minus-varied within-tube Spearman at each set's selected lag,deliberately_off_manifold_diagnostic,observed-comparison,False,near-floor if either observed native target is <= -1.9,"same geometry; fixed panel holds drive at (3,0.9) across geometries, while within-pair varied drives may differ",invariant_tilde_f,signed,,,,,,s06_attribution,ig_low_pass:channel_position_marginal,ig_low_pass
learned_Qz_spatial_spearman,2864601_0.409,paired_fixed_minus_varied_same_geometry,all,1000,0.0526670372309087,0.038837007208787605,0.06820400731038849,500,equilibrium_files,fixed-minus-varied within-tube Spearman at each set's selected lag,deliberately_off_manifold_diagnostic,observed-comparison,False,near-floor if either observed native target is <= -1.9,"same geometry; fixed panel holds drive at (3,0.9) across geometries, while within-pair varied drives may differ",invariant_tilde_f,positive_contribution,,,,,,s06_attribution,ig_low_pass:channel_position_marginal,ig_low_pass
learned_Qz_spatial_spearman,2864601_0.409,paired_fixed_minus_varied_same_geometry,either_stable_or_near_floor,251,0.16529056349048926,0.11665898891987467,0.21297256780222149,500,equilibrium_files,fixed-minus-varied within-tube Spearman at each set's selected lag,deliberately_off_manifold_diagnostic,observed-comparison,False,near-floor if either observed native target is <= -1.9,"same geometry; fixed panel holds drive at (3,0.9) across geometries, while within-pair varied drives may differ",invariant_tilde_f,positive_contribution,,,,,,s06_attribution,ig_low_pass:channel_position_marginal,ig_low_pass
learned_Qz_spatial_spearman,2864601_0.409,paired_fixed_minus_varied_same_geometry,both_unstable,749,0.014925374892918421,0.002576409744831787,0.025812955608647,500,equilibrium_files,fixed-minus-varied within-tube Spearman at each set's selected lag,deliberately_off_manifold_diagnostic,observed-comparison,False,near-floor if either observed native target is <= -1.9,"same geometry; fixed panel holds drive at (3,0.9) across geometries, while within-pair varied drives may differ",invariant_tilde_f,positive_contribution,,,,,,s06_attribution,ig_low_pass:channel_position_marginal,ig_low_pass
learned_Qz_spatial_spearman,2864601_0.437,paired_fixed_minus_varied_same_geometry,all,1000,0.1562141379311034,0.13304743055697255,0.17780309841409128,500,equilibrium_files,fixed-minus-varied within-tube Spearman at each set's selected lag,deliberately_off_manifold_diagnostic,observed-comparison,False,near-floor if either observed native target is <= -1.9,"same geometry; fixed panel holds drive at (3,0.9) across geometries, while within-pair varied drives may differ",invariant_tilde_f,positive_contribution,,,,,,s06_attribution,periodic_mask:channel_position_marginal,periodic_mask
learned_Qz_spatial_spearman,2864601_0.437,paired_fixed_minus_varied_same_geometry,either_stable_or_near_floor,251,0.28842284624261993,0.22810922856086654,0.34775316947406176,500,equilibrium_files,fixed-minus-varied within-tube Spearman at each set's selected lag,deliberately_off_manifold_diagnostic,observed-comparison,False,near-floor if either observed native target is <= -1.9,"same geometry; fixed panel holds drive at (3,0.9) across geometries, while within-pair varied drives may differ",invariant_tilde_f,positive_contribution,,,,,,s06_attribution,periodic_mask:channel_position_marginal,periodic_mask
learned_Qz_spatial_spearman,2864601_0.437,paired_fixed_minus_varied_same_geometry,both_unstable,749,0.11190921698825872,0.08717032523339023,0.13337714392455804,500,equilibrium_files,fixed-minus-varied within-tube Spearman at each set's selected lag,deliberately_off_manifold_diagnostic,observed-comparison,False,near-floor if either observed native target is <= -1.9,"same geometry; fixed panel holds drive at (3,0.9) across geometries, while within-pair varied drives may differ",invariant_tilde_f,positive_contribution,,,,,,s06_attribution,periodic_mask:channel_position_marginal,periodic_mask
learned_Qz_spatial_spearman,2864601_0.371,paired_fixed_minus_varied_same_geometry,all,1000,0.17559227753406767,0.15442809879071123,0.19704113185804878,500,equilibrium_files,fixed-minus-varied within-tube Spearman at each set's selected lag,deliberately_off_manifold_diagnostic,observed-comparison,False,near-floor if either observed native target is <= -1.9,"same geometry; fixed panel holds drive at (3,0.9) across geometries, while within-pair varied drives may differ",invariant_tilde_f,positive_contribution,,,,,,s06_attribution,periodic_mask:channel_position_marginal,periodic_mask
learned_Qz_spatial_spearman,2864601_0.371,paired_fixed_minus_varied_same_geometry,either_stable_or_near_floor,251,0.3012044066883122,0.24202309737692826,0.3566896003800452,500,equilibrium_files,fixed-minus-varied within-tube Spearman at each set's selected lag,deliberately_off_manifold_diagnostic,observed-comparison,False,near-floor if either observed native target is <= -1.9,"same geometry; fixed panel holds drive at (3,0.9) across geometries, while within-pair varied drives may differ",invariant_tilde_f,positive_contribution,,,,,,s06_attribution,periodic_mask:channel_position_marginal,periodic_mask
learned_Qz_spatial_spearman,2864601_0.371,paired_fixed_minus_varied_same_geometry,both_unstable,749,0.1334979592193609,0.11002337756729968,0.15557954084537187,500,equilibrium_files,fixed-minus-varied within-tube Spearman at each set's selected lag,deliberately_off_manifold_diagnostic,observed-comparison,False,near-floor if either observed native target is <= -1.9,"same geometry; fixed panel holds drive at (3,0.9) across geometries, while within-pair varied drives may differ",invariant_tilde_f,positive_contribution,,,,,,s06_attribution,periodic_mask:channel_position_marginal,periodic_mask
learned_Qz_spatial_spearman,2864601_0.409,paired_fixed_minus_varied_same_geometry,all,1000,0.14218971780109688,0.12043971765937156,0.16162042978486862,500,equilibrium_files,fixed-minus-varied within-tube Spearman at each set's selected lag,deliberately_off_manifold_diagnostic,observed-comparison,False,near-floor if either observed native target is <= -1.9,"same geometry; fixed panel holds drive at (3,0.9) across geometries, while within-pair varied drives may differ",invariant_tilde_f,positive_contribution,,,,,,s06_attribution,periodic_mask:channel_position_marginal,periodic_mask
learned_Qz_spatial_spearman,2864601_0.409,paired_fixed_minus_varied_same_geometry,either_stable_or_near_floor,251,0.26260393587545705,0.20470718610557548,0.31824506159951693,500,equilibrium_files,fixed-minus-varied within-tube Spearman at each set's selected lag,deliberately_off_manifold_diagnostic,observed-comparison,False,near-floor if either observed native target is <= -1.9,"same geometry; fixed panel holds drive at (3,0.9) across geometries, while within-pair varied drives may differ",invariant_tilde_f,positive_contribution,,,,,,s06_attribution,periodic_mask:channel_position_marginal,periodic_mask
learned_Qz_spatial_spearman,2864601_0.409,paired_fixed_minus_varied_same_geometry,both_unstable,749,0.10183728958125124,0.08051179511308933,0.12391723187792553,500,equilibrium_files,fixed-minus-varied within-tube Spearman at each set's selected lag,deliberately_off_manifold_diagnostic,observed-comparison,False,near-floor if either observed native target is <= -1.9,"same geometry; fixed panel holds drive at (3,0.9) across geometries, while within-pair varied drives may differ",invariant_tilde_f,positive_contribution,,,,,,s06_attribution,periodic_mask:channel_position_marginal,periodic_mask
