source_family,source_id,member_id,function,method,summary,source_signed,validity_tag,source_feature_claims_permitted,gradient_set,stratum,sample_count,spearman_rho,spearman_ci95_lower,spearman_ci95_upper,bootstrap_stable,bootstrap_replicates,bootstrap_unit,gx_quantity,feature_claims_permitted,association_not_causation
s05_density,2864601_0.437:u001,2864601_0.437,invariant_tilde_f,equivariant_density_rho,mean_z_density,True,observed-comparison,True,varied,all,1000,0.1444707622116981,0.07879249178245297,0.20756925401426884,True,500,equilibrium_files,log10(zonal_phi2_amplitudes),False,True
s05_density,2864601_0.437:u001,2864601_0.437,invariant_tilde_f,equivariant_density_rho,mean_z_density,True,observed-comparison,True,varied,stable_or_near_floor,240,-0.09251291156382502,-0.21132479014905017,0.03639345923652381,False,500,equilibrium_files,log10(zonal_phi2_amplitudes),False,True
s05_density,2864601_0.437:u001,2864601_0.437,invariant_tilde_f,equivariant_density_rho,mean_z_density,True,observed-comparison,True,varied,unstable,760,0.032139604680144686,-0.040245055326089664,0.09936644248289823,False,500,equilibrium_files,log10(zonal_phi2_amplitudes),True,True
s05_density,2864601_0.437:u001,2864601_0.437,invariant_tilde_f,equivariant_density_rho,mean_z_density,True,observed-comparison,True,fixed,all,1000,0.35648195697294244,0.2964446067116779,0.4168265022787579,True,500,equilibrium_files,log10(zonal_phi2_amplitudes),False,True
s05_density,2864601_0.437:u001,2864601_0.437,invariant_tilde_f,equivariant_density_rho,mean_z_density,True,observed-comparison,True,fixed,stable_or_near_floor,23,0.0,0.0,0.0,False,500,equilibrium_files,log10(zonal_phi2_amplitudes),False,True
s05_density,2864601_0.437:u001,2864601_0.437,invariant_tilde_f,equivariant_density_rho,mean_z_density,True,observed-comparison,True,fixed,unstable,977,0.3100324229207012,0.24670708081748557,0.37242794584914063,True,500,equilibrium_files,log10(zonal_phi2_amplitudes),True,True
s05_density,2864601_0.437:u008,2864601_0.437,invariant_tilde_f,equivariant_density_rho,mean_z_density,True,observed-comparison,True,varied,all,1000,-0.17437140136486728,-0.23630197139468226,-0.1212125015294973,True,500,equilibrium_files,log10(zonal_phi2_amplitudes),False,True
s05_density,2864601_0.437:u008,2864601_0.437,invariant_tilde_f,equivariant_density_rho,mean_z_density,True,observed-comparison,True,varied,stable_or_near_floor,240,-0.031143520664012023,-0.1634967320076154,0.10021189943091399,False,500,equilibrium_files,log10(zonal_phi2_amplitudes),False,True
s05_density,2864601_0.437:u008,2864601_0.437,invariant_tilde_f,equivariant_density_rho,mean_z_density,True,observed-comparison,True,varied,unstable,760,-0.12162944609886839,-0.18339575629260024,-0.06012982420600932,True,500,equilibrium_files,log10(zonal_phi2_amplitudes),True,True
s05_density,2864601_0.437:u008,2864601_0.437,invariant_tilde_f,equivariant_density_rho,mean_z_density,True,observed-comparison,True,fixed,all,1000,-0.5448224094327137,-0.6006211091403658,-0.4960066022795498,True,500,equilibrium_files,log10(zonal_phi2_amplitudes),False,True
s05_density,2864601_0.437:u008,2864601_0.437,invariant_tilde_f,equivariant_density_rho,mean_z_density,True,observed-comparison,True,fixed,stable_or_near_floor,23,-0.6185770750988142,-0.8488017265716706,-0.21903691316488796,True,500,equilibrium_files,log10(zonal_phi2_amplitudes),False,True
s05_density,2864601_0.437:u008,2864601_0.437,invariant_tilde_f,equivariant_density_rho,mean_z_density,True,observed-comparison,True,fixed,unstable,977,-0.5126612658590667,-0.5635327044204261,-0.46129236101119847,True,500,equilibrium_files,log10(zonal_phi2_amplitudes),True,True
s05_density,2864601_0.437:u003,2864601_0.437,invariant_tilde_f,equivariant_density_rho,mean_z_density,True,observed-comparison,True,varied,all,1000,-0.242144225466197,-0.2889267932958663,-0.18846657745164486,True,500,equilibrium_files,log10(zonal_phi2_amplitudes),False,True
s05_density,2864601_0.437:u003,2864601_0.437,invariant_tilde_f,equivariant_density_rho,mean_z_density,True,observed-comparison,True,varied,stable_or_near_floor,240,-0.02367278600651394,-0.14047544831155367,0.10228810959659415,False,500,equilibrium_files,log10(zonal_phi2_amplitudes),False,True
s05_density,2864601_0.437:u003,2864601_0.437,invariant_tilde_f,equivariant_density_rho,mean_z_density,True,observed-comparison,True,varied,unstable,760,-0.18170189485935812,-0.23886385359558449,-0.1157119713970405,True,500,equilibrium_files,log10(zonal_phi2_amplitudes),True,True
s05_density,2864601_0.437:u003,2864601_0.437,invariant_tilde_f,equivariant_density_rho,mean_z_density,True,observed-comparison,True,fixed,all,1000,-0.6007024116501661,-0.6434633739817983,-0.5593793166700505,True,500,equilibrium_files,log10(zonal_phi2_amplitudes),False,True
s05_density,2864601_0.437:u003,2864601_0.437,invariant_tilde_f,equivariant_density_rho,mean_z_density,True,observed-comparison,True,fixed,stable_or_near_floor,23,-0.7361660079051383,-0.916717214420737,-0.3674147327092724,True,500,equilibrium_files,log10(zonal_phi2_amplitudes),False,True
s05_density,2864601_0.437:u003,2864601_0.437,invariant_tilde_f,equivariant_density_rho,mean_z_density,True,observed-comparison,True,fixed,unstable,977,-0.5642201493115117,-0.6067059218859172,-0.5153107951217185,True,500,equilibrium_files,log10(zonal_phi2_amplitudes),True,True
s05_density,2864601_0.371:u017,2864601_0.371,invariant_tilde_f,equivariant_density_rho,mean_z_density,True,observed-comparison,True,varied,all,1000,0.14386659042585762,0.08689828551320125,0.1999931089915007,True,500,equilibrium_files,log10(zonal_phi2_amplitudes),False,True
s05_density,2864601_0.371:u017,2864601_0.371,invariant_tilde_f,equivariant_density_rho,mean_z_density,True,observed-comparison,True,varied,stable_or_near_floor,240,-0.06738540393173491,-0.1945840563045038,0.06699636710206339,False,500,equilibrium_files,log10(zonal_phi2_amplitudes),False,True
s05_density,2864601_0.371:u017,2864601_0.371,invariant_tilde_f,equivariant_density_rho,mean_z_density,True,observed-comparison,True,varied,unstable,760,0.02934060401935752,-0.04246644990658298,0.1014152953306575,False,500,equilibrium_files,log10(zonal_phi2_amplitudes),True,True
s05_density,2864601_0.371:u017,2864601_0.371,invariant_tilde_f,equivariant_density_rho,mean_z_density,True,observed-comparison,True,fixed,all,1000,0.3593426111755401,0.2931256901683037,0.4223605994123046,True,500,equilibrium_files,log10(zonal_phi2_amplitudes),False,True
s05_density,2864601_0.371:u017,2864601_0.371,invariant_tilde_f,equivariant_density_rho,mean_z_density,True,observed-comparison,True,fixed,stable_or_near_floor,23,0.0,0.0,0.0,False,500,equilibrium_files,log10(zonal_phi2_amplitudes),False,True
s05_density,2864601_0.371:u017,2864601_0.371,invariant_tilde_f,equivariant_density_rho,mean_z_density,True,observed-comparison,True,fixed,unstable,977,0.3148141803403144,0.25267805454477776,0.3796808924548597,True,500,equilibrium_files,log10(zonal_phi2_amplitudes),True,True
s05_density,2864601_0.371:u004,2864601_0.371,invariant_tilde_f,equivariant_density_rho,mean_z_density,True,observed-comparison,True,varied,all,1000,-0.16956941631889244,-0.22082846243864915,-0.10732754873332027,True,500,equilibrium_files,log10(zonal_phi2_amplitudes),False,True
s05_density,2864601_0.371:u004,2864601_0.371,invariant_tilde_f,equivariant_density_rho,mean_z_density,True,observed-comparison,True,varied,stable_or_near_floor,240,0.01038523535620899,-0.11086065384563866,0.13146522088770465,False,500,equilibrium_files,log10(zonal_phi2_amplitudes),False,True
s05_density,2864601_0.371:u004,2864601_0.371,invariant_tilde_f,equivariant_density_rho,mean_z_density,True,observed-comparison,True,varied,unstable,760,-0.1024660037041786,-0.17150258592022535,-0.03439324309948097,True,500,equilibrium_files,log10(zonal_phi2_amplitudes),True,True
s05_density,2864601_0.371:u004,2864601_0.371,invariant_tilde_f,equivariant_density_rho,mean_z_density,True,observed-comparison,True,fixed,all,1000,-0.5408711321280852,-0.5914883756611256,-0.4902946575474726,True,500,equilibrium_files,log10(zonal_phi2_amplitudes),False,True
s05_density,2864601_0.371:u004,2864601_0.371,invariant_tilde_f,equivariant_density_rho,mean_z_density,True,observed-comparison,True,fixed,stable_or_near_floor,23,-0.7490118577075099,-0.9329376484421075,-0.4034896610309962,True,500,equilibrium_files,log10(zonal_phi2_amplitudes),False,True
s05_density,2864601_0.371:u004,2864601_0.371,invariant_tilde_f,equivariant_density_rho,mean_z_density,True,observed-comparison,True,fixed,unstable,977,-0.49673423975909653,-0.5470063832797802,-0.4368843119554869,True,500,equilibrium_files,log10(zonal_phi2_amplitudes),True,True
s05_density,2864601_0.371:u019,2864601_0.371,invariant_tilde_f,equivariant_density_rho,mean_z_density,True,observed-comparison,True,varied,all,1000,-0.1573375756776962,-0.21316769924475754,-0.09231847556153673,True,500,equilibrium_files,log10(zonal_phi2_amplitudes),False,True
s05_density,2864601_0.371:u019,2864601_0.371,invariant_tilde_f,equivariant_density_rho,mean_z_density,True,observed-comparison,True,varied,stable_or_near_floor,240,0.12390345820651381,-0.0038763270807456642,0.23278732721244816,False,500,equilibrium_files,log10(zonal_phi2_amplitudes),False,True
s05_density,2864601_0.371:u019,2864601_0.371,invariant_tilde_f,equivariant_density_rho,mean_z_density,True,observed-comparison,True,varied,unstable,760,-0.08477164455806097,-0.15284447078550295,-0.01743803013767658,True,500,equilibrium_files,log10(zonal_phi2_amplitudes),True,True
s05_density,2864601_0.371:u019,2864601_0.371,invariant_tilde_f,equivariant_density_rho,mean_z_density,True,observed-comparison,True,fixed,all,1000,-0.5345975073541805,-0.5866913015191979,-0.48110440531263865,True,500,equilibrium_files,log10(zonal_phi2_amplitudes),False,True
s05_density,2864601_0.371:u019,2864601_0.371,invariant_tilde_f,equivariant_density_rho,mean_z_density,True,observed-comparison,True,fixed,stable_or_near_floor,23,-0.7470355731225297,-0.9142760442565888,-0.39463990670733556,True,500,equilibrium_files,log10(zonal_phi2_amplitudes),False,True
s05_density,2864601_0.371:u019,2864601_0.371,invariant_tilde_f,equivariant_density_rho,mean_z_density,True,observed-comparison,True,fixed,unstable,977,-0.49987383462874807,-0.5512377709098424,-0.44283840620746684,True,500,equilibrium_files,log10(zonal_phi2_amplitudes),True,True
s05_density,2864601_0.409:u014,2864601_0.409,invariant_tilde_f,equivariant_density_rho,mean_z_density,True,observed-comparison,True,varied,all,1000,-0.17513095079758828,-0.23087043255825196,-0.11603099346143089,True,500,equilibrium_files,log10(zonal_phi2_amplitudes),False,True
s05_density,2864601_0.409:u014,2864601_0.409,invariant_tilde_f,equivariant_density_rho,mean_z_density,True,observed-comparison,True,varied,stable_or_near_floor,240,0.04783988474703087,-0.0812420737564751,0.1831505311335303,False,500,equilibrium_files,log10(zonal_phi2_amplitudes),False,True
s05_density,2864601_0.409:u014,2864601_0.409,invariant_tilde_f,equivariant_density_rho,mean_z_density,True,observed-comparison,True,varied,unstable,760,-0.11203709112209324,-0.1739556954550214,-0.05146659749556719,True,500,equilibrium_files,log10(zonal_phi2_amplitudes),True,True
s05_density,2864601_0.409:u014,2864601_0.409,invariant_tilde_f,equivariant_density_rho,mean_z_density,True,observed-comparison,True,fixed,all,1000,-0.4993305047520251,-0.5552371234037472,-0.44479158821654613,True,500,equilibrium_files,log10(zonal_phi2_amplitudes),False,True
s05_density,2864601_0.409:u014,2864601_0.409,invariant_tilde_f,equivariant_density_rho,mean_z_density,True,observed-comparison,True,fixed,stable_or_near_floor,23,-0.6373517786561265,-0.8567506024096385,-0.3153790899692539,True,500,equilibrium_files,log10(zonal_phi2_amplitudes),False,True
s05_density,2864601_0.409:u014,2864601_0.409,invariant_tilde_f,equivariant_density_rho,mean_z_density,True,observed-comparison,True,fixed,unstable,977,-0.46311865128259555,-0.5238632182808871,-0.39481123061137563,True,500,equilibrium_files,log10(zonal_phi2_amplitudes),True,True
s05_density,2864601_0.409:u021,2864601_0.409,invariant_tilde_f,equivariant_density_rho,mean_z_density,True,observed-comparison,True,varied,all,1000,0.18335062518359357,0.12307150965835681,0.23498427915524167,True,500,equilibrium_files,log10(zonal_phi2_amplitudes),False,True
s05_density,2864601_0.409:u021,2864601_0.409,invariant_tilde_f,equivariant_density_rho,mean_z_density,True,observed-comparison,True,varied,stable_or_near_floor,240,-0.035772800659644256,-0.16053975289367015,0.08868150633658159,False,500,equilibrium_files,log10(zonal_phi2_amplitudes),False,True
s05_density,2864601_0.409:u021,2864601_0.409,invariant_tilde_f,equivariant_density_rho,mean_z_density,True,observed-comparison,True,varied,unstable,760,0.0908158509848388,0.021680648027293775,0.15344629825126777,True,500,equilibrium_files,log10(zonal_phi2_amplitudes),True,True
s05_density,2864601_0.409:u021,2864601_0.409,invariant_tilde_f,equivariant_density_rho,mean_z_density,True,observed-comparison,True,fixed,all,1000,0.4290737522090513,0.36563732873824234,0.4840684530875954,True,500,equilibrium_files,log10(zonal_phi2_amplitudes),False,True
s05_density,2864601_0.409:u021,2864601_0.409,invariant_tilde_f,equivariant_density_rho,mean_z_density,True,observed-comparison,True,fixed,stable_or_near_floor,23,0.0,0.0,0.0,False,500,equilibrium_files,log10(zonal_phi2_amplitudes),False,True
s05_density,2864601_0.409:u021,2864601_0.409,invariant_tilde_f,equivariant_density_rho,mean_z_density,True,observed-comparison,True,fixed,unstable,977,0.38840957621414923,0.3272556886598311,0.4491993522586593,True,500,equilibrium_files,log10(zonal_phi2_amplitudes),True,True
s05_density,2864601_0.409:u027,2864601_0.409,invariant_tilde_f,equivariant_density_rho,mean_z_density,True,observed-comparison,True,varied,all,1000,0.1883830523830524,0.13027866023605458,0.23966182788900725,True,500,equilibrium_files,log10(zonal_phi2_amplitudes),False,True
s05_density,2864601_0.409:u027,2864601_0.409,invariant_tilde_f,equivariant_density_rho,mean_z_density,True,observed-comparison,True,varied,stable_or_near_floor,240,-0.16855761384746262,-0.28284711192383244,-0.060124461718361354,True,500,equilibrium_files,log10(zonal_phi2_amplitudes),False,True
s05_density,2864601_0.409:u027,2864601_0.409,invariant_tilde_f,equivariant_density_rho,mean_z_density,True,observed-comparison,True,varied,unstable,760,0.11976008487403526,0.04602580826348077,0.18191257488698254,True,500,equilibrium_files,log10(zonal_phi2_amplitudes),True,True
s05_density,2864601_0.409:u027,2864601_0.409,invariant_tilde_f,equivariant_density_rho,mean_z_density,True,observed-comparison,True,fixed,all,1000,0.47556587556587554,0.4216964598312683,0.5308237444969035,True,500,equilibrium_files,log10(zonal_phi2_amplitudes),False,True
s05_density,2864601_0.409:u027,2864601_0.409,invariant_tilde_f,equivariant_density_rho,mean_z_density,True,observed-comparison,True,fixed,stable_or_near_floor,23,0.383399209486166,0.046575682382134,0.6992316213180226,True,500,equilibrium_files,log10(zonal_phi2_amplitudes),False,True
s05_density,2864601_0.409:u027,2864601_0.409,invariant_tilde_f,equivariant_density_rho,mean_z_density,True,observed-comparison,True,fixed,unstable,977,0.43788571315042313,0.3783373991949727,0.4946014920559737,True,500,equilibrium_files,log10(zonal_phi2_amplitudes),True,True
s06_attribution,ig_low_pass:all_channels,2864601_0.437,original_f,ig_low_pass,positive_cell_sum,True,deliberately_off_manifold_diagnostic,True,varied,all,1000,0.3060935220935221,0.24117339980013086,0.36636965507222613,True,500,equilibrium_files,log10(zonal_phi2_amplitudes),False,True
s06_attribution,ig_low_pass:all_channels,2864601_0.437,original_f,ig_low_pass,positive_cell_sum,True,deliberately_off_manifold_diagnostic,True,varied,stable_or_near_floor,240,0.22162450736991962,0.09034658755735964,0.33798596888290394,True,500,equilibrium_files,log10(zonal_phi2_amplitudes),False,True
s06_attribution,ig_low_pass:all_channels,2864601_0.437,original_f,ig_low_pass,positive_cell_sum,True,deliberately_off_manifold_diagnostic,True,varied,unstable,760,-0.14595515683299132,-0.21169202694515976,-0.06824437241758864,True,500,equilibrium_files,log10(zonal_phi2_amplitudes),True,True
s06_attribution,ig_low_pass:all_channels,2864601_0.437,original_f,ig_low_pass,absolute_cell_sum,True,deliberately_off_manifold_diagnostic,True,varied,all,1000,0.3063361863361863,0.2382864556870027,0.3689483213435488,True,500,equilibrium_files,log10(zonal_phi2_amplitudes),False,True
s06_attribution,ig_low_pass:all_channels,2864601_0.437,original_f,ig_low_pass,absolute_cell_sum,True,deliberately_off_manifold_diagnostic,True,varied,stable_or_near_floor,240,0.2314727686244553,0.10444213452534017,0.3548364705607542,True,500,equilibrium_files,log10(zonal_phi2_amplitudes),False,True
s06_attribution,ig_low_pass:all_channels,2864601_0.437,original_f,ig_low_pass,absolute_cell_sum,True,deliberately_off_manifold_diagnostic,True,varied,unstable,760,-0.145815358515437,-0.2122520251249854,-0.06779826761099775,True,500,equilibrium_files,log10(zonal_phi2_amplitudes),True,True
s06_attribution,ig_low_pass:all_channels,2864601_0.437,original_f,ig_low_pass,top10pct_absolute_mass_fraction,True,deliberately_off_manifold_diagnostic,True,varied,all,1000,0.023892599892599894,-0.043625430029473736,0.08413355462191853,False,500,equilibrium_files,log10(zonal_phi2_amplitudes),False,True
s06_attribution,ig_low_pass:all_channels,2864601_0.437,original_f,ig_low_pass,top10pct_absolute_mass_fraction,True,deliberately_off_manifold_diagnostic,True,varied,stable_or_near_floor,240,-0.1718363166027188,-0.27958934634885735,-0.04888037961926825,True,500,equilibrium_files,log10(zonal_phi2_amplitudes),False,True
s06_attribution,ig_low_pass:all_channels,2864601_0.437,original_f,ig_low_pass,top10pct_absolute_mass_fraction,True,deliberately_off_manifold_diagnostic,True,varied,unstable,760,0.0027801659155081274,-0.05916338604709131,0.07271634973675334,False,500,equilibrium_files,log10(zonal_phi2_amplitudes),True,True
s06_attribution,ig_low_pass:all_channels,2864601_0.437,original_f,ig_low_pass,signed_cell_sum,True,deliberately_off_manifold_diagnostic,True,varied,all,1000,0.010474522474522475,-0.04514160749054255,0.07120743383399511,False,500,equilibrium_files,log10(zonal_phi2_amplitudes),False,True
s06_attribution,ig_low_pass:all_channels,2864601_0.437,original_f,ig_low_pass,signed_cell_sum,True,deliberately_off_manifold_diagnostic,True,varied,stable_or_near_floor,240,0.017827566450806437,-0.12169792063621984,0.1559042991568526,False,500,equilibrium_files,log10(zonal_phi2_amplitudes),False,True
s06_attribution,ig_low_pass:all_channels,2864601_0.437,original_f,ig_low_pass,signed_cell_sum,True,deliberately_off_manifold_diagnostic,True,varied,unstable,760,-0.008552300125173346,-0.07300057406134178,0.06914124276364601,False,500,equilibrium_files,log10(zonal_phi2_amplitudes),True,True
s06_attribution,ig_low_pass:all_channels,2864601_0.437,original_f,ig_low_pass,positive_cell_sum,True,deliberately_off_manifold_diagnostic,True,fixed,all,1000,-0.11315993315993315,-0.18578965099895062,-0.05815973902697191,True,500,equilibrium_files,log10(zonal_phi2_amplitudes),False,True
s06_attribution,ig_low_pass:all_channels,2864601_0.437,original_f,ig_low_pass,positive_cell_sum,True,deliberately_off_manifold_diagnostic,True,fixed,stable_or_near_floor,23,0.4199604743083004,0.029833862730443462,0.7194247061359975,True,500,equilibrium_files,log10(zonal_phi2_amplitudes),False,True
s06_attribution,ig_low_pass:all_channels,2864601_0.437,original_f,ig_low_pass,positive_cell_sum,True,deliberately_off_manifold_diagnostic,True,fixed,unstable,977,-0.17101174236649413,-0.23399200843559617,-0.10948399382839685,True,500,equilibrium_files,log10(zonal_phi2_amplitudes),True,True
s06_attribution,ig_low_pass:all_channels,2864601_0.437,original_f,ig_low_pass,absolute_cell_sum,True,deliberately_off_manifold_diagnostic,True,fixed,all,1000,-0.11653709653709654,-0.17625650196599607,-0.057449209351940124,True,500,equilibrium_files,log10(zonal_phi2_amplitudes),False,True
s06_attribution,ig_low_pass:all_channels,2864601_0.437,original_f,ig_low_pass,absolute_cell_sum,True,deliberately_off_manifold_diagnostic,True,fixed,stable_or_near_floor,23,0.47134387351778656,0.08478336331219036,0.74405418697587,True,500,equilibrium_files,log10(zonal_phi2_amplitudes),False,True
s06_attribution,ig_low_pass:all_channels,2864601_0.437,original_f,ig_low_pass,absolute_cell_sum,True,deliberately_off_manifold_diagnostic,True,fixed,unstable,977,-0.1749328773805986,-0.2306666595418371,-0.10897904576630933,True,500,equilibrium_files,log10(zonal_phi2_amplitudes),True,True
s06_attribution,ig_low_pass:all_channels,2864601_0.437,original_f,ig_low_pass,top10pct_absolute_mass_fraction,True,deliberately_off_manifold_diagnostic,True,fixed,all,1000,-0.11937554337554337,-0.18240007391368188,-0.05896225989918571,True,500,equilibrium_files,log10(zonal_phi2_amplitudes),False,True
s06_attribution,ig_low_pass:all_channels,2864601_0.437,original_f,ig_low_pass,top10pct_absolute_mass_fraction,True,deliberately_off_manifold_diagnostic,True,fixed,stable_or_near_floor,23,0.18774703557312253,-0.2709258630649301,0.5865729633317665,False,500,equilibrium_files,log10(zonal_phi2_amplitudes),False,True
s06_attribution,ig_low_pass:all_channels,2864601_0.437,original_f,ig_low_pass,top10pct_absolute_mass_fraction,True,deliberately_off_manifold_diagnostic,True,fixed,unstable,977,-0.12415358124729588,-0.18697942852240387,-0.06506763800089597,True,500,equilibrium_files,log10(zonal_phi2_amplitudes),True,True
s06_attribution,ig_low_pass:all_channels,2864601_0.437,original_f,ig_low_pass,signed_cell_sum,True,deliberately_off_manifold_diagnostic,True,fixed,all,1000,0.024835392835392836,-0.03893128945740965,0.08954749088365103,False,500,equilibrium_files,log10(zonal_phi2_amplitudes),False,True
s06_attribution,ig_low_pass:all_channels,2864601_0.437,original_f,ig_low_pass,signed_cell_sum,True,deliberately_off_manifold_diagnostic,True,fixed,stable_or_near_floor,23,0.12055335968379446,-0.2644169847776769,0.5331761786600495,False,500,equilibrium_files,log10(zonal_phi2_amplitudes),False,True
s06_attribution,ig_low_pass:all_channels,2864601_0.437,original_f,ig_low_pass,signed_cell_sum,True,deliberately_off_manifold_diagnostic,True,fixed,unstable,977,0.024564969147065602,-0.035301360252373834,0.08691293775748117,False,500,equilibrium_files,log10(zonal_phi2_amplitudes),True,True
s06_attribution,ig_low_pass:all_channels,2864601_0.371,original_f,ig_low_pass,positive_cell_sum,True,deliberately_off_manifold_diagnostic,True,varied,all,1000,0.29978539178539176,0.23702518566992178,0.3588517291829047,True,500,equilibrium_files,log10(zonal_phi2_amplitudes),False,True
s06_attribution,ig_low_pass:all_channels,2864601_0.371,original_f,ig_low_pass,positive_cell_sum,True,deliberately_off_manifold_diagnostic,True,varied,stable_or_near_floor,240,0.3049697043351447,0.1807158143511566,0.4226289824044922,True,500,equilibrium_files,log10(zonal_phi2_amplitudes),False,True
s06_attribution,ig_low_pass:all_channels,2864601_0.371,original_f,ig_low_pass,positive_cell_sum,True,deliberately_off_manifold_diagnostic,True,varied,unstable,760,-0.16385007956257397,-0.22310794510371548,-0.09707896761603668,True,500,equilibrium_files,log10(zonal_phi2_amplitudes),True,True
s06_attribution,ig_low_pass:all_channels,2864601_0.371,original_f,ig_low_pass,absolute_cell_sum,True,deliberately_off_manifold_diagnostic,True,varied,all,1000,0.2993899193899194,0.2296101805875868,0.3589757848831996,True,500,equilibrium_files,log10(zonal_phi2_amplitudes),False,True
s06_attribution,ig_low_pass:all_channels,2864601_0.371,original_f,ig_low_pass,absolute_cell_sum,True,deliberately_off_manifold_diagnostic,True,varied,stable_or_near_floor,240,0.303504401118075,0.16943381888252537,0.41143079093012264,True,500,equilibrium_files,log10(zonal_phi2_amplitudes),False,True
s06_attribution,ig_low_pass:all_channels,2864601_0.371,original_f,ig_low_pass,absolute_cell_sum,True,deliberately_off_manifold_diagnostic,True,varied,unstable,760,-0.16562508628049272,-0.2361513939079617,-0.09557993947693497,True,500,equilibrium_files,log10(zonal_phi2_amplitudes),True,True
s06_attribution,ig_low_pass:all_channels,2864601_0.371,original_f,ig_low_pass,top10pct_absolute_mass_fraction,True,deliberately_off_manifold_diagnostic,True,varied,all,1000,0.003687003687003687,-0.05695612768108516,0.06364667439037412,False,500,equilibrium_files,log10(zonal_phi2_amplitudes),False,True
s06_attribution,ig_low_pass:all_channels,2864601_0.371,original_f,ig_low_pass,top10pct_absolute_mass_fraction,True,deliberately_off_manifold_diagnostic,True,varied,stable_or_near_floor,240,-0.1992230767895276,-0.32098935443574433,-0.07539782382443752,True,500,equilibrium_files,log10(zonal_phi2_amplitudes),False,True
s06_attribution,ig_low_pass:all_channels,2864601_0.371,original_f,ig_low_pass,top10pct_absolute_mass_fraction,True,deliberately_off_manifold_diagnostic,True,varied,unstable,760,0.013340898224692583,-0.0659692996003538,0.09255894094479584,False,500,equilibrium_files,log10(zonal_phi2_amplitudes),True,True
s06_attribution,ig_low_pass:all_channels,2864601_0.371,original_f,ig_low_pass,signed_cell_sum,True,deliberately_off_manifold_diagnostic,True,varied,all,1000,-0.014351630351630352,-0.07728735957469997,0.04277348173646786,False,500,equilibrium_files,log10(zonal_phi2_amplitudes),False,True
s06_attribution,ig_low_pass:all_channels,2864601_0.371,original_f,ig_low_pass,signed_cell_sum,True,deliberately_off_manifold_diagnostic,True,varied,stable_or_near_floor,240,0.04878556919390962,-0.09297267853152104,0.18123540634859495,False,500,equilibrium_files,log10(zonal_phi2_amplitudes),False,True
s06_attribution,ig_low_pass:all_channels,2864601_0.371,original_f,ig_low_pass,signed_cell_sum,True,deliberately_off_manifold_diagnostic,True,varied,unstable,760,-0.013092984469921356,-0.08379356866363266,0.06145017146291524,False,500,equilibrium_files,log10(zonal_phi2_amplitudes),True,True
s06_attribution,ig_low_pass:all_channels,2864601_0.371,original_f,ig_low_pass,positive_cell_sum,True,deliberately_off_manifold_diagnostic,True,fixed,all,1000,-0.10036088836088836,-0.16127785765693037,-0.038594281891395715,True,500,equilibrium_files,log10(zonal_phi2_amplitudes),False,True
s06_attribution,ig_low_pass:all_channels,2864601_0.371,original_f,ig_low_pass,positive_cell_sum,True,deliberately_off_manifold_diagnostic,True,fixed,stable_or_near_floor,23,0.5118577075098815,0.0777552728255187,0.7988591842988363,True,500,equilibrium_files,log10(zonal_phi2_amplitudes),False,True
s06_attribution,ig_low_pass:all_channels,2864601_0.371,original_f,ig_low_pass,positive_cell_sum,True,deliberately_off_manifold_diagnostic,True,fixed,unstable,977,-0.1667777956666201,-0.224133132039659,-0.10435405630499715,True,500,equilibrium_files,log10(zonal_phi2_amplitudes),True,True
s06_attribution,ig_low_pass:all_channels,2864601_0.371,original_f,ig_low_pass,absolute_cell_sum,True,deliberately_off_manifold_diagnostic,True,fixed,all,1000,-0.10529128529128529,-0.17921009456749135,-0.03803643826054673,True,500,equilibrium_files,log10(zonal_phi2_amplitudes),False,True
s06_attribution,ig_low_pass:all_channels,2864601_0.371,original_f,ig_low_pass,absolute_cell_sum,True,deliberately_off_manifold_diagnostic,True,fixed,stable_or_near_floor,23,0.5158102766798419,0.08928106106240101,0.8096686559782934,True,500,equilibrium_files,log10(zonal_phi2_amplitudes),False,True
s06_attribution,ig_low_pass:all_channels,2864601_0.371,original_f,ig_low_pass,absolute_cell_sum,True,deliberately_off_manifold_diagnostic,True,fixed,unstable,977,-0.17094082894813642,-0.2246138187745253,-0.10669915987852932,True,500,equilibrium_files,log10(zonal_phi2_amplitudes),True,True
s06_attribution,ig_low_pass:all_channels,2864601_0.371,original_f,ig_low_pass,top10pct_absolute_mass_fraction,True,deliberately_off_manifold_diagnostic,True,fixed,all,1000,-0.1379202179202179,-0.1961619215115501,-0.07505229746127814,True,500,equilibrium_files,log10(zonal_phi2_amplitudes),False,True
s06_attribution,ig_low_pass:all_channels,2864601_0.371,original_f,ig_low_pass,top10pct_absolute_mass_fraction,True,deliberately_off_manifold_diagnostic,True,fixed,stable_or_near_floor,23,0.06225296442687747,-0.380734910417911,0.41933135021166,False,500,equilibrium_files,log10(zonal_phi2_amplitudes),False,True
s06_attribution,ig_low_pass:all_channels,2864601_0.371,original_f,ig_low_pass,top10pct_absolute_mass_fraction,True,deliberately_off_manifold_diagnostic,True,fixed,unstable,977,-0.1300525585396638,-0.2006908695181436,-0.07241382993740832,True,500,equilibrium_files,log10(zonal_phi2_amplitudes),True,True
s06_attribution,ig_low_pass:all_channels,2864601_0.371,original_f,ig_low_pass,signed_cell_sum,True,deliberately_off_manifold_diagnostic,True,fixed,all,1000,0.0616030576030576,-0.0007254185575722944,0.12590363851928593,False,500,equilibrium_files,log10(zonal_phi2_amplitudes),False,True
s06_attribution,ig_low_pass:all_channels,2864601_0.371,original_f,ig_low_pass,signed_cell_sum,True,deliberately_off_manifold_diagnostic,True,fixed,stable_or_near_floor,23,-0.5681818181818182,-0.8442679900744416,-0.13165656275255663,True,500,equilibrium_files,log10(zonal_phi2_amplitudes),False,True
s06_attribution,ig_low_pass:all_channels,2864601_0.371,original_f,ig_low_pass,signed_cell_sum,True,deliberately_off_manifold_diagnostic,True,fixed,unstable,977,0.057951523787945436,-0.006432385791103144,0.12010958331044726,False,500,equilibrium_files,log10(zonal_phi2_amplitudes),True,True
s06_attribution,ig_low_pass:all_channels,2864601_0.409,original_f,ig_low_pass,positive_cell_sum,True,deliberately_off_manifold_diagnostic,True,varied,all,1000,0.27785416985416983,0.21234060885571782,0.3400687436996543,True,500,equilibrium_files,log10(zonal_phi2_amplitudes),False,True
s06_attribution,ig_low_pass:all_channels,2864601_0.409,original_f,ig_low_pass,positive_cell_sum,True,deliberately_off_manifold_diagnostic,True,varied,stable_or_near_floor,240,0.2166678240941683,0.09309033170266112,0.339723449432052,True,500,equilibrium_files,log10(zonal_phi2_amplitudes),False,True
s06_attribution,ig_low_pass:all_channels,2864601_0.409,original_f,ig_low_pass,positive_cell_sum,True,deliberately_off_manifold_diagnostic,True,varied,unstable,760,-0.1376837654898258,-0.20834857720049366,-0.06655336598841843,True,500,equilibrium_files,log10(zonal_phi2_amplitudes),True,True
s06_attribution,ig_low_pass:all_channels,2864601_0.409,original_f,ig_low_pass,absolute_cell_sum,True,deliberately_off_manifold_diagnostic,True,varied,all,1000,0.27786132186132184,0.21159439233354418,0.33629298166465343,True,500,equilibrium_files,log10(zonal_phi2_amplitudes),False,True
s06_attribution,ig_low_pass:all_channels,2864601_0.409,original_f,ig_low_pass,absolute_cell_sum,True,deliberately_off_manifold_diagnostic,True,varied,stable_or_near_floor,240,0.21831629021337176,0.09821391621840748,0.3324768734330793,True,500,equilibrium_files,log10(zonal_phi2_amplitudes),False,True
s06_attribution,ig_low_pass:all_channels,2864601_0.409,original_f,ig_low_pass,absolute_cell_sum,True,deliberately_off_manifold_diagnostic,True,varied,unstable,760,-0.13870218283837604,-0.19894005345721436,-0.06901569565821754,True,500,equilibrium_files,log10(zonal_phi2_amplitudes),True,True
s06_attribution,ig_low_pass:all_channels,2864601_0.409,original_f,ig_low_pass,top10pct_absolute_mass_fraction,True,deliberately_off_manifold_diagnostic,True,varied,all,1000,0.06267255867255868,-0.0022104109040449443,0.1199094928425916,False,500,equilibrium_files,log10(zonal_phi2_amplitudes),False,True
s06_attribution,ig_low_pass:all_channels,2864601_0.409,original_f,ig_low_pass,top10pct_absolute_mass_fraction,True,deliberately_off_manifold_diagnostic,True,varied,stable_or_near_floor,240,-0.19574298164898696,-0.3108769467338992,-0.0859504443634504,True,500,equilibrium_files,log10(zonal_phi2_amplitudes),False,True
s06_attribution,ig_low_pass:all_channels,2864601_0.409,original_f,ig_low_pass,top10pct_absolute_mass_fraction,True,deliberately_off_manifold_diagnostic,True,varied,unstable,760,0.07265988851671908,0.0074109327285646395,0.14124616373141924,True,500,equilibrium_files,log10(zonal_phi2_amplitudes),True,True
s06_attribution,ig_low_pass:all_channels,2864601_0.409,original_f,ig_low_pass,signed_cell_sum,True,deliberately_off_manifold_diagnostic,True,varied,all,1000,0.014873870873870874,-0.04019594459181006,0.07148545540338179,False,500,equilibrium_files,log10(zonal_phi2_amplitudes),False,True
s06_attribution,ig_low_pass:all_channels,2864601_0.409,original_f,ig_low_pass,signed_cell_sum,True,deliberately_off_manifold_diagnostic,True,varied,stable_or_near_floor,240,-0.054068647025121964,-0.20449076400316277,0.0768443597071801,False,500,equilibrium_files,log10(zonal_phi2_amplitudes),False,True
s06_attribution,ig_low_pass:all_channels,2864601_0.409,original_f,ig_low_pass,signed_cell_sum,True,deliberately_off_manifold_diagnostic,True,varied,unstable,760,-0.06930505693214041,-0.14855599682560097,0.0018265396044050742,False,500,equilibrium_files,log10(zonal_phi2_amplitudes),True,True
s06_attribution,ig_low_pass:all_channels,2864601_0.409,original_f,ig_low_pass,positive_cell_sum,True,deliberately_off_manifold_diagnostic,True,fixed,all,1000,-0.09071117471117471,-0.15266995374012296,-0.023703370615913624,True,500,equilibrium_files,log10(zonal_phi2_amplitudes),False,True
s06_attribution,ig_low_pass:all_channels,2864601_0.409,original_f,ig_low_pass,positive_cell_sum,True,deliberately_off_manifold_diagnostic,True,fixed,stable_or_near_floor,23,0.14130434782608695,-0.34503029360579096,0.5404757342860145,False,500,equilibrium_files,log10(zonal_phi2_amplitudes),False,True
s06_attribution,ig_low_pass:all_channels,2864601_0.409,original_f,ig_low_pass,positive_cell_sum,True,deliberately_off_manifold_diagnostic,True,fixed,unstable,977,-0.13998299776484405,-0.20526479777309753,-0.08030677785194584,True,500,equilibrium_files,log10(zonal_phi2_amplitudes),True,True
s06_attribution,ig_low_pass:all_channels,2864601_0.409,original_f,ig_low_pass,absolute_cell_sum,True,deliberately_off_manifold_diagnostic,True,fixed,all,1000,-0.10026340026340026,-0.16111465564326782,-0.03751035389635206,True,500,equilibrium_files,log10(zonal_phi2_amplitudes),False,True
s06_attribution,ig_low_pass:all_channels,2864601_0.409,original_f,ig_low_pass,absolute_cell_sum,True,deliberately_off_manifold_diagnostic,True,fixed,stable_or_near_floor,23,0.16699604743083005,-0.29741550695825053,0.598217956415427,False,500,equilibrium_files,log10(zonal_phi2_amplitudes),False,True
s06_attribution,ig_low_pass:all_channels,2864601_0.409,original_f,ig_low_pass,absolute_cell_sum,True,deliberately_off_manifold_diagnostic,True,fixed,unstable,977,-0.15032279438037346,-0.21157762499404223,-0.09182247080045272,True,500,equilibrium_files,log10(zonal_phi2_amplitudes),True,True
s06_attribution,ig_low_pass:all_channels,2864601_0.409,original_f,ig_low_pass,top10pct_absolute_mass_fraction,True,deliberately_off_manifold_diagnostic,True,fixed,all,1000,-0.11691382491382492,-0.1741275128212045,-0.0522975756003995,True,500,equilibrium_files,log10(zonal_phi2_amplitudes),False,True
s06_attribution,ig_low_pass:all_channels,2864601_0.409,original_f,ig_low_pass,top10pct_absolute_mass_fraction,True,deliberately_off_manifold_diagnostic,True,fixed,stable_or_near_floor,23,-0.05138339920948617,-0.5020059631806646,0.38675486396902875,False,500,equilibrium_files,log10(zonal_phi2_amplitudes),False,True
s06_attribution,ig_low_pass:all_channels,2864601_0.409,original_f,ig_low_pass,top10pct_absolute_mass_fraction,True,deliberately_off_manifold_diagnostic,True,fixed,unstable,977,-0.11560521379231116,-0.1762164607356364,-0.051952184791288554,True,500,equilibrium_files,log10(zonal_phi2_amplitudes),True,True
s06_attribution,ig_low_pass:all_channels,2864601_0.409,original_f,ig_low_pass,signed_cell_sum,True,deliberately_off_manifold_diagnostic,True,fixed,all,1000,0.05610844410844411,-0.011181661946499496,0.12154108326929036,False,500,equilibrium_files,log10(zonal_phi2_amplitudes),False,True
s06_attribution,ig_low_pass:all_channels,2864601_0.409,original_f,ig_low_pass,signed_cell_sum,True,deliberately_off_manifold_diagnostic,True,fixed,stable_or_near_floor,23,-0.2826086956521739,-0.576722047878734,0.11631159285948155,False,500,equilibrium_files,log10(zonal_phi2_amplitudes),False,True
s06_attribution,ig_low_pass:all_channels,2864601_0.409,original_f,ig_low_pass,signed_cell_sum,True,deliberately_off_manifold_diagnostic,True,fixed,unstable,977,0.061593701807570296,-0.0039866566661868955,0.12408114622393153,False,500,equilibrium_files,log10(zonal_phi2_amplitudes),True,True
s06_attribution,periodic_mask:all_channels,2864601_0.437,original_f,periodic_mask,positive_cell_sum,False,deliberately_off_manifold_diagnostic,False,varied,all,1000,0.5296166176166176,0.4929705529987757,0.5610408412186035,True,500,equilibrium_files,log10(zonal_phi2_amplitudes),False,True
s06_attribution,periodic_mask:all_channels,2864601_0.437,original_f,periodic_mask,positive_cell_sum,False,deliberately_off_manifold_diagnostic,False,varied,stable_or_near_floor,240,-0.015899581589958158,-0.16147437624720481,0.11938385928548098,False,500,equilibrium_files,log10(zonal_phi2_amplitudes),False,True
s06_attribution,periodic_mask:all_channels,2864601_0.437,original_f,periodic_mask,positive_cell_sum,False,deliberately_off_manifold_diagnostic,False,varied,unstable,760,0.40150205282648743,0.3388997708052429,0.4565800123032668,True,500,equilibrium_files,log10(zonal_phi2_amplitudes),False,True
s06_attribution,periodic_mask:all_channels,2864601_0.437,original_f,periodic_mask,absolute_cell_sum,False,deliberately_off_manifold_diagnostic,False,varied,all,1000,0.5296166176166176,0.49297559427188703,0.5647173936464622,True,500,equilibrium_files,log10(zonal_phi2_amplitudes),False,True
s06_attribution,periodic_mask:all_channels,2864601_0.437,original_f,periodic_mask,absolute_cell_sum,False,deliberately_off_manifold_diagnostic,False,varied,stable_or_near_floor,240,-0.015899581589958158,-0.15374989614250759,0.12110587821489958,False,500,equilibrium_files,log10(zonal_phi2_amplitudes),False,True
s06_attribution,periodic_mask:all_channels,2864601_0.437,original_f,periodic_mask,absolute_cell_sum,False,deliberately_off_manifold_diagnostic,False,varied,unstable,760,0.40150205282648743,0.34156505476774784,0.4546441872752203,True,500,equilibrium_files,log10(zonal_phi2_amplitudes),False,True
s06_attribution,periodic_mask:all_channels,2864601_0.437,original_f,periodic_mask,top10pct_absolute_mass_fraction,False,deliberately_off_manifold_diagnostic,False,varied,all,1000,0.525037017037017,0.4771899328705151,0.5665696698875802,True,500,equilibrium_files,log10(zonal_phi2_amplitudes),False,True
s06_attribution,periodic_mask:all_channels,2864601_0.437,original_f,periodic_mask,top10pct_absolute_mass_fraction,False,deliberately_off_manifold_diagnostic,False,varied,stable_or_near_floor,240,0.07972273824198337,-0.04937743354656992,0.19971183126163544,False,500,equilibrium_files,log10(zonal_phi2_amplitudes),False,True
s06_attribution,periodic_mask:all_channels,2864601_0.437,original_f,periodic_mask,top10pct_absolute_mass_fraction,False,deliberately_off_manifold_diagnostic,False,varied,unstable,760,0.2922079249845618,0.22337310373546376,0.3557116326831494,True,500,equilibrium_files,log10(zonal_phi2_amplitudes),False,True
s06_attribution,periodic_mask:all_channels,2864601_0.437,original_f,periodic_mask,positive_cell_sum,False,deliberately_off_manifold_diagnostic,False,fixed,all,1000,0.08288747888747888,0.01883888393563907,0.14824362315993175,True,500,equilibrium_files,log10(zonal_phi2_amplitudes),False,True
s06_attribution,periodic_mask:all_channels,2864601_0.437,original_f,periodic_mask,positive_cell_sum,False,deliberately_off_manifold_diagnostic,False,fixed,stable_or_near_floor,23,-0.08794466403162056,-0.5320828357808071,0.33669493434811065,False,500,equilibrium_files,log10(zonal_phi2_amplitudes),False,True
s06_attribution,periodic_mask:all_channels,2864601_0.437,original_f,periodic_mask,positive_cell_sum,False,deliberately_off_manifold_diagnostic,False,fixed,unstable,977,0.03138118853720043,-0.034930758749573285,0.0986498165685669,False,500,equilibrium_files,log10(zonal_phi2_amplitudes),False,True
s06_attribution,periodic_mask:all_channels,2864601_0.437,original_f,periodic_mask,absolute_cell_sum,False,deliberately_off_manifold_diagnostic,False,fixed,all,1000,0.08288747888747888,0.01791117090201063,0.14519138106178744,True,500,equilibrium_files,log10(zonal_phi2_amplitudes),False,True
s06_attribution,periodic_mask:all_channels,2864601_0.437,original_f,periodic_mask,absolute_cell_sum,False,deliberately_off_manifold_diagnostic,False,fixed,stable_or_near_floor,23,-0.08794466403162056,-0.5110463593520709,0.3181313588850173,False,500,equilibrium_files,log10(zonal_phi2_amplitudes),False,True
s06_attribution,periodic_mask:all_channels,2864601_0.437,original_f,periodic_mask,absolute_cell_sum,False,deliberately_off_manifold_diagnostic,False,fixed,unstable,977,0.03138118853720043,-0.03197204658187065,0.0988491279412918,False,500,equilibrium_files,log10(zonal_phi2_amplitudes),False,True
s06_attribution,periodic_mask:all_channels,2864601_0.437,original_f,periodic_mask,top10pct_absolute_mass_fraction,False,deliberately_off_manifold_diagnostic,False,fixed,all,1000,0.09302484902484902,0.031194399464048884,0.16010898254427844,True,500,equilibrium_files,log10(zonal_phi2_amplitudes),False,True
s06_attribution,periodic_mask:all_channels,2864601_0.437,original_f,periodic_mask,top10pct_absolute_mass_fraction,False,deliberately_off_manifold_diagnostic,False,fixed,stable_or_near_floor,23,0.1274703557312253,-0.3567521843603061,0.5568337843612019,False,500,equilibrium_files,log10(zonal_phi2_amplitudes),False,True
s06_attribution,periodic_mask:all_channels,2864601_0.437,original_f,periodic_mask,top10pct_absolute_mass_fraction,False,deliberately_off_manifold_diagnostic,False,fixed,unstable,977,0.03891982148811172,-0.0322065526683994,0.10438261863243996,False,500,equilibrium_files,log10(zonal_phi2_amplitudes),False,True
s06_attribution,periodic_mask:all_channels,2864601_0.371,original_f,periodic_mask,positive_cell_sum,False,deliberately_off_manifold_diagnostic,False,varied,all,1000,0.44717037917037916,0.40164862578744154,0.48893865366191025,True,500,equilibrium_files,log10(zonal_phi2_amplitudes),False,True
s06_attribution,periodic_mask:all_channels,2864601_0.371,original_f,periodic_mask,positive_cell_sum,False,deliberately_off_manifold_diagnostic,False,varied,stable_or_near_floor,240,-0.04322731297418358,-0.17493883734409058,0.08853194650383203,False,500,equilibrium_files,log10(zonal_phi2_amplitudes),False,True
s06_attribution,periodic_mask:all_channels,2864601_0.371,original_f,periodic_mask,positive_cell_sum,False,deliberately_off_manifold_diagnostic,False,varied,unstable,760,0.32225658103176846,0.25749947936170364,0.3821093363184662,True,500,equilibrium_files,log10(zonal_phi2_amplitudes),False,True
s06_attribution,periodic_mask:all_channels,2864601_0.371,original_f,periodic_mask,absolute_cell_sum,False,deliberately_off_manifold_diagnostic,False,varied,all,1000,0.44717037917037916,0.40083562054012406,0.49087602659934204,True,500,equilibrium_files,log10(zonal_phi2_amplitudes),False,True
s06_attribution,periodic_mask:all_channels,2864601_0.371,original_f,periodic_mask,absolute_cell_sum,False,deliberately_off_manifold_diagnostic,False,varied,stable_or_near_floor,240,-0.04322731297418358,-0.19205801970954028,0.1000751456779746,False,500,equilibrium_files,log10(zonal_phi2_amplitudes),False,True
s06_attribution,periodic_mask:all_channels,2864601_0.371,original_f,periodic_mask,absolute_cell_sum,False,deliberately_off_manifold_diagnostic,False,varied,unstable,760,0.32225658103176846,0.2521847281168569,0.3785640495608118,True,500,equilibrium_files,log10(zonal_phi2_amplitudes),False,True
s06_attribution,periodic_mask:all_channels,2864601_0.371,original_f,periodic_mask,top10pct_absolute_mass_fraction,False,deliberately_off_manifold_diagnostic,False,varied,all,1000,0.4828173748173748,0.43251313012899495,0.528924981931361,True,500,equilibrium_files,log10(zonal_phi2_amplitudes),False,True
s06_attribution,periodic_mask:all_channels,2864601_0.371,original_f,periodic_mask,top10pct_absolute_mass_fraction,False,deliberately_off_manifold_diagnostic,False,varied,stable_or_near_floor,240,0.06957499262139968,-0.06619845233143841,0.21394347027406427,False,500,equilibrium_files,log10(zonal_phi2_amplitudes),False,True
s06_attribution,periodic_mask:all_channels,2864601_0.371,original_f,periodic_mask,top10pct_absolute_mass_fraction,False,deliberately_off_manifold_diagnostic,False,varied,unstable,760,0.23005639224663332,0.1611703371493566,0.29368963600838016,True,500,equilibrium_files,log10(zonal_phi2_amplitudes),False,True
s06_attribution,periodic_mask:all_channels,2864601_0.371,original_f,periodic_mask,positive_cell_sum,False,deliberately_off_manifold_diagnostic,False,fixed,all,1000,0.020613548613548614,-0.04311187503893228,0.08146781584163748,False,500,equilibrium_files,log10(zonal_phi2_amplitudes),False,True
s06_attribution,periodic_mask:all_channels,2864601_0.371,original_f,periodic_mask,positive_cell_sum,False,deliberately_off_manifold_diagnostic,False,fixed,stable_or_near_floor,23,0.030632411067193676,-0.4021451085447304,0.42513788098693717,False,500,equilibrium_files,log10(zonal_phi2_amplitudes),False,True
s06_attribution,periodic_mask:all_channels,2864601_0.371,original_f,periodic_mask,positive_cell_sum,False,deliberately_off_manifold_diagnostic,False,fixed,unstable,977,0.015489081006362674,-0.04429692248869823,0.07362386324549305,False,500,equilibrium_files,log10(zonal_phi2_amplitudes),False,True
s06_attribution,periodic_mask:all_channels,2864601_0.371,original_f,periodic_mask,absolute_cell_sum,False,deliberately_off_manifold_diagnostic,False,fixed,all,1000,0.020613548613548614,-0.047650361903445446,0.08490558791152712,False,500,equilibrium_files,log10(zonal_phi2_amplitudes),False,True
s06_attribution,periodic_mask:all_channels,2864601_0.371,original_f,periodic_mask,absolute_cell_sum,False,deliberately_off_manifold_diagnostic,False,fixed,stable_or_near_floor,23,0.030632411067193676,-0.4364951406543318,0.4697794351237465,False,500,equilibrium_files,log10(zonal_phi2_amplitudes),False,True
s06_attribution,periodic_mask:all_channels,2864601_0.371,original_f,periodic_mask,absolute_cell_sum,False,deliberately_off_manifold_diagnostic,False,fixed,unstable,977,0.015489081006362674,-0.04845637626497917,0.08464636019155995,False,500,equilibrium_files,log10(zonal_phi2_amplitudes),False,True
s06_attribution,periodic_mask:all_channels,2864601_0.371,original_f,periodic_mask,top10pct_absolute_mass_fraction,False,deliberately_off_manifold_diagnostic,False,fixed,all,1000,0.11535265935265936,0.05031973313124189,0.18481279124840502,True,500,equilibrium_files,log10(zonal_phi2_amplitudes),False,True
s06_attribution,periodic_mask:all_channels,2864601_0.371,original_f,periodic_mask,top10pct_absolute_mass_fraction,False,deliberately_off_manifold_diagnostic,False,fixed,stable_or_near_floor,23,0.32707509881422925,-0.10584734866438934,0.7047623829225199,False,500,equilibrium_files,log10(zonal_phi2_amplitudes),False,True
s06_attribution,periodic_mask:all_channels,2864601_0.371,original_f,periodic_mask,top10pct_absolute_mass_fraction,False,deliberately_off_manifold_diagnostic,False,fixed,unstable,977,0.0913733228223803,0.02551925509322227,0.16866587808449462,True,500,equilibrium_files,log10(zonal_phi2_amplitudes),False,True
s06_attribution,periodic_mask:all_channels,2864601_0.409,original_f,periodic_mask,positive_cell_sum,False,deliberately_off_manifold_diagnostic,False,varied,all,1000,0.5641296721296721,0.5208995381538349,0.6002401849547819,True,500,equilibrium_files,log10(zonal_phi2_amplitudes),False,True
s06_attribution,periodic_mask:all_channels,2864601_0.409,original_f,periodic_mask,positive_cell_sum,False,deliberately_off_manifold_diagnostic,False,varied,stable_or_near_floor,240,0.15287070956092988,0.019284551614111526,0.27272190754576214,True,500,equilibrium_files,log10(zonal_phi2_amplitudes),False,True
s06_attribution,periodic_mask:all_channels,2864601_0.409,original_f,periodic_mask,positive_cell_sum,False,deliberately_off_manifold_diagnostic,False,varied,unstable,760,0.4359988321892597,0.37254773258359686,0.4927112405177565,True,500,equilibrium_files,log10(zonal_phi2_amplitudes),False,True
s06_attribution,periodic_mask:all_channels,2864601_0.409,original_f,periodic_mask,absolute_cell_sum,False,deliberately_off_manifold_diagnostic,False,varied,all,1000,0.5641296721296721,0.5319702313833571,0.5956185005756977,True,500,equilibrium_files,log10(zonal_phi2_amplitudes),False,True
s06_attribution,periodic_mask:all_channels,2864601_0.409,original_f,periodic_mask,absolute_cell_sum,False,deliberately_off_manifold_diagnostic,False,varied,stable_or_near_floor,240,0.15287070956092988,0.023583074631055558,0.2836009972427546,True,500,equilibrium_files,log10(zonal_phi2_amplitudes),False,True
s06_attribution,periodic_mask:all_channels,2864601_0.409,original_f,periodic_mask,absolute_cell_sum,False,deliberately_off_manifold_diagnostic,False,varied,unstable,760,0.4359988321892597,0.3792181861698398,0.49622511034603106,True,500,equilibrium_files,log10(zonal_phi2_amplitudes),False,True
s06_attribution,periodic_mask:all_channels,2864601_0.409,original_f,periodic_mask,top10pct_absolute_mass_fraction,False,deliberately_off_manifold_diagnostic,False,varied,all,1000,0.46424368424368423,0.40941130628586736,0.5107927540694097,True,500,equilibrium_files,log10(zonal_phi2_amplitudes),False,True
s06_attribution,periodic_mask:all_channels,2864601_0.409,original_f,periodic_mask,top10pct_absolute_mass_fraction,False,deliberately_off_manifold_diagnostic,False,varied,stable_or_near_floor,240,0.2187564020208684,0.07571896735598273,0.34433764207966017,True,500,equilibrium_files,log10(zonal_phi2_amplitudes),False,True
s06_attribution,periodic_mask:all_channels,2864601_0.409,original_f,periodic_mask,top10pct_absolute_mass_fraction,False,deliberately_off_manifold_diagnostic,False,varied,unstable,760,0.20733112874430001,0.1469133848489058,0.29246890726155594,True,500,equilibrium_files,log10(zonal_phi2_amplitudes),False,True
s06_attribution,periodic_mask:all_channels,2864601_0.409,original_f,periodic_mask,positive_cell_sum,False,deliberately_off_manifold_diagnostic,False,fixed,all,1000,0.07704184104184104,0.006057128100675973,0.14186062081722178,True,500,equilibrium_files,log10(zonal_phi2_amplitudes),False,True
s06_attribution,periodic_mask:all_channels,2864601_0.409,original_f,periodic_mask,positive_cell_sum,False,deliberately_off_manifold_diagnostic,False,fixed,stable_or_near_floor,23,0.15217391304347827,-0.2356459229277342,0.5702037773359839,False,500,equilibrium_files,log10(zonal_phi2_amplitudes),False,True
s06_attribution,periodic_mask:all_channels,2864601_0.409,original_f,periodic_mask,positive_cell_sum,False,deliberately_off_manifold_diagnostic,False,fixed,unstable,977,0.05879538188555009,-0.010719601052076588,0.1287505641720724,False,500,equilibrium_files,log10(zonal_phi2_amplitudes),False,True
s06_attribution,periodic_mask:all_channels,2864601_0.409,original_f,periodic_mask,absolute_cell_sum,False,deliberately_off_manifold_diagnostic,False,fixed,all,1000,0.07704184104184104,0.012233628581935914,0.13401157831300692,True,500,equilibrium_files,log10(zonal_phi2_amplitudes),False,True
s06_attribution,periodic_mask:all_channels,2864601_0.409,original_f,periodic_mask,absolute_cell_sum,False,deliberately_off_manifold_diagnostic,False,fixed,stable_or_near_floor,23,0.15217391304347827,-0.277775012444002,0.5614838714205005,False,500,equilibrium_files,log10(zonal_phi2_amplitudes),False,True
s06_attribution,periodic_mask:all_channels,2864601_0.409,original_f,periodic_mask,absolute_cell_sum,False,deliberately_off_manifold_diagnostic,False,fixed,unstable,977,0.05879538188555009,-0.00661312621368001,0.11846760719299396,False,500,equilibrium_files,log10(zonal_phi2_amplitudes),False,True
s06_attribution,periodic_mask:all_channels,2864601_0.409,original_f,periodic_mask,top10pct_absolute_mass_fraction,False,deliberately_off_manifold_diagnostic,False,fixed,all,1000,0.09802105402105402,0.04070388338168287,0.1585334448797905,True,500,equilibrium_files,log10(zonal_phi2_amplitudes),False,True
s06_attribution,periodic_mask:all_channels,2864601_0.409,original_f,periodic_mask,top10pct_absolute_mass_fraction,False,deliberately_off_manifold_diagnostic,False,fixed,stable_or_near_floor,23,0.3804347826086957,-0.07137039854199859,0.7428915503489532,False,500,equilibrium_files,log10(zonal_phi2_amplitudes),False,True
s06_attribution,periodic_mask:all_channels,2864601_0.409,original_f,periodic_mask,top10pct_absolute_mass_fraction,False,deliberately_off_manifold_diagnostic,False,fixed,unstable,977,0.07902108291571065,0.017534538365590314,0.13696710375102777,True,500,equilibrium_files,log10(zonal_phi2_amplitudes),False,True
s06_attribution,ig_low_pass:all_channels,2864601_0.437,invariant_tilde_f,ig_low_pass,positive_cell_sum,True,deliberately_off_manifold_diagnostic,True,varied,all,1000,0.31105997905997906,0.2422392118865067,0.37452265478471763,True,500,equilibrium_files,log10(zonal_phi2_amplitudes),False,True
s06_attribution,ig_low_pass:all_channels,2864601_0.437,invariant_tilde_f,ig_low_pass,positive_cell_sum,True,deliberately_off_manifold_diagnostic,True,varied,stable_or_near_floor,240,0.2247478254830813,0.09696782535907374,0.3445790572599985,True,500,equilibrium_files,log10(zonal_phi2_amplitudes),False,True
s06_attribution,ig_low_pass:all_channels,2864601_0.437,invariant_tilde_f,ig_low_pass,positive_cell_sum,True,deliberately_off_manifold_diagnostic,True,varied,unstable,760,-0.14452081625378232,-0.21742555709189126,-0.06859345955339162,True,500,equilibrium_files,log10(zonal_phi2_amplitudes),True,True
s06_attribution,ig_low_pass:all_channels,2864601_0.437,invariant_tilde_f,ig_low_pass,absolute_cell_sum,True,deliberately_off_manifold_diagnostic,True,varied,all,1000,0.3118187878187878,0.2515772681559888,0.36911794996906555,True,500,equilibrium_files,log10(zonal_phi2_amplitudes),False,True
s06_attribution,ig_low_pass:all_channels,2864601_0.437,invariant_tilde_f,ig_low_pass,absolute_cell_sum,True,deliberately_off_manifold_diagnostic,True,varied,stable_or_near_floor,240,0.23258042674351986,0.10071097127702036,0.35066535037750207,True,500,equilibrium_files,log10(zonal_phi2_amplitudes),False,True
s06_attribution,ig_low_pass:all_channels,2864601_0.437,invariant_tilde_f,ig_low_pass,absolute_cell_sum,True,deliberately_off_manifold_diagnostic,True,varied,unstable,760,-0.14403256092530412,-0.21189780366605943,-0.07466820293298954,True,500,equilibrium_files,log10(zonal_phi2_amplitudes),True,True
s06_attribution,ig_low_pass:all_channels,2864601_0.437,invariant_tilde_f,ig_low_pass,top10pct_absolute_mass_fraction,True,deliberately_off_manifold_diagnostic,True,varied,all,1000,0.021254421254421254,-0.039666919539777676,0.087598404904865,False,500,equilibrium_files,log10(zonal_phi2_amplitudes),False,True
s06_attribution,ig_low_pass:all_channels,2864601_0.437,invariant_tilde_f,ig_low_pass,top10pct_absolute_mass_fraction,True,deliberately_off_manifold_diagnostic,True,varied,stable_or_near_floor,240,-0.15109984548342853,-0.2571096960190999,-0.009124471866995394,True,500,equilibrium_files,log10(zonal_phi2_amplitudes),False,True
s06_attribution,ig_low_pass:all_channels,2864601_0.437,invariant_tilde_f,ig_low_pass,top10pct_absolute_mass_fraction,True,deliberately_off_manifold_diagnostic,True,varied,unstable,760,-0.009123603417814636,-0.08332360564523898,0.056836466320665135,False,500,equilibrium_files,log10(zonal_phi2_amplitudes),True,True
s06_attribution,ig_low_pass:all_channels,2864601_0.437,invariant_tilde_f,ig_low_pass,signed_cell_sum,True,deliberately_off_manifold_diagnostic,True,varied,all,1000,0.03819060219060219,-0.025084216013732053,0.10084716680467057,False,500,equilibrium_files,log10(zonal_phi2_amplitudes),False,True
s06_attribution,ig_low_pass:all_channels,2864601_0.437,invariant_tilde_f,ig_low_pass,signed_cell_sum,True,deliberately_off_manifold_diagnostic,True,varied,stable_or_near_floor,240,0.08876022153162381,-0.05060857064534536,0.22652534714151232,False,500,equilibrium_files,log10(zonal_phi2_amplitudes),False,True
s06_attribution,ig_low_pass:all_channels,2864601_0.437,invariant_tilde_f,ig_low_pass,signed_cell_sum,True,deliberately_off_manifold_diagnostic,True,varied,unstable,760,-0.026423002809907913,-0.10224597396628855,0.049527824241925845,False,500,equilibrium_files,log10(zonal_phi2_amplitudes),True,True
s06_attribution,ig_low_pass:all_channels,2864601_0.437,invariant_tilde_f,ig_low_pass,positive_cell_sum,True,deliberately_off_manifold_diagnostic,True,fixed,all,1000,-0.11792672192672193,-0.1887718548326567,-0.057954577187021045,True,500,equilibrium_files,log10(zonal_phi2_amplitudes),False,True
s06_attribution,ig_low_pass:all_channels,2864601_0.437,invariant_tilde_f,ig_low_pass,positive_cell_sum,True,deliberately_off_manifold_diagnostic,True,fixed,stable_or_near_floor,23,0.4535573122529644,0.10310164424514201,0.7264689073731798,True,500,equilibrium_files,log10(zonal_phi2_amplitudes),False,True
s06_attribution,ig_low_pass:all_channels,2864601_0.437,invariant_tilde_f,ig_low_pass,positive_cell_sum,True,deliberately_off_manifold_diagnostic,True,fixed,unstable,977,-0.17933410305682,-0.2411664442134763,-0.11815491751597074,True,500,equilibrium_files,log10(zonal_phi2_amplitudes),True,True
s06_attribution,ig_low_pass:all_channels,2864601_0.437,invariant_tilde_f,ig_low_pass,absolute_cell_sum,True,deliberately_off_manifold_diagnostic,True,fixed,all,1000,-0.12418326418326418,-0.18588496782005512,-0.06351550744601725,True,500,equilibrium_files,log10(zonal_phi2_amplitudes),False,True
s06_attribution,ig_low_pass:all_channels,2864601_0.437,invariant_tilde_f,ig_low_pass,absolute_cell_sum,True,deliberately_off_manifold_diagnostic,True,fixed,stable_or_near_floor,23,0.45948616600790515,0.07018413413855239,0.7297999737424509,True,500,equilibrium_files,log10(zonal_phi2_amplitudes),False,True
s06_attribution,ig_low_pass:all_channels,2864601_0.437,invariant_tilde_f,ig_low_pass,absolute_cell_sum,True,deliberately_off_manifold_diagnostic,True,fixed,unstable,977,-0.1859968118171222,-0.24291719506855436,-0.12695436993950668,True,500,equilibrium_files,log10(zonal_phi2_amplitudes),True,True
s06_attribution,ig_low_pass:all_channels,2864601_0.437,invariant_tilde_f,ig_low_pass,top10pct_absolute_mass_fraction,True,deliberately_off_manifold_diagnostic,True,fixed,all,1000,-0.14672214272214273,-0.2094291303651218,-0.07464275376606276,True,500,equilibrium_files,log10(zonal_phi2_amplitudes),False,True
s06_attribution,ig_low_pass:all_channels,2864601_0.437,invariant_tilde_f,ig_low_pass,top10pct_absolute_mass_fraction,True,deliberately_off_manifold_diagnostic,True,fixed,stable_or_near_floor,23,0.32608695652173914,-0.1722027314283564,0.6735592343149318,False,500,equilibrium_files,log10(zonal_phi2_amplitudes),False,True
s06_attribution,ig_low_pass:all_channels,2864601_0.437,invariant_tilde_f,ig_low_pass,top10pct_absolute_mass_fraction,True,deliberately_off_manifold_diagnostic,True,fixed,unstable,977,-0.1507973004982031,-0.21177281490896277,-0.09041249839405091,True,500,equilibrium_files,log10(zonal_phi2_amplitudes),True,True
s06_attribution,ig_low_pass:all_channels,2864601_0.437,invariant_tilde_f,ig_low_pass,signed_cell_sum,True,deliberately_off_manifold_diagnostic,True,fixed,all,1000,0.047285975285975286,-0.01286545571392566,0.10996729179537836,False,500,equilibrium_files,log10(zonal_phi2_amplitudes),False,True
s06_attribution,ig_low_pass:all_channels,2864601_0.437,invariant_tilde_f,ig_low_pass,signed_cell_sum,True,deliberately_off_manifold_diagnostic,True,fixed,stable_or_near_floor,23,0.08893280632411067,-0.37134240951825453,0.5107864281407274,False,500,equilibrium_files,log10(zonal_phi2_amplitudes),False,True
s06_attribution,ig_low_pass:all_channels,2864601_0.437,invariant_tilde_f,ig_low_pass,signed_cell_sum,True,deliberately_off_manifold_diagnostic,True,fixed,unstable,977,0.04792470613716197,-0.01776265544117869,0.11359741695693895,False,500,equilibrium_files,log10(zonal_phi2_amplitudes),True,True
s06_attribution,ig_low_pass:all_channels,2864601_0.371,invariant_tilde_f,ig_low_pass,positive_cell_sum,True,deliberately_off_manifold_diagnostic,True,varied,all,1000,0.3078912078912079,0.2426766323935015,0.3704917411726592,True,500,equilibrium_files,log10(zonal_phi2_amplitudes),False,True
s06_attribution,ig_low_pass:all_channels,2864601_0.371,invariant_tilde_f,ig_low_pass,positive_cell_sum,True,deliberately_off_manifold_diagnostic,True,varied,stable_or_near_floor,240,0.30684126460528827,0.18051380843449644,0.4170758798641991,True,500,equilibrium_files,log10(zonal_phi2_amplitudes),False,True
s06_attribution,ig_low_pass:all_channels,2864601_0.371,invariant_tilde_f,ig_low_pass,positive_cell_sum,True,deliberately_off_manifold_diagnostic,True,varied,unstable,760,-0.15806260963602412,-0.22632839737243285,-0.08661194829718284,True,500,equilibrium_files,log10(zonal_phi2_amplitudes),True,True
s06_attribution,ig_low_pass:all_channels,2864601_0.371,invariant_tilde_f,ig_low_pass,absolute_cell_sum,True,deliberately_off_manifold_diagnostic,True,varied,all,1000,0.308029472029472,0.2387142216804673,0.37887638344022223,True,500,equilibrium_files,log10(zonal_phi2_amplitudes),False,True
s06_attribution,ig_low_pass:all_channels,2864601_0.371,invariant_tilde_f,ig_low_pass,absolute_cell_sum,True,deliberately_off_manifold_diagnostic,True,varied,stable_or_near_floor,240,0.308909008836959,0.1748921745097263,0.4270935097171934,True,500,equilibrium_files,log10(zonal_phi2_amplitudes),False,True
s06_attribution,ig_low_pass:all_channels,2864601_0.371,invariant_tilde_f,ig_low_pass,absolute_cell_sum,True,deliberately_off_manifold_diagnostic,True,varied,unstable,760,-0.1591408663504575,-0.2353492676059972,-0.0885561031765473,True,500,equilibrium_files,log10(zonal_phi2_amplitudes),True,True
s06_attribution,ig_low_pass:all_channels,2864601_0.371,invariant_tilde_f,ig_low_pass,top10pct_absolute_mass_fraction,True,deliberately_off_manifold_diagnostic,True,varied,all,1000,0.009083265083265082,-0.05443648141844546,0.06502657249521811,False,500,equilibrium_files,log10(zonal_phi2_amplitudes),False,True
s06_attribution,ig_low_pass:all_channels,2864601_0.371,invariant_tilde_f,ig_low_pass,top10pct_absolute_mass_fraction,True,deliberately_off_manifold_diagnostic,True,varied,stable_or_near_floor,240,-0.16740915640896542,-0.2893616446517111,-0.047360096731355265,True,500,equilibrium_files,log10(zonal_phi2_amplitudes),False,True
s06_attribution,ig_low_pass:all_channels,2864601_0.371,invariant_tilde_f,ig_low_pass,top10pct_absolute_mass_fraction,True,deliberately_off_manifold_diagnostic,True,varied,unstable,760,0.011122850573531209,-0.06068728833560995,0.0841013692216465,False,500,equilibrium_files,log10(zonal_phi2_amplitudes),True,True
s06_attribution,ig_low_pass:all_channels,2864601_0.371,invariant_tilde_f,ig_low_pass,signed_cell_sum,True,deliberately_off_manifold_diagnostic,True,varied,all,1000,-0.016177672177672176,-0.06975423864900338,0.04070830681315906,False,500,equilibrium_files,log10(zonal_phi2_amplitudes),False,True
s06_attribution,ig_low_pass:all_channels,2864601_0.371,invariant_tilde_f,ig_low_pass,signed_cell_sum,True,deliberately_off_manifold_diagnostic,True,varied,stable_or_near_floor,240,-0.000944460841334051,-0.12662326113135478,0.14858768218931184,False,500,equilibrium_files,log10(zonal_phi2_amplitudes),False,True
s06_attribution,ig_low_pass:all_channels,2864601_0.371,invariant_tilde_f,ig_low_pass,signed_cell_sum,True,deliberately_off_manifold_diagnostic,True,varied,unstable,760,-0.032307434925031304,-0.1048231899174821,0.040415799655107255,False,500,equilibrium_files,log10(zonal_phi2_amplitudes),True,True
s06_attribution,ig_low_pass:all_channels,2864601_0.371,invariant_tilde_f,ig_low_pass,positive_cell_sum,True,deliberately_off_manifold_diagnostic,True,fixed,all,1000,-0.10829330429330429,-0.16818123355921397,-0.04309565499591681,True,500,equilibrium_files,log10(zonal_phi2_amplitudes),False,True
s06_attribution,ig_low_pass:all_channels,2864601_0.371,invariant_tilde_f,ig_low_pass,positive_cell_sum,True,deliberately_off_manifold_diagnostic,True,fixed,stable_or_near_floor,23,0.44960474308300397,0.10475182273307335,0.7354296693705363,True,500,equilibrium_files,log10(zonal_phi2_amplitudes),False,True
s06_attribution,ig_low_pass:all_channels,2864601_0.371,invariant_tilde_f,ig_low_pass,positive_cell_sum,True,deliberately_off_manifold_diagnostic,True,fixed,unstable,977,-0.1749479839589241,-0.23327144291438442,-0.11841481045519854,True,500,equilibrium_files,log10(zonal_phi2_amplitudes),True,True
s06_attribution,ig_low_pass:all_channels,2864601_0.371,invariant_tilde_f,ig_low_pass,absolute_cell_sum,True,deliberately_off_manifold_diagnostic,True,fixed,all,1000,-0.1153032673032673,-0.17442693577071525,-0.050875945819931545,True,500,equilibrium_files,log10(zonal_phi2_amplitudes),False,True
s06_attribution,ig_low_pass:all_channels,2864601_0.371,invariant_tilde_f,ig_low_pass,absolute_cell_sum,True,deliberately_off_manifold_diagnostic,True,fixed,stable_or_near_floor,23,0.4575098814229249,0.07734959864021539,0.7380316313826242,True,500,equilibrium_files,log10(zonal_phi2_amplitudes),False,True
s06_attribution,ig_low_pass:all_channels,2864601_0.371,invariant_tilde_f,ig_low_pass,absolute_cell_sum,True,deliberately_off_manifold_diagnostic,True,fixed,unstable,977,-0.18112419398555388,-0.24578801174656403,-0.12294398648821434,True,500,equilibrium_files,log10(zonal_phi2_amplitudes),True,True
s06_attribution,ig_low_pass:all_channels,2864601_0.371,invariant_tilde_f,ig_low_pass,top10pct_absolute_mass_fraction,True,deliberately_off_manifold_diagnostic,True,fixed,all,1000,-0.13884808284808284,-0.1963154228692994,-0.07868798182679261,True,500,equilibrium_files,log10(zonal_phi2_amplitudes),False,True
s06_attribution,ig_low_pass:all_channels,2864601_0.371,invariant_tilde_f,ig_low_pass,top10pct_absolute_mass_fraction,True,deliberately_off_manifold_diagnostic,True,fixed,stable_or_near_floor,23,0.017786561264822136,-0.46964367891657355,0.4484454370594957,False,500,equilibrium_files,log10(zonal_phi2_amplitudes),False,True
s06_attribution,ig_low_pass:all_channels,2864601_0.371,invariant_tilde_f,ig_low_pass,top10pct_absolute_mass_fraction,True,deliberately_off_manifold_diagnostic,True,fixed,unstable,977,-0.13817670651063158,-0.19663489220164276,-0.07495880051440909,True,500,equilibrium_files,log10(zonal_phi2_amplitudes),True,True
s06_attribution,ig_low_pass:all_channels,2864601_0.371,invariant_tilde_f,ig_low_pass,signed_cell_sum,True,deliberately_off_manifold_diagnostic,True,fixed,all,1000,0.08654216654216654,0.029100657502156513,0.14806206098085514,True,500,equilibrium_files,log10(zonal_phi2_amplitudes),False,True
s06_attribution,ig_low_pass:all_channels,2864601_0.371,invariant_tilde_f,ig_low_pass,signed_cell_sum,True,deliberately_off_manifold_diagnostic,True,fixed,stable_or_near_floor,23,-0.34288537549407117,-0.7550164780234968,0.13773744069250327,False,500,equilibrium_files,log10(zonal_phi2_amplitudes),False,True
s06_attribution,ig_low_pass:all_channels,2864601_0.371,invariant_tilde_f,ig_low_pass,signed_cell_sum,True,deliberately_off_manifold_diagnostic,True,fixed,unstable,977,0.08497782292537268,0.015678831236095505,0.1562709635675306,True,500,equilibrium_files,log10(zonal_phi2_amplitudes),True,True
s06_attribution,ig_low_pass:all_channels,2864601_0.409,invariant_tilde_f,ig_low_pass,positive_cell_sum,True,deliberately_off_manifold_diagnostic,True,varied,all,1000,0.28752345552345554,0.22790540565716746,0.3462460917959551,True,500,equilibrium_files,log10(zonal_phi2_amplitudes),False,True
s06_attribution,ig_low_pass:all_channels,2864601_0.409,invariant_tilde_f,ig_low_pass,positive_cell_sum,True,deliberately_off_manifold_diagnostic,True,varied,stable_or_near_floor,240,0.21555756176322505,0.08305587487918605,0.3421415828734251,True,500,equilibrium_files,log10(zonal_phi2_amplitudes),False,True
s06_attribution,ig_low_pass:all_channels,2864601_0.409,invariant_tilde_f,ig_low_pass,positive_cell_sum,True,deliberately_off_manifold_diagnostic,True,varied,unstable,760,-0.13238036842351292,-0.20516717392062614,-0.06867775422989608,True,500,equilibrium_files,log10(zonal_phi2_amplitudes),True,True
s06_attribution,ig_low_pass:all_channels,2864601_0.409,invariant_tilde_f,ig_low_pass,absolute_cell_sum,True,deliberately_off_manifold_diagnostic,True,varied,all,1000,0.2885775965775966,0.23294532548488936,0.3527660718187163,True,500,equilibrium_files,log10(zonal_phi2_amplitudes),False,True
s06_attribution,ig_low_pass:all_channels,2864601_0.409,invariant_tilde_f,ig_low_pass,absolute_cell_sum,True,deliberately_off_manifold_diagnostic,True,varied,stable_or_near_floor,240,0.21060087848747375,0.09063534286543143,0.3303489357470976,True,500,equilibrium_files,log10(zonal_phi2_amplitudes),False,True
s06_attribution,ig_low_pass:all_channels,2864601_0.409,invariant_tilde_f,ig_low_pass,absolute_cell_sum,True,deliberately_off_manifold_diagnostic,True,varied,unstable,760,-0.13142504347170014,-0.20324314241778424,-0.05184031229375983,True,500,equilibrium_files,log10(zonal_phi2_amplitudes),True,True
s06_attribution,ig_low_pass:all_channels,2864601_0.409,invariant_tilde_f,ig_low_pass,top10pct_absolute_mass_fraction,True,deliberately_off_manifold_diagnostic,True,varied,all,1000,0.056002544002544,-0.010058840691446325,0.12194723686685528,False,500,equilibrium_files,log10(zonal_phi2_amplitudes),False,True
s06_attribution,ig_low_pass:all_channels,2864601_0.409,invariant_tilde_f,ig_low_pass,top10pct_absolute_mass_fraction,True,deliberately_off_manifold_diagnostic,True,varied,stable_or_near_floor,240,-0.15807566103578188,-0.2641797264492472,-0.03417475987563921,True,500,equilibrium_files,log10(zonal_phi2_amplitudes),False,True
s06_attribution,ig_low_pass:all_channels,2864601_0.409,invariant_tilde_f,ig_low_pass,top10pct_absolute_mass_fraction,True,deliberately_off_manifold_diagnostic,True,varied,unstable,760,0.05932265336878682,-0.008682624141172343,0.12769109242272575,False,500,equilibrium_files,log10(zonal_phi2_amplitudes),True,True
s06_attribution,ig_low_pass:all_channels,2864601_0.409,invariant_tilde_f,ig_low_pass,signed_cell_sum,True,deliberately_off_manifold_diagnostic,True,varied,all,1000,0.015168843168843168,-0.03977004050901819,0.07916609814588389,False,500,equilibrium_files,log10(zonal_phi2_amplitudes),False,True
s06_attribution,ig_low_pass:all_channels,2864601_0.409,invariant_tilde_f,ig_low_pass,signed_cell_sum,True,deliberately_off_manifold_diagnostic,True,varied,stable_or_near_floor,240,0.03941735099567701,-0.11712810328767688,0.18386184456472865,False,500,equilibrium_files,log10(zonal_phi2_amplitudes),False,True
s06_attribution,ig_low_pass:all_channels,2864601_0.409,invariant_tilde_f,ig_low_pass,signed_cell_sum,True,deliberately_off_manifold_diagnostic,True,varied,unstable,760,-0.05388282036134885,-0.13235625784395802,0.02968764449135647,False,500,equilibrium_files,log10(zonal_phi2_amplitudes),True,True
s06_attribution,ig_low_pass:all_channels,2864601_0.409,invariant_tilde_f,ig_low_pass,positive_cell_sum,True,deliberately_off_manifold_diagnostic,True,fixed,all,1000,-0.08568692568692568,-0.1476180942483564,-0.02300680711991342,True,500,equilibrium_files,log10(zonal_phi2_amplitudes),False,True
s06_attribution,ig_low_pass:all_channels,2864601_0.409,invariant_tilde_f,ig_low_pass,positive_cell_sum,True,deliberately_off_manifold_diagnostic,True,fixed,stable_or_near_floor,23,0.10968379446640317,-0.3718001212010908,0.553142043262811,False,500,equilibrium_files,log10(zonal_phi2_amplitudes),False,True
s06_attribution,ig_low_pass:all_channels,2864601_0.409,invariant_tilde_f,ig_low_pass,positive_cell_sum,True,deliberately_off_manifold_diagnostic,True,fixed,unstable,977,-0.13769125005365795,-0.20399329027963967,-0.07953471852834397,True,500,equilibrium_files,log10(zonal_phi2_amplitudes),True,True
s06_attribution,ig_low_pass:all_channels,2864601_0.409,invariant_tilde_f,ig_low_pass,absolute_cell_sum,True,deliberately_off_manifold_diagnostic,True,fixed,all,1000,-0.09433252633252633,-0.1597509960940963,-0.02665512460867652,True,500,equilibrium_files,log10(zonal_phi2_amplitudes),False,True
s06_attribution,ig_low_pass:all_channels,2864601_0.409,invariant_tilde_f,ig_low_pass,absolute_cell_sum,True,deliberately_off_manifold_diagnostic,True,fixed,stable_or_near_floor,23,0.14525691699604742,-0.31364918435336103,0.5819922131147539,False,500,equilibrium_files,log10(zonal_phi2_amplitudes),False,True
s06_attribution,ig_low_pass:all_channels,2864601_0.409,invariant_tilde_f,ig_low_pass,absolute_cell_sum,True,deliberately_off_manifold_diagnostic,True,fixed,unstable,977,-0.1474899377835443,-0.2095929473519585,-0.08115415546786903,True,500,equilibrium_files,log10(zonal_phi2_amplitudes),True,True
s06_attribution,ig_low_pass:all_channels,2864601_0.409,invariant_tilde_f,ig_low_pass,top10pct_absolute_mass_fraction,True,deliberately_off_manifold_diagnostic,True,fixed,all,1000,-0.1353895713895714,-0.1921234301551426,-0.0775786524446773,True,500,equilibrium_files,log10(zonal_phi2_amplitudes),False,True
s06_attribution,ig_low_pass:all_channels,2864601_0.409,invariant_tilde_f,ig_low_pass,top10pct_absolute_mass_fraction,True,deliberately_off_manifold_diagnostic,True,fixed,stable_or_near_floor,23,-0.06620553359683795,-0.5128151643463904,0.36670041148367727,False,500,equilibrium_files,log10(zonal_phi2_amplitudes),False,True
s06_attribution,ig_low_pass:all_channels,2864601_0.409,invariant_tilde_f,ig_low_pass,top10pct_absolute_mass_fraction,True,deliberately_off_manifold_diagnostic,True,fixed,unstable,977,-0.13725586148106644,-0.19421081053434863,-0.07196070314585508,True,500,equilibrium_files,log10(zonal_phi2_amplitudes),True,True
s06_attribution,ig_low_pass:all_channels,2864601_0.409,invariant_tilde_f,ig_low_pass,signed_cell_sum,True,deliberately_off_manifold_diagnostic,True,fixed,all,1000,0.03023075423075423,-0.03947396673149417,0.09819068662231063,False,500,equilibrium_files,log10(zonal_phi2_amplitudes),False,True
s06_attribution,ig_low_pass:all_channels,2864601_0.409,invariant_tilde_f,ig_low_pass,signed_cell_sum,True,deliberately_off_manifold_diagnostic,True,fixed,stable_or_near_floor,23,-0.18181818181818182,-0.5340156832034588,0.2323667516948037,False,500,equilibrium_files,log10(zonal_phi2_amplitudes),False,True
s06_attribution,ig_low_pass:all_channels,2864601_0.409,invariant_tilde_f,ig_low_pass,signed_cell_sum,True,deliberately_off_manifold_diagnostic,True,fixed,unstable,977,0.037169105456887265,-0.02890366492060911,0.11235372590618553,False,500,equilibrium_files,log10(zonal_phi2_amplitudes),True,True
s06_attribution,periodic_mask:all_channels,2864601_0.437,invariant_tilde_f,periodic_mask,positive_cell_sum,False,deliberately_off_manifold_diagnostic,False,varied,all,1000,0.5592008592008592,0.5267237929394419,0.5914731953596571,True,500,equilibrium_files,log10(zonal_phi2_amplitudes),False,True
s06_attribution,periodic_mask:all_channels,2864601_0.437,invariant_tilde_f,periodic_mask,positive_cell_sum,False,deliberately_off_manifold_diagnostic,False,varied,stable_or_near_floor,240,0.03459435059636452,-0.08996279172094455,0.16453214768906144,False,500,equilibrium_files,log10(zonal_phi2_amplitudes),False,True
s06_attribution,periodic_mask:all_channels,2864601_0.437,invariant_tilde_f,periodic_mask,positive_cell_sum,False,deliberately_off_manifold_diagnostic,False,varied,unstable,760,0.4391504450228218,0.3802018686271567,0.4950385978666403,True,500,equilibrium_files,log10(zonal_phi2_amplitudes),False,True
s06_attribution,periodic_mask:all_channels,2864601_0.437,invariant_tilde_f,periodic_mask,absolute_cell_sum,False,deliberately_off_manifold_diagnostic,False,varied,all,1000,0.5592008592008592,0.5221689906778778,0.592812057353296,True,500,equilibrium_files,log10(zonal_phi2_amplitudes),False,True
s06_attribution,periodic_mask:all_channels,2864601_0.437,invariant_tilde_f,periodic_mask,absolute_cell_sum,False,deliberately_off_manifold_diagnostic,False,varied,stable_or_near_floor,240,0.03459435059636452,-0.11689046555145774,0.157247589407329,False,500,equilibrium_files,log10(zonal_phi2_amplitudes),False,True
s06_attribution,periodic_mask:all_channels,2864601_0.437,invariant_tilde_f,periodic_mask,absolute_cell_sum,False,deliberately_off_manifold_diagnostic,False,varied,unstable,760,0.4391504450228218,0.38190754614681394,0.48890789685488284,True,500,equilibrium_files,log10(zonal_phi2_amplitudes),False,True
s06_attribution,periodic_mask:all_channels,2864601_0.437,invariant_tilde_f,periodic_mask,top10pct_absolute_mass_fraction,False,deliberately_off_manifold_diagnostic,False,varied,all,1000,0.5225776025776026,0.46843257928345816,0.5677229127055752,True,500,equilibrium_files,log10(zonal_phi2_amplitudes),False,True
s06_attribution,periodic_mask:all_channels,2864601_0.437,invariant_tilde_f,periodic_mask,top10pct_absolute_mass_fraction,False,deliberately_off_manifold_diagnostic,False,varied,stable_or_near_floor,240,0.061587006718866646,-0.07702833426458564,0.19365714735856768,False,500,equilibrium_files,log10(zonal_phi2_amplitudes),False,True
s06_attribution,periodic_mask:all_channels,2864601_0.437,invariant_tilde_f,periodic_mask,top10pct_absolute_mass_fraction,False,deliberately_off_manifold_diagnostic,False,varied,unstable,760,0.2493135694851491,0.18462659911114712,0.31665410826477164,True,500,equilibrium_files,log10(zonal_phi2_amplitudes),False,True
s06_attribution,periodic_mask:all_channels,2864601_0.437,invariant_tilde_f,periodic_mask,positive_cell_sum,False,deliberately_off_manifold_diagnostic,False,fixed,all,1000,0.1013899853899854,0.042581637932805345,0.15956519631598118,True,500,equilibrium_files,log10(zonal_phi2_amplitudes),False,True
s06_attribution,periodic_mask:all_channels,2864601_0.437,invariant_tilde_f,periodic_mask,positive_cell_sum,False,deliberately_off_manifold_diagnostic,False,fixed,stable_or_near_floor,23,0.1650197628458498,-0.25564069397969796,0.5239065606361829,False,500,equilibrium_files,log10(zonal_phi2_amplitudes),False,True
s06_attribution,periodic_mask:all_channels,2864601_0.437,invariant_tilde_f,periodic_mask,positive_cell_sum,False,deliberately_off_manifold_diagnostic,False,fixed,unstable,977,0.04659073350647308,-0.01910457093562637,0.11007870913621455,False,500,equilibrium_files,log10(zonal_phi2_amplitudes),False,True
s06_attribution,periodic_mask:all_channels,2864601_0.437,invariant_tilde_f,periodic_mask,absolute_cell_sum,False,deliberately_off_manifold_diagnostic,False,fixed,all,1000,0.1013899853899854,0.030705131873280417,0.1752562226897868,True,500,equilibrium_files,log10(zonal_phi2_amplitudes),False,True
s06_attribution,periodic_mask:all_channels,2864601_0.437,invariant_tilde_f,periodic_mask,absolute_cell_sum,False,deliberately_off_manifold_diagnostic,False,fixed,stable_or_near_floor,23,0.1650197628458498,-0.26853363898331944,0.5741016129032258,False,500,equilibrium_files,log10(zonal_phi2_amplitudes),False,True
s06_attribution,periodic_mask:all_channels,2864601_0.437,invariant_tilde_f,periodic_mask,absolute_cell_sum,False,deliberately_off_manifold_diagnostic,False,fixed,unstable,977,0.04659073350647308,-0.018185677087918777,0.11694500066021231,False,500,equilibrium_files,log10(zonal_phi2_amplitudes),False,True
s06_attribution,periodic_mask:all_channels,2864601_0.437,invariant_tilde_f,periodic_mask,top10pct_absolute_mass_fraction,False,deliberately_off_manifold_diagnostic,False,fixed,all,1000,0.07114401514401514,0.0010734978059167397,0.13670727273104757,True,500,equilibrium_files,log10(zonal_phi2_amplitudes),False,True
s06_attribution,periodic_mask:all_channels,2864601_0.437,invariant_tilde_f,periodic_mask,top10pct_absolute_mass_fraction,False,deliberately_off_manifold_diagnostic,False,fixed,stable_or_near_floor,23,-0.10968379446640317,-0.5830759129564782,0.31156331540425203,False,500,equilibrium_files,log10(zonal_phi2_amplitudes),False,True
s06_attribution,periodic_mask:all_channels,2864601_0.437,invariant_tilde_f,periodic_mask,top10pct_absolute_mass_fraction,False,deliberately_off_manifold_diagnostic,False,fixed,unstable,977,0.02210689466293595,-0.04726425387866102,0.09037190936198583,False,500,equilibrium_files,log10(zonal_phi2_amplitudes),False,True
s06_attribution,periodic_mask:all_channels,2864601_0.371,invariant_tilde_f,periodic_mask,positive_cell_sum,False,deliberately_off_manifold_diagnostic,False,varied,all,1000,0.50599690999691,0.4587461146559545,0.5471296859669499,True,500,equilibrium_files,log10(zonal_phi2_amplitudes),False,True
s06_attribution,periodic_mask:all_channels,2864601_0.371,invariant_tilde_f,periodic_mask,positive_cell_sum,False,deliberately_off_manifold_diagnostic,False,varied,stable_or_near_floor,240,0.07898921856282227,-0.0566168548111393,0.2216300837955132,False,500,equilibrium_files,log10(zonal_phi2_amplitudes),False,True
s06_attribution,periodic_mask:all_channels,2864601_0.371,invariant_tilde_f,periodic_mask,positive_cell_sum,False,deliberately_off_manifold_diagnostic,False,varied,unstable,760,0.3704859344686502,0.30937029073471245,0.42954855159772853,True,500,equilibrium_files,log10(zonal_phi2_amplitudes),False,True
s06_attribution,periodic_mask:all_channels,2864601_0.371,invariant_tilde_f,periodic_mask,absolute_cell_sum,False,deliberately_off_manifold_diagnostic,False,varied,all,1000,0.50599690999691,0.4668282905857668,0.5460754121764934,True,500,equilibrium_files,log10(zonal_phi2_amplitudes),False,True
s06_attribution,periodic_mask:all_channels,2864601_0.371,invariant_tilde_f,periodic_mask,absolute_cell_sum,False,deliberately_off_manifold_diagnostic,False,varied,stable_or_near_floor,240,0.07898921856282227,-0.04780421570952961,0.20762745152208814,False,500,equilibrium_files,log10(zonal_phi2_amplitudes),False,True
s06_attribution,periodic_mask:all_channels,2864601_0.371,invariant_tilde_f,periodic_mask,absolute_cell_sum,False,deliberately_off_manifold_diagnostic,False,varied,unstable,760,0.3704859344686502,0.31420449924402716,0.4320978356383067,True,500,equilibrium_files,log10(zonal_phi2_amplitudes),False,True
s06_attribution,periodic_mask:all_channels,2864601_0.371,invariant_tilde_f,periodic_mask,top10pct_absolute_mass_fraction,False,deliberately_off_manifold_diagnostic,False,varied,all,1000,0.4891186531186531,0.4388035575466478,0.5359633435270537,True,500,equilibrium_files,log10(zonal_phi2_amplitudes),False,True
s06_attribution,periodic_mask:all_channels,2864601_0.371,invariant_tilde_f,periodic_mask,top10pct_absolute_mass_fraction,False,deliberately_off_manifold_diagnostic,False,varied,stable_or_near_floor,240,0.0160237156895085,-0.114551614714522,0.15017187229169804,False,500,equilibrium_files,log10(zonal_phi2_amplitudes),False,True
s06_attribution,periodic_mask:all_channels,2864601_0.371,invariant_tilde_f,periodic_mask,top10pct_absolute_mass_fraction,False,deliberately_off_manifold_diagnostic,False,varied,unstable,760,0.18492720455030676,0.11004697370051685,0.24681245151699546,True,500,equilibrium_files,log10(zonal_phi2_amplitudes),False,True
s06_attribution,periodic_mask:all_channels,2864601_0.371,invariant_tilde_f,periodic_mask,positive_cell_sum,False,deliberately_off_manifold_diagnostic,False,fixed,all,1000,0.010361242361242362,-0.053882772972920705,0.0713641986637565,False,500,equilibrium_files,log10(zonal_phi2_amplitudes),False,True
s06_attribution,periodic_mask:all_channels,2864601_0.371,invariant_tilde_f,periodic_mask,positive_cell_sum,False,deliberately_off_manifold_diagnostic,False,fixed,stable_or_near_floor,23,0.23122529644268774,-0.1984766698613102,0.6462196669452249,False,500,equilibrium_files,log10(zonal_phi2_amplitudes),False,True
s06_attribution,periodic_mask:all_channels,2864601_0.371,invariant_tilde_f,periodic_mask,positive_cell_sum,False,deliberately_off_manifold_diagnostic,False,fixed,unstable,977,0.009557728798264746,-0.05989733014933113,0.06757959122665874,False,500,equilibrium_files,log10(zonal_phi2_amplitudes),False,True
s06_attribution,periodic_mask:all_channels,2864601_0.371,invariant_tilde_f,periodic_mask,absolute_cell_sum,False,deliberately_off_manifold_diagnostic,False,fixed,all,1000,0.010361242361242362,-0.0541974924074324,0.07136064612855324,False,500,equilibrium_files,log10(zonal_phi2_amplitudes),False,True
s06_attribution,periodic_mask:all_channels,2864601_0.371,invariant_tilde_f,periodic_mask,absolute_cell_sum,False,deliberately_off_manifold_diagnostic,False,fixed,stable_or_near_floor,23,0.23122529644268774,-0.19176855759682224,0.6346265689445416,False,500,equilibrium_files,log10(zonal_phi2_amplitudes),False,True
s06_attribution,periodic_mask:all_channels,2864601_0.371,invariant_tilde_f,periodic_mask,absolute_cell_sum,False,deliberately_off_manifold_diagnostic,False,fixed,unstable,977,0.009557728798264746,-0.06305045925262709,0.07009028966509058,False,500,equilibrium_files,log10(zonal_phi2_amplitudes),False,True
s06_attribution,periodic_mask:all_channels,2864601_0.371,invariant_tilde_f,periodic_mask,top10pct_absolute_mass_fraction,False,deliberately_off_manifold_diagnostic,False,fixed,all,1000,0.0982071622071622,0.036422060375585395,0.1686643386968507,True,500,equilibrium_files,log10(zonal_phi2_amplitudes),False,True
s06_attribution,periodic_mask:all_channels,2864601_0.371,invariant_tilde_f,periodic_mask,top10pct_absolute_mass_fraction,False,deliberately_off_manifold_diagnostic,False,fixed,stable_or_near_floor,23,0.6521739130434783,0.33640328007143244,0.8488010240863402,True,500,equilibrium_files,log10(zonal_phi2_amplitudes),False,True
s06_attribution,periodic_mask:all_channels,2864601_0.371,invariant_tilde_f,periodic_mask,top10pct_absolute_mass_fraction,False,deliberately_off_manifold_diagnostic,False,fixed,unstable,977,0.06468723052000291,-0.0019833935714471482,0.12933739901318114,False,500,equilibrium_files,log10(zonal_phi2_amplitudes),False,True
s06_attribution,periodic_mask:all_channels,2864601_0.409,invariant_tilde_f,periodic_mask,positive_cell_sum,False,deliberately_off_manifold_diagnostic,False,varied,all,1000,0.5591966831966831,0.5241941057138619,0.5903643437027735,True,500,equilibrium_files,log10(zonal_phi2_amplitudes),False,True
s06_attribution,periodic_mask:all_channels,2864601_0.409,invariant_tilde_f,periodic_mask,positive_cell_sum,False,deliberately_off_manifold_diagnostic,False,varied,stable_or_near_floor,240,0.03351794301984409,-0.10695006938518782,0.17346625549295225,False,500,equilibrium_files,log10(zonal_phi2_amplitudes),False,True
s06_attribution,periodic_mask:all_channels,2864601_0.409,invariant_tilde_f,periodic_mask,positive_cell_sum,False,deliberately_off_manifold_diagnostic,False,varied,unstable,760,0.44184034616622114,0.3893072087419121,0.4964033504180411,True,500,equilibrium_files,log10(zonal_phi2_amplitudes),False,True
s06_attribution,periodic_mask:all_channels,2864601_0.409,invariant_tilde_f,periodic_mask,absolute_cell_sum,False,deliberately_off_manifold_diagnostic,False,varied,all,1000,0.5591966831966831,0.5252457460941421,0.593341170508917,True,500,equilibrium_files,log10(zonal_phi2_amplitudes),False,True
s06_attribution,periodic_mask:all_channels,2864601_0.409,invariant_tilde_f,periodic_mask,absolute_cell_sum,False,deliberately_off_manifold_diagnostic,False,varied,stable_or_near_floor,240,0.03351794301984409,-0.09943223161462977,0.1546649711065742,False,500,equilibrium_files,log10(zonal_phi2_amplitudes),False,True
s06_attribution,periodic_mask:all_channels,2864601_0.409,invariant_tilde_f,periodic_mask,absolute_cell_sum,False,deliberately_off_manifold_diagnostic,False,varied,unstable,760,0.44184034616622114,0.3840459002123385,0.4905920972049783,True,500,equilibrium_files,log10(zonal_phi2_amplitudes),False,True
s06_attribution,periodic_mask:all_channels,2864601_0.409,invariant_tilde_f,periodic_mask,top10pct_absolute_mass_fraction,False,deliberately_off_manifold_diagnostic,False,varied,all,1000,0.47900831900831903,0.42896323786012364,0.5212070928801892,True,500,equilibrium_files,log10(zonal_phi2_amplitudes),False,True
s06_attribution,periodic_mask:all_channels,2864601_0.409,invariant_tilde_f,periodic_mask,top10pct_absolute_mass_fraction,False,deliberately_off_manifold_diagnostic,False,varied,stable_or_near_floor,240,0.21485963297973923,0.0865557371548965,0.34445038122937977,True,500,equilibrium_files,log10(zonal_phi2_amplitudes),False,True
s06_attribution,periodic_mask:all_channels,2864601_0.409,invariant_tilde_f,periodic_mask,top10pct_absolute_mass_fraction,False,deliberately_off_manifold_diagnostic,False,varied,unstable,760,0.19940256311494925,0.13020575192805495,0.2685421910668092,True,500,equilibrium_files,log10(zonal_phi2_amplitudes),False,True
s06_attribution,periodic_mask:all_channels,2864601_0.409,invariant_tilde_f,periodic_mask,positive_cell_sum,False,deliberately_off_manifold_diagnostic,False,fixed,all,1000,0.11127871527871527,0.05049520429783679,0.16966774167473794,True,500,equilibrium_files,log10(zonal_phi2_amplitudes),False,True
s06_attribution,periodic_mask:all_channels,2864601_0.409,invariant_tilde_f,periodic_mask,positive_cell_sum,False,deliberately_off_manifold_diagnostic,False,fixed,stable_or_near_floor,23,-0.1808300395256917,-0.5151354019767161,0.18318325217266263,False,500,equilibrium_files,log10(zonal_phi2_amplitudes),False,True
s06_attribution,periodic_mask:all_channels,2864601_0.409,invariant_tilde_f,periodic_mask,positive_cell_sum,False,deliberately_off_manifold_diagnostic,False,fixed,unstable,977,0.09611310827911522,0.03398520003735169,0.16131684802496557,True,500,equilibrium_files,log10(zonal_phi2_amplitudes),False,True
s06_attribution,periodic_mask:all_channels,2864601_0.409,invariant_tilde_f,periodic_mask,absolute_cell_sum,False,deliberately_off_manifold_diagnostic,False,fixed,all,1000,0.11127871527871527,0.04179130608319227,0.1728635336466526,True,500,equilibrium_files,log10(zonal_phi2_amplitudes),False,True
s06_attribution,periodic_mask:all_channels,2864601_0.409,invariant_tilde_f,periodic_mask,absolute_cell_sum,False,deliberately_off_manifold_diagnostic,False,fixed,stable_or_near_floor,23,-0.1808300395256917,-0.4970848460400699,0.23495059373864727,False,500,equilibrium_files,log10(zonal_phi2_amplitudes),False,True
s06_attribution,periodic_mask:all_channels,2864601_0.409,invariant_tilde_f,periodic_mask,absolute_cell_sum,False,deliberately_off_manifold_diagnostic,False,fixed,unstable,977,0.09611310827911522,0.0282258524888028,0.1615575037135576,True,500,equilibrium_files,log10(zonal_phi2_amplitudes),False,True
s06_attribution,periodic_mask:all_channels,2864601_0.409,invariant_tilde_f,periodic_mask,top10pct_absolute_mass_fraction,False,deliberately_off_manifold_diagnostic,False,fixed,all,1000,0.07019138219138218,0.009552891785245508,0.12712514037638162,True,500,equilibrium_files,log10(zonal_phi2_amplitudes),False,True
s06_attribution,periodic_mask:all_channels,2864601_0.409,invariant_tilde_f,periodic_mask,top10pct_absolute_mass_fraction,False,deliberately_off_manifold_diagnostic,False,fixed,stable_or_near_floor,23,0.25296442687747034,-0.22239474474058019,0.6612553843605032,False,500,equilibrium_files,log10(zonal_phi2_amplitudes),False,True
s06_attribution,periodic_mask:all_channels,2864601_0.409,invariant_tilde_f,periodic_mask,top10pct_absolute_mass_fraction,False,deliberately_off_manifold_diagnostic,False,fixed,unstable,977,0.05307698868195593,-0.011664277480640781,0.11755635881054158,False,500,equilibrium_files,log10(zonal_phi2_amplitudes),False,True
