member_id,n,r2,mse,bias,residual_q01,residual_q05,residual_q25,residual_q50,residual_q75,residual_q95,residual_q99
ensemble_mean,9785.0,0.9893106592817136,0.05175937838674417,0.005333699272144476,-0.696419689655304,-0.2908699870109558,-0.04984688758850098,0.0015548467636108398,0.06454023718833923,0.30365281105041486,0.6491670322418212
2864601_0.437,9785.0,0.9853529215226179,0.07092333354799155,0.007496459148588053,-0.8103947257995605,-0.345400595664978,-0.056331388652324677,0.0014780759811401367,0.08236777782440186,0.36494445800781244,0.7703545761108391
2864601_0.371,9785.0,0.9864212824502696,0.06575017095870865,-0.003211834164068991,-0.7701039552688599,-0.3594475626945495,-0.07091617584228516,-0.0030736923217773438,0.06609499454498291,0.33578550815582237,0.764178260564804
2864601_0.409,9785.0,0.986001407464925,0.06778326811730123,0.009043933673486123,-0.7705523115955293,-0.33919962644577023,-0.05778670310974121,0.005335569381713867,0.08337461948394775,0.3573793888092038,0.7654297113418578
2864601_0.386,9785.0,0.986335575055381,0.0661651789184596,0.0026528235678814445,-0.7436302995681763,-0.34564498662948606,-0.06794798374176025,0.0028345584869384766,0.06750988960266113,0.3563073635101317,0.7744161033630362
2864601_0.355,9785.0,0.985904257311202,0.0682536836180703,0.009239795300692551,-0.7714062404632568,-0.33751947879791255,-0.05778275430202484,0.002036571502685547,0.07760119438171387,0.37541599273681636,0.7647031867504112
2864601_0.449,9785.0,0.9861570027720173,0.06702985248697951,0.014124128681580299,-0.759104254245758,-0.31589455604553224,-0.05514955520629883,0.0041959285736083984,0.08142781257629395,0.3736031413078307,0.793807742595672
2864601_0.340,9785.0,0.9861602080949233,0.06701433183650016,-0.0006182684017518773,-0.7559313094615936,-0.35498319678008555,-0.06355679035186768,-0.0009350776672363281,0.0687713623046875,0.347661888599395,0.7449510860443113
2864601_0.296,9785.0,0.9858276928325097,0.06862442021708585,0.0035925169387068714,-0.7841410601139068,-0.3530834197998047,-0.07142579555511475,0.0017539262771606445,0.06948351860046387,0.37390494346618647,0.8176676988601683
2864601_0.270,9785.0,0.9846565881476227,0.0742950833677009,0.010259459655006537,-0.720232740342617,-0.3446936130523682,-0.06776833534240723,0.003209829330444336,0.0808144211769104,0.39488782882690354,0.8323440730571731
2864601_0.352,9785.0,0.9859344297312711,0.06810758427028443,-0.0034675263809036618,-0.8349350643157959,-0.35532536506652834,-0.0682528018951416,0.0002243518829345703,0.06163358688354492,0.34705224037170407,0.7606948947906489
2864601_0.487,9785.0,0.9852395919759178,0.07147209207713208,-0.016290925707795726,-0.8790391957759857,-0.3825228214263916,-0.08206367492675781,-0.006126880645751953,0.05750226974487305,0.3361871719360344,0.6982855987548827
2864601_0.272,9785.0,0.9859896433145027,0.06784023188421223,-0.00017855891967218467,-0.8120499897003174,-0.35941529273986816,-0.06658720970153809,0.0012850761413574219,0.07224822044372559,0.3576574563980102,0.7492406868934629
2864601_0.404,9785.0,0.985392340292237,0.07073246199978028,0.008519408288568247,-0.7321113801002502,-0.34052805751562115,-0.06478571891784668,0.0018720626831054688,0.07930028438568115,0.36581928730010943,0.8185048484802242
2864601_0.274,9785.0,0.9850509290193561,0.07238562618682085,-0.0014002444358942549,-0.8185015988349914,-0.36547236442565917,-0.06628340482711792,0.0002931356430053711,0.07694745063781738,0.3588473558425903,0.806259841918944
2864601_0.240,9785.0,0.9854169178374793,0.07061345386845232,0.0013395994052396328,-0.809280948638916,-0.3513084538280964,-0.06602239608764648,0.0013028383255004883,0.07377040386199951,0.3706121563911436,0.7477456647157669
2864601_0.417,9785.0,0.985318375181714,0.07109061207132153,-0.0016138851391604835,-0.8362637853622437,-0.3724349021911621,-0.07224512100219727,0.009419918060302734,0.07090473175048828,0.3534409046173095,0.7770922803878783
2864601_0.494,9785.0,0.9856596271982585,0.0694382190271596,0.0023376905383330647,-0.776485366821289,-0.3678867816925048,-0.06568944454193115,-0.0006706714630126953,0.07322719693183899,0.36726735830307,0.7884749889373777
2864601_0.260,9785.0,0.9856819011839484,0.06933036507396582,0.010756962364498458,-0.7541908276081085,-0.33551814556121823,-0.05677199363708496,0.004147768020629883,0.07720613479614258,0.3857832908630369,0.7905036056041708
2864601_0.434,9785.0,0.9851218848369789,0.07204204755930067,0.007442058944133243,-0.8125493551045656,-0.3432672888040542,-0.05809950828552246,0.0011388063430786133,0.08193302154541016,0.36730697751045205,0.784795236587523
2864601_0.460,9785.0,0.9849967736237305,0.07264785467104093,-0.006879218318657264,-0.786113224029541,-0.36425772309303284,-0.08510398864746094,-0.0015120506286621094,0.06114506721496582,0.3548999309539795,0.80053174495697
2864601_0.402,9785.0,0.9853888132723274,0.07074954035502115,0.004112910743876906,-0.7489208602905273,-0.3592381715774536,-0.06506597995758057,0.000997781753540039,0.07639837265014648,0.3738574981689449,0.7680550098419183
2864601_0.279,9785.0,0.9852831523622168,0.07126116620466348,0.003719586506268813,-0.8105945181846619,-0.3544734477996826,-0.0681077241897583,0.0016975998878479004,0.07740485668182373,0.37187491655349725,0.7745676755905148
2864601_0.353,9785.0,0.9852512878381968,0.07141545897157271,0.0018556893534032036,-0.814116598367691,-0.37325389385223384,-0.07128500938415527,0.0016547441482543945,0.0822221040725708,0.38018202781677246,0.7543897008895875
2864601_0.175,9785.0,0.984140848079014,0.07679237352467534,0.028397595047101633,-0.76977548122406,-0.3173550844192505,-0.04405498504638672,0.00458371639251709,0.10594391822814941,0.42718582153320284,0.8766751432418812
2864601_0.277,9785.0,0.9846276979027238,0.0744349742325184,0.008228668729059268,-0.8544543075561524,-0.35759445428848263,-0.059813737869262695,0.0015245676040649414,0.08569073677062988,0.37955330610275245,0.7591086000204084
2864601_0.463,9785.0,0.9849216936757216,0.07301140295158212,0.004272684137375338,-0.8377406871318817,-0.36179534196853635,-0.06280481815338135,0.0010073184967041016,0.07864081859588623,0.3784198284149163,0.7959472393989556
2864601_0.229,9785.0,0.9852680535646461,0.07133427682927906,0.003422250579987278,-0.8026874494552612,-0.36460092067718497,-0.06674075126647949,0.003116011619567871,0.07757571339607239,0.37258968353271404,0.7614409071207041
2864601_0.224,9785.0,0.9848386956102051,0.0734132919353513,0.01630367739546954,-0.7800592613220215,-0.34192304611206054,-0.0526583194732666,0.005124330520629883,0.09075045585632324,0.39226915836334203,0.858072414398193
2864601_0.373,9785.0,0.985681965987426,0.0693300512858846,-0.014429535615909535,-0.8512243396043777,-0.3807814836502075,-0.08509367564693093,-0.009460926055908203,0.0562591552734375,0.3470274209976195,0.7379448294639581
2864601_0.481,9785.0,0.9853889301339721,0.07074897449354833,0.007608288539452554,-0.7808186650276184,-0.34400415420532227,-0.06314516067504883,0.0015288591384887695,0.0816425085067749,0.3773038923740387,0.7763671970367428
2864601_0.289,9785.0,0.9844545602855018,0.07527333233887358,0.014983938723455997,-0.8249900364875793,-0.35095887184143065,-0.06009522080421448,0.01100611686706543,0.0927574634552002,0.39288789033889765,0.8280918359756466
2864601_0.393,9785.0,0.9859178104676489,0.06818805721777477,0.006468652526825532,-0.7770496892929077,-0.37054721713066097,-0.06194615364074707,0.002221345901489258,0.08386564254760742,0.3861577987670894,0.7972482204437248
2864601_0.406,9785.0,0.9860797651184503,0.0674038486989105,0.005748452545403859,-0.7300196022354066,-0.35413492769002913,-0.06331944465637207,0.0014897584915161133,0.07721567153930664,0.3614560365676876,0.7952894961833948
2864601_0.206,9785.0,0.9857977547970841,0.0687693846395502,0.017009173622104426,-0.7307245707511901,-0.32808462679386136,-0.05805087089538574,0.007876276969909668,0.08986395597457886,0.3918419584631919,0.8163692045211779
2864601_0.284,9785.0,0.9858154294076811,0.06868380154496652,-0.0026214736339408434,-0.79362797498703,-0.3643096685409546,-0.07013177871704102,0.001542210578918457,0.06923392415046692,0.35720412731170625,0.7158759880065912
2864601_0.235,9785.0,0.9850577960280191,0.07235237510902809,0.007998946835210177,-0.8216470527648926,-0.3477922916412353,-0.061200857162475586,0.003094792366027832,0.08077949285507202,0.37410546541213935,0.7590710949897764
2864601_0.405,9785.0,0.9850338042568384,0.07246854683518406,0.0054759888158054425,-0.8800045824050903,-0.34375367760658265,-0.06349313259124756,0.004360198974609375,0.07799527049064636,0.3793549001216883,0.7837658691406248
2864601_0.398,9785.0,0.9848840276509385,0.07319378744847949,0.0113473082616787,-0.7933795791864395,-0.34738551676273344,-0.05719935894012451,0.004752159118652344,0.08745121955871582,0.3846700280904768,0.7984618973731986
2864601_0.358,9785.0,0.9854344958597803,0.07052833846877099,0.005377275245042288,-0.8634854650497437,-0.3577372372150421,-0.058391571044921875,0.005297422409057617,0.08279252052307129,0.36576614379882805,0.7670103192329396
2864601_0.242,9785.0,0.984523947480509,0.07493734921547802,0.003252651546586245,-0.8395328426361084,-0.3651562392711639,-0.06966376304626465,0.0019963979721069336,0.07578182220458984,0.38632847070693965,0.7984376251697538
2864601_0.490,9785.0,0.984689684999129,0.07413482348772593,0.03245954780732486,-0.7540673971176147,-0.31020295619964594,-0.03771841526031494,0.009332895278930664,0.10020899772644043,0.43354065418243387,0.8616340351104723
2864601_0.263,9785.0,0.9850040720151667,0.07261251477366855,0.011737938779848234,-0.776958943605423,-0.34187047481536864,-0.0633687973022461,0.0032619237899780273,0.08918285369873047,0.3931517124176025,0.8503912448883053
2864601_0.211,9785.0,0.9854115731498508,0.07063933364126641,0.0018353191904139962,-0.8145488452911377,-0.35936760604381557,-0.06720638275146484,0.0004343986511230469,0.08045411109924316,0.3729812622070304,0.7718041515350341
2864601_0.292,9785.0,0.9855895065238939,0.0697777537667499,0.00023801405138124826,-0.7541859394311905,-0.3651235580444336,-0.07226991653442383,0.0008810758590698242,0.07191205024719238,0.36482667922973605,0.7704049611091613
2864601_0.276,9785.0,0.9852378995025449,0.07148028728505225,-0.005874901228764832,-0.8049787855148315,-0.3851934671401977,-0.07854408025741577,-0.0040988922119140625,0.06776070594787598,0.35672140121459944,0.7680023074150084
2864601_0.427,9785.0,0.9855662412862035,0.06989040750963368,0.005223620376072221,-0.770699520111084,-0.3603302001953125,-0.0702582597732544,0.0026733875274658203,0.0799485445022583,0.37350356578826815,0.787725224494934
2864601_0.461,9785.0,0.9848281813030019,0.0734642037754119,-0.00124980962029387,-0.8444872784614563,-0.38096535205841064,-0.07202117145061493,-0.0007815361022949219,0.08121269941329956,0.363304042816162,0.7434660100936885
2864601_0.471,9785.0,0.9861004774479037,0.06730355651759608,0.00477256600304048,-0.8133939427137374,-0.3549779415130615,-0.06528592109680176,0.0032674074172973633,0.07980203628540039,0.37472022175788816,0.7800291156768787
2864601_0.440,9785.0,0.9854655065895934,0.07037817990045965,0.016953059881670385,-0.8294367027282715,-0.3444807125255465,-0.05794743821024895,0.018186569213867188,0.09123086929321289,0.38068799972534156,0.8075588604807843
2864601_0.457,9785.0,0.9853943968973834,0.07072250361162838,0.005035863041386506,-0.7831061172485352,-0.3560515701770782,-0.0637502670288086,0.0006911754608154297,0.07703375816345215,0.38728817701339713,0.7454636657238005
2864601_0.400,9785.0,0.9853330394931001,0.07101960529346463,0.006524778129272977,-0.7903511571884155,-0.35845324397087097,-0.058311909437179565,0.00332796573638916,0.07937812805175781,0.37184283733367907,0.7733067181706424
2864601_0.385,9785.0,0.9849908474776666,0.0726765499521233,0.005786389798493095,-0.7656694281101227,-0.35778236389160156,-0.06640958786010742,0.003262162208557129,0.0747690200805664,0.3813246250152586,0.7788865232467643
2864601_0.350,9785.0,0.9843029901308028,0.07600725758234417,0.004014130862565725,-0.8736600685119629,-0.3666090726852417,-0.06392812728881836,0.0024094581604003906,0.08057534694671631,0.3766065239906309,0.7696980428695679
2864601_0.416,9785.0,0.9845891191656448,0.07462177821816852,0.007762115107185726,-0.7956516349315643,-0.3549038410186767,-0.06508159637451172,-0.001337289810180664,0.07640904188156128,0.3961734175682064,0.8205066871643059
2864601_0.342,9785.0,0.9851056822928317,0.0721205026890836,0.00262446525100917,-0.8130553531646728,-0.36875071525573727,-0.0698365569114685,0.0009002685546875,0.07840025424957275,0.3738861292600631,0.7641046810150145
2864601_0.359,9785.0,0.9847014864937116,0.07407767889483416,0.0047454344495809955,-0.7989548540115357,-0.3599969681352377,-0.06923198699951172,0.0014488697052001953,0.08409249782562256,0.368810224533081,0.8225083684921264
2864601_0.475,9785.0,0.9852035599153057,0.07164656467637164,0.007991278583885708,-0.803915160894394,-0.35599613189697266,-0.05354619026184082,0.0024073123931884766,0.08133268356323242,0.37623631954193054,0.8432857751846302
2864601_0.462,9785.0,0.9851387017176019,0.07196061772088617,0.011621590688089756,-0.7700827121734619,-0.3645049750804901,-0.05897259712219238,0.003344893455505371,0.08593559265136719,0.3915765762329099,0.8682422256469712
2864601_0.268,9785.0,0.9844525709920521,0.07528296479377439,0.004904414819194552,-0.80755606174469,-0.37478619217872616,-0.06184220314025879,0.0019276142120361328,0.08136901259422302,0.3727383494377133,0.798769474029541
2864601_0.262,9785.0,0.9844757248665875,0.07517085028785832,0.0209047495777935,-0.803507798910141,-0.33865678310394287,-0.05299854278564453,0.008649349212646484,0.10007095336914062,0.4042428195476529,0.8652136826515192
2864601_0.485,9785.0,0.9853376084337051,0.0709974818031738,0.00663966861725466,-0.7952335357666015,-0.3490073814988136,-0.06640195846557617,0.0010809898376464844,0.086151123046875,0.3789530456066127,0.7896629905700681
2864601_0.473,9785.0,0.9838083248234655,0.07840250060920978,-0.011077099063926375,-0.8532432579994201,-0.38111012578010556,-0.09089374542236328,-0.013345479965209961,0.061528921127319336,0.37286406159400926,0.8367920637130737
2864601_0.189,9785.0,0.9848596525705814,0.0733118152147057,-0.0022284750289641325,-0.8764695239067077,-0.3708083391189575,-0.07005739212036133,-0.000370025634765625,0.07170035876333714,0.3720709890127175,0.7833878982067104
2864601_0.395,9785.0,0.9842540422725851,0.07624427039552696,0.004807787146021321,-0.8373404502868652,-0.3714032292366028,-0.06604766845703125,0.002996683120727539,0.08475327491760254,0.3859071254730217,0.8069333863258359
2864601_0.237,9785.0,0.9849127162471047,0.0730548729968323,0.005118447655616671,-0.8160669437050819,-0.3556715652346611,-0.06743514537811279,0.001917123794555664,0.08016592264175415,0.3772967338562006,0.7902586650848388
2864601_0.372,9785.0,0.9842471803452513,0.07627749686876706,0.00024035466022256002,-0.8492883205413818,-0.36745951175689695,-0.07550621032714844,0.0005936622619628906,0.07338094711303711,0.3740704298019406,0.7951105892658229
2864601_0.472,9785.0,0.9845119286879989,0.07499554599726992,0.010149803851296513,-0.7604442834854126,-0.347131872177124,-0.06930923461914062,0.008557438850402832,0.08013081550598145,0.38359656333923325,0.7958602666854857
2864601_0.436,9785.0,0.9850962024179647,0.07216640565384368,0.0077210288854332775,-0.8311904704570771,-0.35508938431739806,-0.06349873542785645,0.00319516658782959,0.08051168918609619,0.38048372268676744,0.7868933534622188
2864601_0.454,9785.0,0.9844698617094669,0.07519924056710404,-0.0033610958490154514,-0.8008960342407226,-0.3731339037418365,-0.07848727703094482,-0.0009832382202148438,0.07887840270996094,0.3591402053833004,0.7646996450424186
2864601_0.377,9785.0,0.9850728508514327,0.07227947741382434,0.00792551733318497,-0.8047017395496369,-0.3639811038970947,-0.06641435623168945,0.011958837509155273,0.08219313621520996,0.3770069479942321,0.8020372259616849
2864601_0.212,9785.0,0.9846407391121665,0.07437182675579743,0.007171764825888937,-0.7708039665222168,-0.3508900880813598,-0.06691288948059082,-0.006888866424560547,0.0805051326751709,0.402940464019775,0.8352028715610502
2864601_0.123,9785.0,0.9844140245021746,0.07546961263367678,0.0005851440500689544,-0.882214584350586,-0.3698709487915039,-0.07778483629226685,0.002048492431640625,0.08002591133117676,0.38025789260864234,0.8030109262466428
2864601_0.288,9785.0,0.9845649040268912,0.07473903152335078,0.009496200630603944,-0.817466596364975,-0.37378718852996823,-0.06559944152832031,0.005703389644622803,0.09042340517044067,0.3934079170227049,0.7728567695617674
2864601_0.349,9785.0,0.9841493454941678,0.076751227776042,0.003462553894578317,-0.835584487915039,-0.3729694724082947,-0.06354761123657227,0.003681778907775879,0.07839205861091614,0.38866729438304864,0.7918505048751829
2864601_0.510,9785.0,0.9844542259673115,0.07527495115729989,0.00657659092526081,-0.8578735852241516,-0.35795062184333803,-0.059720754623413086,0.005003213882446289,0.08946019411087036,0.3697770476341247,0.7344078063964836
2864601_0.376,9785.0,0.9851596694213781,0.07185908897909969,0.0031822725932246364,-0.7887501633167266,-0.3620252966880798,-0.07494521141052246,0.0028715133666992188,0.08095717430114746,0.37810783386230445,0.7723293495178221
2864601_0.305,9785.0,0.9846699189034192,0.07423053386444939,0.015173171482683176,-0.8145644915103912,-0.35059151649475095,-0.05480527877807617,0.003927707672119141,0.0967557430267334,0.39499663114547684,0.8363032054901123
2864601_0.496,9785.0,0.9844071098106173,0.0755030945991392,0.005204721372671531,-0.810442750453949,-0.37521809339523315,-0.06662917137145996,0.0032802820205688477,0.08068037033081055,0.39062423706054655,0.8052630519866941
2864601_0.261,9785.0,0.9844507478004514,0.07529179295880535,-0.001110864998337893,-0.8858203196525574,-0.3852537989616394,-0.07186277583241463,0.002166152000427246,0.07421967387199402,0.37944984436035156,0.7645256042480463
2864601_0.252,9785.0,0.9840431981182541,0.07726520916549037,-0.009695316611696488,-0.8708909606933594,-0.3881386280059814,-0.08526581525802612,-0.004077911376953125,0.07131218910217285,0.3604973793029781,0.8059462499618517
2864601_0.208,9785.0,0.9844023225297451,0.07552627532549416,0.0035735026568926988,-0.8336503601074219,-0.37280553579330444,-0.06679275631904602,0.0012515783309936523,0.07663869857788086,0.38936543464660633,0.7909795570373531
2864601_0.230,9785.0,0.9849537856931929,0.07285600862752879,0.011243768904367547,-0.8029915738105774,-0.3511206865310669,-0.06392407417297363,0.003940463066101074,0.08700156211853027,0.39060432910919185,0.842233238220214
2864601_0.452,9785.0,0.9837981721063885,0.07845166157607285,-0.0018815387084426508,-0.8785764634609222,-0.38277819156646725,-0.07412445545196533,0.0021783113479614258,0.07512044906616211,0.36457843780517574,0.8107897853851308
2864601_0.498,9785.0,0.9855266800226852,0.07008196903450861,0.00923296297513656,-0.8132251358032226,-0.3619272649288177,-0.05771064758300781,0.0054923295974731445,0.08769607543945312,0.38815145492553704,0.7620029598474494
2864601_0.271,9785.0,0.983953315739339,0.07770043301915715,0.013504521557858393,-0.8499755477905273,-0.35471942424774167,-0.05462026596069336,0.002762317657470703,0.09665703773498535,0.4035887718200676,0.8164497399330137
2864601_0.450,9785.0,0.9852320055195767,0.0715088268276394,-0.002871488018000525,-0.7929991149902343,-0.3737064063549041,-0.07815957069396973,-0.003732442855834961,0.0743943527340889,0.36782386302947984,0.7686718273162839
2864601_0.46,9785.0,0.9836748750844733,0.07904868410341663,0.016138649972839904,-0.8753281545639038,-0.35368584394454955,-0.04856139421463013,0.0021178722381591797,0.09680509567260742,0.4022813796997069,0.8177273964881893
2864601_0.308,9785.0,0.9848238536347861,0.07348515898889238,0.00839522773122206,-0.7901231002807617,-0.3638646602630615,-0.06608223915100098,0.002881765365600586,0.08030956983566284,0.39069168567657375,0.8237656593322741
2864601_0.163,9785.0,0.9846290671995129,0.07442834389370705,0.0066169675639203545,-0.7460373497009277,-0.3544672757387161,-0.06554031372070312,0.0018142461776733398,0.08427250385284424,0.3786971092224119,0.8283698606491084
2864601_0.246,9785.0,0.9854117759938356,0.0706383514405078,0.0058119957719071245,-0.8104574584960937,-0.3574892163276672,-0.0657963752746582,0.00328671932220459,0.07821071147918701,0.3843879565596579,0.7822376441955561
2864601_0.438,9785.0,0.9838664660497471,0.07812097213984076,-0.0007222319919622884,-0.8731183052062989,-0.3759423494338989,-0.07511629164218903,-0.0005524158477783203,0.07280611991882324,0.3817546844482418,0.815467227697372
2864601_0.362,9785.0,0.9850600140849421,0.07234163494734881,0.009431059303674794,-0.8215750503540039,-0.35888309478759767,-0.05891609191894531,0.0116499662399292,0.08663320541381836,0.3576442182064056,0.7936903572082509
2864601_0.136,9785.0,0.9850228510785094,0.0725215837545423,0.002658489149267389,-0.8490691018104554,-0.3656542658805847,-0.06056618690490723,0.00012564659118652344,0.0766136646270752,0.37087079882621754,0.7706932854652404
2864601_0.250,9785.0,0.9850089880164266,0.07258871076404207,0.0196136777787204,-0.7586027061939239,-0.34269870519638057,-0.05155611038208008,0.007352352142333984,0.09172403812408447,0.3910060167312621,0.8678692770004273
2864601_0.247,9785.0,0.9839409681378808,0.07776022194280416,0.006694436995747418,-0.7874831581115722,-0.3528433322906494,-0.06810331344604492,0.0027426481246948242,0.07633495330810547,0.3842115521430964,0.831898758411406
2864601_0.382,9785.0,0.9849189169945404,0.07302484805504561,-0.0006170948785814177,-0.8644039630889893,-0.38430469036102294,-0.07292282581329346,0.006696581840515137,0.07437896728515625,0.36612980961799485,0.7714884901046752
2864601_0.307,9785.0,0.9852521758319018,0.07141115917391472,0.00840346649415897,-0.7942597663402557,-0.35995699763298034,-0.061524033546447754,0.011179566383361816,0.08968055248260498,0.37327425479888887,0.7536039161682127
2864601_0.339,9785.0,0.9853768222397631,0.07080760271902521,0.003506360156173086,-0.8114509153366088,-0.3536817133426666,-0.07010674476623535,0.0018140077590942383,0.07686805725097656,0.369454091787338,0.8426760709285708
2864601_0.426,9785.0,0.983799738352932,0.07844407757724366,0.001013914381846187,-0.8956832265853881,-0.38765480781439693,-0.07605981826782227,0.0017340928316116333,0.08742628991603851,0.37769331932067834,0.7760237455368036
2864601_0.379,9785.0,0.9850474320936254,0.07240255882156917,0.0079531372872408,-0.841862735748291,-0.35773544311523436,-0.06634598970413208,0.0031512975692749023,0.08552426099777222,0.38829243183135964,0.7843213140964506
