member_id,unit_id,effect,point,ci95_lower,ci95_upper,bootstrap_unit,replicates
2864601_0.437,2864601_0.437:u000,shapley_mean_absolute,0.09242625590093667,0.08659995041182701,0.09826387944235902,equilibrium_files,1000
2864601_0.437,2864601_0.437:u000,mean_replacement_rms,0.21475383484071142,0.19228896760716158,0.23763028692876964,equilibrium_files,1000
2864601_0.437,2864601_0.437:u001,shapley_mean_absolute,0.4183336394447324,0.3953187045797217,0.4431702350134485,equilibrium_files,1000
2864601_0.437,2864601_0.437:u001,mean_replacement_rms,0.6342015484811914,0.5739275924635415,0.6957563037414838,equilibrium_files,1000
2864601_0.437,2864601_0.437:u002,shapley_mean_absolute,0.03823037576804427,0.035376214524896143,0.041687714211110144,equilibrium_files,1000
2864601_0.437,2864601_0.437:u002,mean_replacement_rms,0.20053968462621174,0.17341968302676125,0.22725785727107928,equilibrium_files,1000
2864601_0.437,2864601_0.437:u003,shapley_mean_absolute,0.1588110346283065,0.14432637752853333,0.1741761005574168,equilibrium_files,1000
2864601_0.437,2864601_0.437:u003,mean_replacement_rms,0.22818662073150656,0.20425512922856118,0.2534017833275614,equilibrium_files,1000
2864601_0.437,2864601_0.437:u004,shapley_mean_absolute,0.0,0.0,0.0,equilibrium_files,1000
2864601_0.437,2864601_0.437:u004,mean_replacement_rms,0.0,0.0,0.0,equilibrium_files,1000
2864601_0.437,2864601_0.437:u005,shapley_mean_absolute,0.06225084297555441,0.057863291671868135,0.06634095781263823,equilibrium_files,1000
2864601_0.437,2864601_0.437:u005,mean_replacement_rms,0.13731126465855456,0.12394085133771514,0.1510072785885907,equilibrium_files,1000
2864601_0.437,2864601_0.437:u006,shapley_mean_absolute,0.08764937953968183,0.0823201231699386,0.09286032896322577,equilibrium_files,1000
2864601_0.437,2864601_0.437:u006,mean_replacement_rms,0.21356941490950665,0.19275286069972347,0.233000135603376,equilibrium_files,1000
2864601_0.437,2864601_0.437:u007,shapley_mean_absolute,0.06931178158070543,0.06416076019703469,0.07453379603840293,equilibrium_files,1000
2864601_0.437,2864601_0.437:u007,mean_replacement_rms,0.22842880045538666,0.2061255164347939,0.24925060316729342,equilibrium_files,1000
2864601_0.437,2864601_0.437:u008,shapley_mean_absolute,0.17009012714697747,0.16212447049668846,0.17775146020334942,equilibrium_files,1000
2864601_0.437,2864601_0.437:u008,mean_replacement_rms,0.2731404224406655,0.2551666263164209,0.29025823829381586,equilibrium_files,1000
2864601_0.437,2864601_0.437:u009,shapley_mean_absolute,0.045418803659267724,0.03593390762303606,0.05611382226195419,equilibrium_files,1000
2864601_0.437,2864601_0.437:u009,mean_replacement_rms,0.12098390994491447,0.09148725243074625,0.14876949681595428,equilibrium_files,1000
2864601_0.371,2864601_0.371:u000,shapley_mean_absolute,0.0672590512126917,0.06192476710308401,0.07283519374413881,equilibrium_files,1000
2864601_0.371,2864601_0.371:u000,mean_replacement_rms,0.2128607497698886,0.1894686077099622,0.2375914283051814,equilibrium_files,1000
2864601_0.371,2864601_0.371:u001,shapley_mean_absolute,0.002805995032307692,0.0023771022157307014,0.0032437540821701988,equilibrium_files,1000
2864601_0.371,2864601_0.371:u001,mean_replacement_rms,0.009496765225128937,0.006524036531018047,0.012441993509519267,equilibrium_files,1000
2864601_0.371,2864601_0.371:u002,shapley_mean_absolute,0.009625096934847534,0.0086913886171591,0.010707999176572777,equilibrium_files,1000
2864601_0.371,2864601_0.371:u002,mean_replacement_rms,0.0471902190253087,0.041314984831467345,0.05343784532932332,equilibrium_files,1000
2864601_0.371,2864601_0.371:u003,shapley_mean_absolute,0.03553861061972566,0.03323406417600054,0.037941210239659996,equilibrium_files,1000
2864601_0.371,2864601_0.371:u003,mean_replacement_rms,0.07511909106589854,0.06507284758225436,0.08574828177418775,equilibrium_files,1000
2864601_0.371,2864601_0.371:u004,shapley_mean_absolute,0.19944169771671294,0.18479304712582378,0.21603656791332176,equilibrium_files,1000
2864601_0.371,2864601_0.371:u004,mean_replacement_rms,0.28279175221575353,0.250127503949312,0.31569097865739476,equilibrium_files,1000
2864601_0.371,2864601_0.371:u005,shapley_mean_absolute,0.021583470540121198,0.020180491637243538,0.02312679755076533,equilibrium_files,1000
2864601_0.371,2864601_0.371:u005,mean_replacement_rms,0.06728271432610967,0.05834096530656305,0.07694540708696747,equilibrium_files,1000
2864601_0.371,2864601_0.371:u006,shapley_mean_absolute,2.3283064365386963e-13,0.0,6.984919309616089e-13,equilibrium_files,1000
2864601_0.371,2864601_0.371:u006,mean_replacement_rms,0.0,0.0,0.0,equilibrium_files,1000
2864601_0.371,2864601_0.371:u007,shapley_mean_absolute,6.984919309616089e-13,0.0,1.862645149230957e-12,equilibrium_files,1000
2864601_0.371,2864601_0.371:u007,mean_replacement_rms,0.0,0.0,0.0,equilibrium_files,1000
2864601_0.371,2864601_0.371:u008,shapley_mean_absolute,0.0019013052890077234,0.0015635422351013403,0.002276232596242334,equilibrium_files,1000
2864601_0.371,2864601_0.371:u008,mean_replacement_rms,0.009093161046024836,0.004707257776876767,0.013376415213079284,equilibrium_files,1000
2864601_0.371,2864601_0.371:u009,shapley_mean_absolute,0.010524399033398368,0.008668481881046318,0.012609320273049526,equilibrium_files,1000
2864601_0.371,2864601_0.371:u009,mean_replacement_rms,0.09313016103977927,0.058352627211160434,0.1253912454198378,equilibrium_files,1000
2864601_0.371,2864601_0.371:u010,shapley_mean_absolute,0.01110164277011063,0.008842405201980728,0.01361785089644254,equilibrium_files,1000
2864601_0.371,2864601_0.371:u010,mean_replacement_rms,0.06987126916349211,0.048756310120344565,0.08802964083425753,equilibrium_files,1000
2864601_0.371,2864601_0.371:u011,shapley_mean_absolute,0.023866607431089506,0.022071437781385612,0.02568158757003548,equilibrium_files,1000
2864601_0.371,2864601_0.371:u011,mean_replacement_rms,0.0802420855519502,0.06823109575204414,0.09359293697799097,equilibrium_files,1000
2864601_0.371,2864601_0.371:u012,shapley_mean_absolute,0.0022850598917575553,0.0019391662492387696,0.0026630187816073883,equilibrium_files,1000
2864601_0.371,2864601_0.371:u012,mean_replacement_rms,0.014839412330792475,0.009921686402432192,0.019915701042716935,equilibrium_files,1000
2864601_0.371,2864601_0.371:u013,shapley_mean_absolute,0.010788032092503272,0.008440598216463696,0.013354360946075757,equilibrium_files,1000
2864601_0.371,2864601_0.371:u013,mean_replacement_rms,0.11146388943825679,0.07953796323606459,0.14098267975743564,equilibrium_files,1000
2864601_0.371,2864601_0.371:u014,shapley_mean_absolute,0.04249473448377103,0.0393830772439891,0.04590910617568589,equilibrium_files,1000
2864601_0.371,2864601_0.371:u014,mean_replacement_rms,0.06256161599971981,0.0546622837208141,0.07013605347435989,equilibrium_files,1000
2864601_0.371,2864601_0.371:u015,shapley_mean_absolute,0.09937077105406206,0.09115870209771965,0.10777485259274253,equilibrium_files,1000
2864601_0.371,2864601_0.371:u015,mean_replacement_rms,0.34580143006219816,0.3110538142023125,0.3779928041934123,equilibrium_files,1000
2864601_0.371,2864601_0.371:u016,shapley_mean_absolute,0.00615463945560623,0.004996396105259191,0.007489296540900249,equilibrium_files,1000
2864601_0.371,2864601_0.371:u016,mean_replacement_rms,0.04241186719462403,0.028848534849835614,0.0559459397842189,equilibrium_files,1000
2864601_0.371,2864601_0.371:u017,shapley_mean_absolute,0.4628562823567772,0.43897018058918763,0.48667221409596384,equilibrium_files,1000
2864601_0.371,2864601_0.371:u017,mean_replacement_rms,0.6365244671852992,0.5788076366685112,0.692456625828281,equilibrium_files,1000
2864601_0.371,2864601_0.371:u018,shapley_mean_absolute,0.012307873335201292,0.011309742772913887,0.013287958884975524,equilibrium_files,1000
2864601_0.371,2864601_0.371:u018,mean_replacement_rms,0.05134478746302731,0.04619943495551413,0.057174984132331824,equilibrium_files,1000
2864601_0.371,2864601_0.371:u019,shapley_mean_absolute,0.1407468033817131,0.13452156907620955,0.14716957852203633,equilibrium_files,1000
2864601_0.371,2864601_0.371:u019,mean_replacement_rms,0.16310346032362213,0.15322403801298617,0.17329639980955375,equilibrium_files,1000
2864601_0.371,2864601_0.371:u020,shapley_mean_absolute,0.021510740135796368,0.01940245063358161,0.023769700573012233,equilibrium_files,1000
2864601_0.371,2864601_0.371:u020,mean_replacement_rms,0.11900625449192404,0.0992757252307759,0.13938139781881767,equilibrium_files,1000
2864601_0.371,2864601_0.371:u021,shapley_mean_absolute,0.010809966596774757,0.009941407455754234,0.011700332709628856,equilibrium_files,1000
2864601_0.371,2864601_0.371:u021,mean_replacement_rms,0.039064764776326796,0.035339061117516675,0.042540098871510876,equilibrium_files,1000
2864601_0.371,2864601_0.371:u022,shapley_mean_absolute,4.656612873077393e-13,0.0,1.3969838619232178e-12,equilibrium_files,1000
2864601_0.371,2864601_0.371:u022,mean_replacement_rms,0.0,0.0,0.0,equilibrium_files,1000
2864601_0.409,2864601_0.409:u000,shapley_mean_absolute,0.0107919968937058,0.009621236166504241,0.012011309141130187,equilibrium_files,1000
2864601_0.409,2864601_0.409:u000,mean_replacement_rms,0.05260563466454099,0.042919859716307185,0.06133471642885767,equilibrium_files,1000
2864601_0.409,2864601_0.409:u001,shapley_mean_absolute,0.008618135343858739,0.0077615215896221345,0.009580273697903612,equilibrium_files,1000
2864601_0.409,2864601_0.409:u001,mean_replacement_rms,0.05573743731236859,0.03046562070271438,0.07895913145867095,equilibrium_files,1000
2864601_0.409,2864601_0.409:u002,shapley_mean_absolute,0.02686393179159495,0.024084741266606577,0.030052527029085466,equilibrium_files,1000
2864601_0.409,2864601_0.409:u002,mean_replacement_rms,0.09294829518365366,0.07233482329264308,0.11355221541705651,equilibrium_files,1000
2864601_0.409,2864601_0.409:u003,shapley_mean_absolute,0.04110443176442641,0.03737321720939217,0.04468910772698946,equilibrium_files,1000
2864601_0.409,2864601_0.409:u003,mean_replacement_rms,0.19642047627455447,0.17809568545820362,0.21303642631810954,equilibrium_files,1000
2864601_0.409,2864601_0.409:u004,shapley_mean_absolute,0.028658560150826816,0.02684747172405914,0.03045081430643622,equilibrium_files,1000
2864601_0.409,2864601_0.409:u004,mean_replacement_rms,0.06929289187352712,0.0627069002585526,0.0756985008762652,equilibrium_files,1000
2864601_0.409,2864601_0.409:u005,shapley_mean_absolute,0.057869743665854914,0.053782457441702715,0.06212561559731984,equilibrium_files,1000
2864601_0.409,2864601_0.409:u005,mean_replacement_rms,0.17810996182698566,0.15234703875805153,0.2024734656885317,equilibrium_files,1000
2864601_0.409,2864601_0.409:u006,shapley_mean_absolute,0.029983185900287937,0.027646616990557957,0.03222903050851455,equilibrium_files,1000
2864601_0.409,2864601_0.409:u006,mean_replacement_rms,0.139626530522704,0.12102691265369576,0.15919368183993324,equilibrium_files,1000
2864601_0.409,2864601_0.409:u007,shapley_mean_absolute,0.07644204675062792,0.07144889888995094,0.08239855189364897,equilibrium_files,1000
2864601_0.409,2864601_0.409:u007,mean_replacement_rms,0.11703145451220529,0.10473422559426433,0.1296270662329853,equilibrium_files,1000
2864601_0.409,2864601_0.409:u008,shapley_mean_absolute,0.021234098980727138,0.01955784744249686,0.023005789263032785,equilibrium_files,1000
2864601_0.409,2864601_0.409:u008,mean_replacement_rms,0.07996715268192708,0.07193668113433635,0.08850076321234972,equilibrium_files,1000
2864601_0.409,2864601_0.409:u009,shapley_mean_absolute,0.026276275477954185,0.024658835330323925,0.02788499250642999,equilibrium_files,1000
2864601_0.409,2864601_0.409:u009,mean_replacement_rms,0.0805961852696079,0.07035410773003047,0.09123170181448279,equilibrium_files,1000
2864601_0.409,2864601_0.409:u010,shapley_mean_absolute,0.03722863640019204,0.031149888009249116,0.044118513283212084,equilibrium_files,1000
2864601_0.409,2864601_0.409:u010,mean_replacement_rms,0.11207104988429367,0.08411289532236109,0.13733994253136786,equilibrium_files,1000
2864601_0.409,2864601_0.409:u011,shapley_mean_absolute,0.022616905636677984,0.021106470267703115,0.024089608122555367,equilibrium_files,1000
2864601_0.409,2864601_0.409:u011,mean_replacement_rms,0.07491130880337908,0.06799428553066166,0.08160482597726225,equilibrium_files,1000
2864601_0.409,2864601_0.409:u012,shapley_mean_absolute,0.012533024213975296,0.01090222731998074,0.014300737581422435,equilibrium_files,1000
2864601_0.409,2864601_0.409:u012,mean_replacement_rms,0.03730607121434635,0.029115974942339164,0.04507780020458866,equilibrium_files,1000
2864601_0.409,2864601_0.409:u013,shapley_mean_absolute,0.013490213417157065,0.012319471937889466,0.014744121046952205,equilibrium_files,1000
2864601_0.409,2864601_0.409:u013,mean_replacement_rms,0.04913490413588381,0.036895530168241306,0.06023088256110012,equilibrium_files,1000
2864601_0.409,2864601_0.409:u014,shapley_mean_absolute,0.2094241090870928,0.19749150616297848,0.2213118031221733,equilibrium_files,1000
2864601_0.409,2864601_0.409:u014,mean_replacement_rms,0.324004580198701,0.2989031172803163,0.3489812197537212,equilibrium_files,1000
2864601_0.409,2864601_0.409:u015,shapley_mean_absolute,0.022979164984892123,0.018276697820387197,0.028003707330400356,equilibrium_files,1000
2864601_0.409,2864601_0.409:u015,mean_replacement_rms,0.08247721174123956,0.05909571483266615,0.10382908642599815,equilibrium_files,1000
2864601_0.409,2864601_0.409:u016,shapley_mean_absolute,0.060460902183433064,0.05721905473864317,0.06386274278469938,equilibrium_files,1000
2864601_0.409,2864601_0.409:u016,mean_replacement_rms,0.09821610309735138,0.08787237039786351,0.1089769404497218,equilibrium_files,1000
2864601_0.409,2864601_0.409:u017,shapley_mean_absolute,0.11649425522971432,0.10577013635150798,0.12781665336748702,equilibrium_files,1000
2864601_0.409,2864601_0.409:u017,mean_replacement_rms,0.21624536164199507,0.19276861844139628,0.23927111144912439,equilibrium_files,1000
2864601_0.409,2864601_0.409:u018,shapley_mean_absolute,0.01978507018482196,0.018230306064533214,0.021411425049350508,equilibrium_files,1000
2864601_0.409,2864601_0.409:u018,mean_replacement_rms,0.08198904805350433,0.07125781155313445,0.09353582176041172,equilibrium_files,1000
2864601_0.409,2864601_0.409:u019,shapley_mean_absolute,0.026251538088312373,0.024263641683098833,0.028158893924208676,equilibrium_files,1000
2864601_0.409,2864601_0.409:u019,mean_replacement_rms,0.07011623070745297,0.06271684798432893,0.07730214079634143,equilibrium_files,1000
2864601_0.409,2864601_0.409:u020,shapley_mean_absolute,3.4866388887166976e-11,1.909211277961731e-11,5.454348865896464e-11,equilibrium_files,1000
2864601_0.409,2864601_0.409:u020,mean_replacement_rms,0.0,0.0,0.0,equilibrium_files,1000
2864601_0.409,2864601_0.409:u021,shapley_mean_absolute,0.16312837585760281,0.15543769744544988,0.17133770974017098,equilibrium_files,1000
2864601_0.409,2864601_0.409:u021,mean_replacement_rms,0.31014991758982485,0.24762958536925825,0.3793088413545141,equilibrium_files,1000
2864601_0.409,2864601_0.409:u022,shapley_mean_absolute,0.05701084890193306,0.05214966700573277,0.06224044739925593,equilibrium_files,1000
2864601_0.409,2864601_0.409:u022,mean_replacement_rms,0.09317278984664035,0.07554877223770716,0.10965289371559839,equilibrium_files,1000
2864601_0.409,2864601_0.409:u023,shapley_mean_absolute,0.017060738216445315,0.015636844981676404,0.01851896867307587,equilibrium_files,1000
2864601_0.409,2864601_0.409:u023,mean_replacement_rms,0.05564392682607161,0.049807608272317845,0.062383882087928694,equilibrium_files,1000
2864601_0.409,2864601_0.409:u024,shapley_mean_absolute,0.016495766169973648,0.014970324818060907,0.01807799358128541,equilibrium_files,1000
2864601_0.409,2864601_0.409:u024,mean_replacement_rms,0.07804035968141007,0.07104940698409351,0.08505674611376994,equilibrium_files,1000
2864601_0.409,2864601_0.409:u025,shapley_mean_absolute,0.03472567358094966,0.0328876038135335,0.03657294276222092,equilibrium_files,1000
2864601_0.409,2864601_0.409:u025,mean_replacement_rms,0.07059845740568425,0.06432342400291645,0.07766717832804224,equilibrium_files,1000
2864601_0.409,2864601_0.409:u026,shapley_mean_absolute,0.02677494350777124,0.024785099329775403,0.02868997994962192,equilibrium_files,1000
2864601_0.409,2864601_0.409:u026,mean_replacement_rms,0.08998209237335986,0.08102482087815216,0.09942103969128205,equilibrium_files,1000
2864601_0.409,2864601_0.409:u027,shapley_mean_absolute,0.123112864308001,0.11581992127429402,0.13095864514857822,equilibrium_files,1000
2864601_0.409,2864601_0.409:u027,mean_replacement_rms,0.2268762066463594,0.2013721243003681,0.25530010278346005,equilibrium_files,1000
2864601_0.409,2864601_0.409:u028,shapley_mean_absolute,0.02826619269233197,0.026346615040686448,0.030271697039737044,equilibrium_files,1000
2864601_0.409,2864601_0.409:u028,mean_replacement_rms,0.11250066367565718,0.09574800357343813,0.12846193637244183,equilibrium_files,1000
2864601_0.409,2864601_0.409:u029,shapley_mean_absolute,0.01873324308448355,0.017393098491280398,0.020057275467364525,equilibrium_files,1000
2864601_0.409,2864601_0.409:u029,mean_replacement_rms,0.06767298596766208,0.06209326029011079,0.0731416383731448,equilibrium_files,1000
2864601_0.409,2864601_0.409:u030,shapley_mean_absolute,0.014185227381851292,0.012810463266169244,0.015692499282460633,equilibrium_files,1000
2864601_0.409,2864601_0.409:u030,mean_replacement_rms,0.044431674930569924,0.039068751099231185,0.049757924218928724,equilibrium_files,1000
2864601_0.386,2864601_0.386:u000,shapley_mean_absolute,0.009284368226450169,0.00867513348992361,0.00991591235935557,equilibrium_files,1000
2864601_0.386,2864601_0.386:u000,mean_replacement_rms,0.038349588807849506,0.034232446527927105,0.042129889400440226,equilibrium_files,1000
2864601_0.386,2864601_0.386:u001,shapley_mean_absolute,0.2465183876658557,0.23531353589237552,0.2583833841160755,equilibrium_files,1000
2864601_0.386,2864601_0.386:u001,mean_replacement_rms,0.32466397735357305,0.28747856668855004,0.3712253028546512,equilibrium_files,1000
2864601_0.386,2864601_0.386:u002,shapley_mean_absolute,0.014674409820814617,0.01356849454633484,0.015805793605062356,equilibrium_files,1000
2864601_0.386,2864601_0.386:u002,mean_replacement_rms,0.06500553260901379,0.05570225358492167,0.07473430661100121,equilibrium_files,1000
2864601_0.386,2864601_0.386:u003,shapley_mean_absolute,0.03802364751862478,0.03512442057019435,0.041208027523304915,equilibrium_files,1000
2864601_0.386,2864601_0.386:u003,mean_replacement_rms,0.05026729873809182,0.03899760652141644,0.06245106375165383,equilibrium_files,1000
2864601_0.386,2864601_0.386:u004,shapley_mean_absolute,0.01897055193700362,0.014803751145416755,0.024151337516578494,equilibrium_files,1000
2864601_0.386,2864601_0.386:u004,mean_replacement_rms,0.05504016120083761,0.03548393489516047,0.07306299542829048,equilibrium_files,1000
2864601_0.386,2864601_0.386:u005,shapley_mean_absolute,0.17079034373443575,0.15585995240880876,0.18617879278748295,equilibrium_files,1000
2864601_0.386,2864601_0.386:u005,mean_replacement_rms,0.26277761459743904,0.23105051794163214,0.29394224753835935,equilibrium_files,1000
2864601_0.386,2864601_0.386:u006,shapley_mean_absolute,0.05075908840511693,0.0458398910337608,0.05576807812208281,equilibrium_files,1000
2864601_0.386,2864601_0.386:u006,mean_replacement_rms,0.20399067397643408,0.17355530055428403,0.231831888938979,equilibrium_files,1000
2864601_0.386,2864601_0.386:u007,shapley_mean_absolute,0.05149096946307691,0.047146419773461824,0.055597449984512055,equilibrium_files,1000
2864601_0.386,2864601_0.386:u007,mean_replacement_rms,0.1673980528470838,0.15136617206553954,0.18281417772678335,equilibrium_files,1000
2864601_0.386,2864601_0.386:u008,shapley_mean_absolute,0.022494061860168585,0.020695129217802605,0.02449298901773873,equilibrium_files,1000
2864601_0.386,2864601_0.386:u008,mean_replacement_rms,0.07892708527053317,0.05872270964343289,0.10031573600282273,equilibrium_files,1000
2864601_0.386,2864601_0.386:u009,shapley_mean_absolute,0.06400906016639783,0.05798989049098382,0.07005199576296728,equilibrium_files,1000
2864601_0.386,2864601_0.386:u009,mean_replacement_rms,0.26357173509154275,0.22328440135809594,0.30130964518203873,equilibrium_files,1000
2864601_0.386,2864601_0.386:u010,shapley_mean_absolute,0.17524384481221206,0.16801599492980604,0.18297375742164584,equilibrium_files,1000
2864601_0.386,2864601_0.386:u010,mean_replacement_rms,0.1819493242360914,0.1705231996380612,0.19329818952046796,equilibrium_files,1000
2864601_0.386,2864601_0.386:u011,shapley_mean_absolute,0.025772347748512402,0.022846543249950627,0.029234621041908392,equilibrium_files,1000
2864601_0.386,2864601_0.386:u011,mean_replacement_rms,0.06953164873827558,0.04965231598583893,0.08772455390872744,equilibrium_files,1000
2864601_0.386,2864601_0.386:u012,shapley_mean_absolute,0.019337606582674197,0.0177933765277543,0.021077781230684194,equilibrium_files,1000
2864601_0.386,2864601_0.386:u012,mean_replacement_rms,0.08960131768556677,0.06596154005350012,0.11472468917656185,equilibrium_files,1000
2864601_0.386,2864601_0.386:u013,shapley_mean_absolute,0.020297848936665103,0.01886638568686394,0.02173989618974447,equilibrium_files,1000
2864601_0.386,2864601_0.386:u013,mean_replacement_rms,0.07803462315158406,0.06706064127126081,0.09033633349318743,equilibrium_files,1000
2864601_0.386,2864601_0.386:u014,shapley_mean_absolute,0.009703237811801955,0.008823065771593246,0.010687754515254345,equilibrium_files,1000
2864601_0.386,2864601_0.386:u014,mean_replacement_rms,0.02962812349936951,0.02384828185575011,0.0363451747749765,equilibrium_files,1000
2864601_0.386,2864601_0.386:u015,shapley_mean_absolute,0.021515802112553502,0.019924135594179826,0.023286161742463445,equilibrium_files,1000
2864601_0.386,2864601_0.386:u015,mean_replacement_rms,0.05530024880333382,0.0454584857558372,0.0669785081843501,equilibrium_files,1000
2864601_0.386,2864601_0.386:u016,shapley_mean_absolute,0.012978704310837202,0.01161460605708562,0.014344618375269782,equilibrium_files,1000
2864601_0.386,2864601_0.386:u016,mean_replacement_rms,0.06883533791422458,0.056920395901443516,0.08001649300630403,equilibrium_files,1000
2864601_0.386,2864601_0.386:u017,shapley_mean_absolute,2.9569491744041443e-11,1.7229467630386352e-11,4.41257725469768e-11,equilibrium_files,1000
2864601_0.386,2864601_0.386:u017,mean_replacement_rms,0.0,0.0,0.0,equilibrium_files,1000
2864601_0.386,2864601_0.386:u018,shapley_mean_absolute,0.02784231525787618,0.02515762094044476,0.031005401756387437,equilibrium_files,1000
2864601_0.386,2864601_0.386:u018,mean_replacement_rms,0.0887447347650894,0.06669774396774077,0.11214056674608594,equilibrium_files,1000
2864601_0.386,2864601_0.386:u019,shapley_mean_absolute,0.008948600201518275,0.008235678020626074,0.009694254314051794,equilibrium_files,1000
2864601_0.386,2864601_0.386:u019,mean_replacement_rms,0.037504575576012236,0.03151096848479508,0.04338770384122964,equilibrium_files,1000
2864601_0.386,2864601_0.386:u020,shapley_mean_absolute,0.007115331720880931,0.006251948500837171,0.00813952725910931,equilibrium_files,1000
2864601_0.386,2864601_0.386:u020,mean_replacement_rms,0.027883824007199874,0.021058979170175504,0.03472899962774406,equilibrium_files,1000
2864601_0.386,2864601_0.386:u021,shapley_mean_absolute,0.03446254433284048,0.03184463412252953,0.03721853100472363,equilibrium_files,1000
2864601_0.386,2864601_0.386:u021,mean_replacement_rms,0.1036539940546482,0.09283885006823075,0.11435617980170305,equilibrium_files,1000
2864601_0.386,2864601_0.386:u022,shapley_mean_absolute,0.0005594374126812909,0.0003984809408073488,0.0007500556975333894,equilibrium_files,1000
2864601_0.386,2864601_0.386:u022,mean_replacement_rms,0.0024805817756242015,0.0006949735370728791,0.0038776093020673964,equilibrium_files,1000
2864601_0.386,2864601_0.386:u023,shapley_mean_absolute,0.005948196669400204,0.004866662359588372,0.007274699632865668,equilibrium_files,1000
2864601_0.386,2864601_0.386:u023,mean_replacement_rms,0.04524369567604577,0.02328666690806642,0.0636450336448696,equilibrium_files,1000
2864601_0.386,2864601_0.386:u024,shapley_mean_absolute,0.10913823796063661,0.10415346324309357,0.11406085320831044,equilibrium_files,1000
2864601_0.386,2864601_0.386:u024,mean_replacement_rms,0.14934734759209511,0.14006220199193475,0.1591153843401669,equilibrium_files,1000
2864601_0.386,2864601_0.386:u025,shapley_mean_absolute,0.01632985338594881,0.01527907405411097,0.017451262670144935,equilibrium_files,1000
2864601_0.386,2864601_0.386:u025,mean_replacement_rms,0.06269468057438897,0.0548434890127769,0.0706243503924551,equilibrium_files,1000
2864601_0.386,2864601_0.386:u026,shapley_mean_absolute,0.02122574360005092,0.019604971251261306,0.023042358833288017,equilibrium_files,1000
2864601_0.386,2864601_0.386:u026,mean_replacement_rms,0.050497248412640965,0.04265016277842884,0.05911298664994556,equilibrium_files,1000
2864601_0.386,2864601_0.386:u027,shapley_mean_absolute,0.1429627947807312,0.13529046881026005,0.15134680177938425,equilibrium_files,1000
2864601_0.386,2864601_0.386:u027,mean_replacement_rms,0.21084225203104726,0.1950068516761406,0.22507649366851423,equilibrium_files,1000
2864601_0.386,2864601_0.386:u028,shapley_mean_absolute,0.022280511292890878,0.020532384135857864,0.024149437555964687,equilibrium_files,1000
2864601_0.386,2864601_0.386:u028,mean_replacement_rms,0.06932351477158426,0.059700757258448665,0.0795952958919993,equilibrium_files,1000
2864601_0.386,2864601_0.386:u029,shapley_mean_absolute,0.010481684713828144,0.009554373392900016,0.011520812739377289,equilibrium_files,1000
2864601_0.386,2864601_0.386:u029,mean_replacement_rms,0.042947499916088705,0.036188797208292836,0.05041169924041545,equilibrium_files,1000
2864601_0.386,2864601_0.386:u030,shapley_mean_absolute,0.010336695410078391,0.008420542599794134,0.012727579803446134,equilibrium_files,1000
2864601_0.386,2864601_0.386:u030,mean_replacement_rms,0.05945699371153885,0.03914948109895972,0.08051382703531956,equilibrium_files,1000
2864601_0.355,2864601_0.355:u000,shapley_mean_absolute,0.02970286647795001,0.027172342921885136,0.03267835846773523,equilibrium_files,1000
2864601_0.355,2864601_0.355:u000,mean_replacement_rms,0.08966568303198835,0.07955935017643495,0.09907631107483242,equilibrium_files,1000
2864601_0.355,2864601_0.355:u001,shapley_mean_absolute,0.010924571388459299,0.010070089879630541,0.011833770878303038,equilibrium_files,1000
2864601_0.355,2864601_0.355:u001,mean_replacement_rms,0.04102033598825422,0.034516693965200074,0.047595745738576584,equilibrium_files,1000
2864601_0.355,2864601_0.355:u002,shapley_mean_absolute,0.01677847025412484,0.015740764325129566,0.01789501334004162,equilibrium_files,1000
2864601_0.355,2864601_0.355:u002,mean_replacement_rms,0.04135005017992059,0.03661369340797096,0.047566752175798734,equilibrium_files,1000
2864601_0.355,2864601_0.355:u003,shapley_mean_absolute,0.05963379687268753,0.05514296038643224,0.06418685086175684,equilibrium_files,1000
2864601_0.355,2864601_0.355:u003,mean_replacement_rms,0.17639371705897408,0.15832953334240132,0.19197907043774995,equilibrium_files,1000
2864601_0.355,2864601_0.355:u004,shapley_mean_absolute,0.0289439542562468,0.026847935022361345,0.030927888626398635,equilibrium_files,1000
2864601_0.355,2864601_0.355:u004,mean_replacement_rms,0.10284375712871517,0.08854959814588814,0.11781148545101275,equilibrium_files,1000
2864601_0.355,2864601_0.355:u005,shapley_mean_absolute,0.024019648365385365,0.02071745412347664,0.027509422811871628,equilibrium_files,1000
2864601_0.355,2864601_0.355:u005,mean_replacement_rms,0.151875686677126,0.12724671804606008,0.17883979405353354,equilibrium_files,1000
2864601_0.355,2864601_0.355:u006,shapley_mean_absolute,0.013714469671889674,0.012715482686950419,0.014826800723458291,equilibrium_files,1000
2864601_0.355,2864601_0.355:u006,mean_replacement_rms,0.05175652917785229,0.0467748015171822,0.056880083083103924,equilibrium_files,1000
2864601_0.355,2864601_0.355:u007,shapley_mean_absolute,0.1891497540231794,0.17798760951374426,0.20145643438624392,equilibrium_files,1000
2864601_0.355,2864601_0.355:u007,mean_replacement_rms,0.26998452345471036,0.24988276400640716,0.29095463317473896,equilibrium_files,1000
2864601_0.355,2864601_0.355:u008,shapley_mean_absolute,0.010139291977509856,0.009168203502194956,0.01128653181550326,equilibrium_files,1000
2864601_0.355,2864601_0.355:u008,mean_replacement_rms,0.024604678858069183,0.02050790343533287,0.028750912111201385,equilibrium_files,1000
2864601_0.355,2864601_0.355:u009,shapley_mean_absolute,0.0034907741784118117,0.0028778326353247393,0.004176725958075258,equilibrium_files,1000
2864601_0.355,2864601_0.355:u009,mean_replacement_rms,0.02060196090367658,0.014520854298446254,0.026376303002403595,equilibrium_files,1000
2864601_0.355,2864601_0.355:u010,shapley_mean_absolute,0.0300315187467495,0.028263137272384484,0.03177062009483343,equilibrium_files,1000
2864601_0.355,2864601_0.355:u010,mean_replacement_rms,0.08937724782273479,0.08164711685365117,0.09732406727601099,equilibrium_files,1000
2864601_0.355,2864601_0.355:u011,shapley_mean_absolute,0.00768099060660461,0.006945298674868536,0.008477388972087645,equilibrium_files,1000
2864601_0.355,2864601_0.355:u011,mean_replacement_rms,0.017175452899410495,0.013107761493658937,0.02121919134276521,equilibrium_files,1000
2864601_0.355,2864601_0.355:u012,shapley_mean_absolute,0.013309908022987656,0.012343863601589693,0.014283765913234674,equilibrium_files,1000
2864601_0.355,2864601_0.355:u012,mean_replacement_rms,0.04810627148831086,0.04262365737667911,0.05385495643821564,equilibrium_files,1000
2864601_0.355,2864601_0.355:u013,shapley_mean_absolute,0.019474929303687532,0.018350213227831407,0.020682754648730043,equilibrium_files,1000
2864601_0.355,2864601_0.355:u013,mean_replacement_rms,0.03729191961484249,0.03240893257382083,0.042881516919894024,equilibrium_files,1000
2864601_0.355,2864601_0.355:u014,shapley_mean_absolute,0.11403191324905493,0.10922507600356185,0.1185471147674485,equilibrium_files,1000
2864601_0.355,2864601_0.355:u014,mean_replacement_rms,0.18055881941321444,0.16655113827787313,0.19335585093103935,equilibrium_files,1000
2864601_0.355,2864601_0.355:u015,shapley_mean_absolute,0.021442405553301798,0.01998376895188121,0.022953506458742775,equilibrium_files,1000
2864601_0.355,2864601_0.355:u015,mean_replacement_rms,0.045744493492678444,0.04041733912700039,0.050718934240665,equilibrium_files,1000
2864601_0.355,2864601_0.355:u016,shapley_mean_absolute,0.014515972445893567,0.013223297246624133,0.01593590814341733,equilibrium_files,1000
2864601_0.355,2864601_0.355:u016,mean_replacement_rms,0.056778493522374976,0.04628823114286909,0.06752221271748002,equilibrium_files,1000
2864601_0.355,2864601_0.355:u017,shapley_mean_absolute,0.010596828321926295,0.009532568329016795,0.011847354312177049,equilibrium_files,1000
2864601_0.355,2864601_0.355:u017,mean_replacement_rms,0.05405909414524738,0.041015070249649246,0.06729466667080287,equilibrium_files,1000
2864601_0.355,2864601_0.355:u018,shapley_mean_absolute,0.032621624866325874,0.02988822270947421,0.03533579312578659,equilibrium_files,1000
2864601_0.355,2864601_0.355:u018,mean_replacement_rms,0.13234272303326552,0.11260902000382741,0.1521254517690062,equilibrium_files,1000
2864601_0.355,2864601_0.355:u019,shapley_mean_absolute,0.025333649391599464,0.023735135160350182,0.026937192344829962,equilibrium_files,1000
2864601_0.355,2864601_0.355:u019,mean_replacement_rms,0.06274809872622779,0.05336545064188508,0.07272780842121603,equilibrium_files,1000
2864601_0.355,2864601_0.355:u020,shapley_mean_absolute,0.006568767261254834,0.005761884764979914,0.007424284997564974,equilibrium_files,1000
2864601_0.355,2864601_0.355:u020,mean_replacement_rms,0.01850114159042059,0.01453606228279219,0.021991207831361156,equilibrium_files,1000
2864601_0.355,2864601_0.355:u021,shapley_mean_absolute,0.030177203283295966,0.024935117461456685,0.03602420828472532,equilibrium_files,1000
2864601_0.355,2864601_0.355:u021,mean_replacement_rms,0.08049527624960233,0.05996684996427047,0.10109444591901641,equilibrium_files,1000
2864601_0.355,2864601_0.355:u022,shapley_mean_absolute,0.00829384635045426,0.007495406095623912,0.009072696164807713,equilibrium_files,1000
2864601_0.355,2864601_0.355:u022,mean_replacement_rms,0.04654061916947227,0.03933035302666811,0.053961349346112616,equilibrium_files,1000
2864601_0.355,2864601_0.355:u023,shapley_mean_absolute,0.018940111533505843,0.01618854745304852,0.021925079949657086,equilibrium_files,1000
2864601_0.355,2864601_0.355:u023,mean_replacement_rms,0.07448891534829978,0.05140311251536845,0.09668872148068654,equilibrium_files,1000
2864601_0.355,2864601_0.355:u024,shapley_mean_absolute,0.024751170464791358,0.022776898564101433,0.026849851454864255,equilibrium_files,1000
2864601_0.355,2864601_0.355:u024,mean_replacement_rms,0.06912119954429573,0.054157924402806396,0.08474961958592014,equilibrium_files,1000
2864601_0.355,2864601_0.355:u025,shapley_mean_absolute,0.01193374131002929,0.010858725611577393,0.013124160982362808,equilibrium_files,1000
2864601_0.355,2864601_0.355:u025,mean_replacement_rms,0.04109913005113237,0.03438150202508635,0.04745567496008113,equilibrium_files,1000
2864601_0.355,2864601_0.355:u026,shapley_mean_absolute,0.010947075847710949,0.008960976210013905,0.013308481252803176,equilibrium_files,1000
2864601_0.355,2864601_0.355:u026,mean_replacement_rms,0.09156172630407837,0.052933104128806245,0.12473380339424091,equilibrium_files,1000
2864601_0.355,2864601_0.355:u027,shapley_mean_absolute,0.34448163680522703,0.32665238777968336,0.3630276496789302,equilibrium_files,1000
2864601_0.355,2864601_0.355:u027,mean_replacement_rms,0.515136042210322,0.45899649983436325,0.5792065671457144,equilibrium_files,1000
2864601_0.355,2864601_0.355:u028,shapley_mean_absolute,0.014371116276248359,0.013369887851408567,0.01556972813902248,equilibrium_files,1000
2864601_0.355,2864601_0.355:u028,mean_replacement_rms,0.051573958565060946,0.04484357161656238,0.05889829357384998,equilibrium_files,1000
2864601_0.355,2864601_0.355:u029,shapley_mean_absolute,0.018593923515756613,0.016477286475023722,0.020784199486722353,equilibrium_files,1000
2864601_0.355,2864601_0.355:u029,mean_replacement_rms,0.0699085856247378,0.0585536859651063,0.08128087931516,equilibrium_files,1000
2864601_0.355,2864601_0.355:u030,shapley_mean_absolute,0.10358848132006825,0.09442077303780243,0.11314129168046638,equilibrium_files,1000
2864601_0.355,2864601_0.355:u030,mean_replacement_rms,0.1789669701285239,0.1620594503887429,0.19477893257792336,equilibrium_files,1000
2864601_0.449,2864601_0.449:u000,shapley_mean_absolute,0.01712673496134812,0.01529760761041398,0.019128110326564637,equilibrium_files,1000
2864601_0.449,2864601_0.449:u000,mean_replacement_rms,0.06741619965742857,0.05514973384072457,0.08010219782521293,equilibrium_files,1000
2864601_0.449,2864601_0.449:u001,shapley_mean_absolute,0.14862593543838012,0.1370947932444673,0.16052737935361072,equilibrium_files,1000
2864601_0.449,2864601_0.449:u001,mean_replacement_rms,0.30559825393930967,0.2744723864823926,0.3333186189579427,equilibrium_files,1000
2864601_0.449,2864601_0.449:u002,shapley_mean_absolute,0.03190977971634129,0.029711400276546195,0.034218630155565914,equilibrium_files,1000
2864601_0.449,2864601_0.449:u002,mean_replacement_rms,0.1289776304143439,0.10505325586756503,0.1602147560324513,equilibrium_files,1000
2864601_0.449,2864601_0.449:u003,shapley_mean_absolute,0.044027592336788074,0.04037960437606889,0.04740640567586815,equilibrium_files,1000
2864601_0.449,2864601_0.449:u003,mean_replacement_rms,0.16928147434391924,0.14970657657551603,0.18708759094911265,equilibrium_files,1000
2864601_0.449,2864601_0.449:u004,shapley_mean_absolute,0.030565865751297678,0.027197888184657494,0.03407703566845157,equilibrium_files,1000
2864601_0.449,2864601_0.449:u004,mean_replacement_rms,0.1109128797649853,0.08469940413962876,0.13646403958855868,equilibrium_files,1000
2864601_0.449,2864601_0.449:u005,shapley_mean_absolute,0.01605821825377643,0.013335841764044017,0.01888416655972251,equilibrium_files,1000
2864601_0.449,2864601_0.449:u005,mean_replacement_rms,0.10534662892137264,0.07758819710085776,0.12829469670928426,equilibrium_files,1000
2864601_0.449,2864601_0.449:u006,shapley_mean_absolute,0.01914848965627607,0.016601358460272605,0.02179952834938449,equilibrium_files,1000
2864601_0.449,2864601_0.449:u006,mean_replacement_rms,0.06454859033633663,0.05022631563989843,0.07727676537705852,equilibrium_files,1000
2864601_0.449,2864601_0.449:u007,shapley_mean_absolute,3.154855221509934e-11,1.2454984243959188e-11,5.419133231043816e-11,equilibrium_files,1000
2864601_0.449,2864601_0.449:u007,mean_replacement_rms,0.0,0.0,0.0,equilibrium_files,1000
2864601_0.449,2864601_0.449:u008,shapley_mean_absolute,0.06829763305874076,0.0636191885618071,0.07316777896567218,equilibrium_files,1000
2864601_0.449,2864601_0.449:u008,mean_replacement_rms,0.16494785115643143,0.1475070528043236,0.18250605428537123,equilibrium_files,1000
2864601_0.449,2864601_0.449:u009,shapley_mean_absolute,0.12547955012350576,0.11820833039384016,0.13299850640501099,equilibrium_files,1000
2864601_0.449,2864601_0.449:u009,mean_replacement_rms,0.22408137867233405,0.17990194806957874,0.2806024903849501,equilibrium_files,1000
2864601_0.449,2864601_0.449:u010,shapley_mean_absolute,0.05308922064816579,0.0502806986815689,0.05628823084823671,equilibrium_files,1000
2864601_0.449,2864601_0.449:u010,mean_replacement_rms,0.09122634386396557,0.07419647972389075,0.10920886888012869,equilibrium_files,1000
2864601_0.449,2864601_0.449:u011,shapley_mean_absolute,0.06307260585366749,0.058838789869160975,0.06755022485178779,equilibrium_files,1000
2864601_0.449,2864601_0.449:u011,mean_replacement_rms,0.19734504511224493,0.17529631219078465,0.21753485013877003,equilibrium_files,1000
2864601_0.449,2864601_0.449:u012,shapley_mean_absolute,0.19341467464494053,0.18375412319026654,0.20309580129577662,equilibrium_files,1000
2864601_0.449,2864601_0.449:u012,mean_replacement_rms,0.3219208104083955,0.2773749890486796,0.37620671009649814,equilibrium_files,1000
2864601_0.449,2864601_0.449:u013,shapley_mean_absolute,0.2423996072523296,0.22930634312418988,0.25780543672100176,equilibrium_files,1000
2864601_0.449,2864601_0.449:u013,mean_replacement_rms,0.36860261302109304,0.3331233165954102,0.4046786256389286,equilibrium_files,1000
2864601_0.449,2864601_0.449:u014,shapley_mean_absolute,4.21423465013504e-11,1.5307159628719092e-11,8.266943041235207e-11,equilibrium_files,1000
2864601_0.449,2864601_0.449:u014,mean_replacement_rms,0.0,0.0,0.0,equilibrium_files,1000
2864601_0.449,2864601_0.449:u015,shapley_mean_absolute,0.014511577008728637,0.013412788653695317,0.015710434395464837,equilibrium_files,1000
2864601_0.449,2864601_0.449:u015,mean_replacement_rms,0.06517465321964303,0.04731343228221061,0.08207738294249146,equilibrium_files,1000
2864601_0.449,2864601_0.449:u016,shapley_mean_absolute,0.055949280495173295,0.05154101824974641,0.06101211525120452,equilibrium_files,1000
2864601_0.449,2864601_0.449:u016,mean_replacement_rms,0.10640191709892703,0.0936703097041861,0.12074335938707044,equilibrium_files,1000
2864601_0.449,2864601_0.449:u017,shapley_mean_absolute,0.03226633562083589,0.029554456774986464,0.03492553638503886,equilibrium_files,1000
2864601_0.449,2864601_0.449:u017,mean_replacement_rms,0.09773285071207584,0.08562418955984384,0.10847176513951898,equilibrium_files,1000
2864601_0.449,2864601_0.449:u018,shapley_mean_absolute,0.006626947250944795,0.005819321051314183,0.00744605950252735,equilibrium_files,1000
2864601_0.449,2864601_0.449:u018,mean_replacement_rms,0.038086695434174866,0.02805092161264577,0.04795964775237296,equilibrium_files,1000
2864601_0.449,2864601_0.449:u019,shapley_mean_absolute,0.023669710781105094,0.022229514192144417,0.025289655934102484,equilibrium_files,1000
2864601_0.449,2864601_0.449:u019,mean_replacement_rms,0.06635313298292186,0.05968024749359795,0.07277195856619242,equilibrium_files,1000
2864601_0.449,2864601_0.449:u020,shapley_mean_absolute,0.043184529769961955,0.03900180237485402,0.047561908776377095,equilibrium_files,1000
2864601_0.449,2864601_0.449:u020,mean_replacement_rms,0.200558364308085,0.16860896985911458,0.23116741311785852,equilibrium_files,1000
2864601_0.449,2864601_0.449:u021,shapley_mean_absolute,0.022490956273628397,0.020363979380126695,0.024725966479633644,equilibrium_files,1000
2864601_0.449,2864601_0.449:u021,mean_replacement_rms,0.038491255430086024,0.03166527467743052,0.04553662148282801,equilibrium_files,1000
2864601_0.340,2864601_0.340:u000,shapley_mean_absolute,0.034783111012045995,0.03111645469604919,0.038766689228703764,equilibrium_files,1000
2864601_0.340,2864601_0.340:u000,mean_replacement_rms,0.10342707569830069,0.09136312299640113,0.11486070343575128,equilibrium_files,1000
2864601_0.340,2864601_0.340:u001,shapley_mean_absolute,0.0673333899967256,0.06263918256941252,0.07216851305528253,equilibrium_files,1000
2864601_0.340,2864601_0.340:u001,mean_replacement_rms,0.19739103215304465,0.17881927095150651,0.21637810970608778,equilibrium_files,1000
2864601_0.340,2864601_0.340:u002,shapley_mean_absolute,0.030998988966777687,0.028598520523880143,0.033300297575709556,equilibrium_files,1000
2864601_0.340,2864601_0.340:u002,mean_replacement_rms,0.12984401685911268,0.1098006173499306,0.14863715049122062,equilibrium_files,1000
2864601_0.340,2864601_0.340:u003,shapley_mean_absolute,0.16287284479057415,0.1534388898484991,0.17289948793487273,equilibrium_files,1000
2864601_0.340,2864601_0.340:u003,mean_replacement_rms,0.31628494521350103,0.28417167919824365,0.3455730998174039,equilibrium_files,1000
2864601_0.340,2864601_0.340:u004,shapley_mean_absolute,0.010064612291695084,0.007924678430423228,0.012556270533621136,equilibrium_files,1000
2864601_0.340,2864601_0.340:u004,mean_replacement_rms,0.10043111217608594,0.06830509004971809,0.1322101069069731,equilibrium_files,1000
2864601_0.340,2864601_0.340:u005,shapley_mean_absolute,0.013553389982233056,0.01186783505862186,0.015340448327634657,equilibrium_files,1000
2864601_0.340,2864601_0.340:u005,mean_replacement_rms,0.0780794746137406,0.05873669581087569,0.09577144491457608,equilibrium_files,1000
2864601_0.340,2864601_0.340:u006,shapley_mean_absolute,0.011604241963999812,0.010109954773660137,0.013453238786106521,equilibrium_files,1000
2864601_0.340,2864601_0.340:u006,mean_replacement_rms,0.06936314970038414,0.04741240105190855,0.0936867223214786,equilibrium_files,1000
2864601_0.340,2864601_0.340:u007,shapley_mean_absolute,0.019984946506185226,0.018540503667253506,0.021466551663143763,equilibrium_files,1000
2864601_0.340,2864601_0.340:u007,mean_replacement_rms,0.09571863299806932,0.07370749978588624,0.12357637128723264,equilibrium_files,1000
2864601_0.340,2864601_0.340:u008,shapley_mean_absolute,0.011741204468649812,0.01048780827130031,0.012939441119792899,equilibrium_files,1000
2864601_0.340,2864601_0.340:u008,mean_replacement_rms,0.0674379832644698,0.057371020702488056,0.07705206721035017,equilibrium_files,1000
2864601_0.340,2864601_0.340:u009,shapley_mean_absolute,0.014947178756265202,0.013423712537060055,0.01664963920238952,equilibrium_files,1000
2864601_0.340,2864601_0.340:u009,mean_replacement_rms,0.096726780371123,0.06676587528574425,0.13005762038900656,equilibrium_files,1000
2864601_0.340,2864601_0.340:u010,shapley_mean_absolute,2.5494955480098724e-11,1.3384851627051831e-11,4.016619641333818e-11,equilibrium_files,1000
2864601_0.340,2864601_0.340:u010,mean_replacement_rms,0.0,0.0,0.0,equilibrium_files,1000
2864601_0.340,2864601_0.340:u011,shapley_mean_absolute,0.01190393690619385,0.01102669939969055,0.012833269873310928,equilibrium_files,1000
2864601_0.340,2864601_0.340:u011,mean_replacement_rms,0.017959276077016757,0.015803064659527404,0.020459848818475478,equilibrium_files,1000
2864601_0.340,2864601_0.340:u012,shapley_mean_absolute,0.24780483588878996,0.22439500667958637,0.2725959686918475,equilibrium_files,1000
2864601_0.340,2864601_0.340:u012,mean_replacement_rms,0.4635869694924348,0.4163317189299071,0.5090415901514503,equilibrium_files,1000
2864601_0.340,2864601_0.340:u013,shapley_mean_absolute,0.012041198232502211,0.009956724436371587,0.014375497044090298,equilibrium_files,1000
2864601_0.340,2864601_0.340:u013,mean_replacement_rms,0.0453106170701687,0.0336121907527843,0.05624905812802802,equilibrium_files,1000
2864601_0.340,2864601_0.340:u014,shapley_mean_absolute,0.01466514773646486,0.013100678318963038,0.01633574916278376,equilibrium_files,1000
2864601_0.340,2864601_0.340:u014,mean_replacement_rms,0.08571450574455686,0.0617508384897463,0.11120017632640047,equilibrium_files,1000
2864601_0.340,2864601_0.340:u015,shapley_mean_absolute,0.025534269183612197,0.023778773056835054,0.027328631907851376,equilibrium_files,1000
2864601_0.340,2864601_0.340:u015,mean_replacement_rms,0.0646888057649461,0.055844707957690566,0.07341581334767792,equilibrium_files,1000
2864601_0.340,2864601_0.340:u016,shapley_mean_absolute,0.029126500851940365,0.026876110538949432,0.03133865704461641,equilibrium_files,1000
2864601_0.340,2864601_0.340:u016,mean_replacement_rms,0.061965996430914015,0.048876145807004286,0.07544011155047163,equilibrium_files,1000
2864601_0.340,2864601_0.340:u017,shapley_mean_absolute,0.012708997113950318,0.01136787094651372,0.01420388293832366,equilibrium_files,1000
2864601_0.340,2864601_0.340:u017,mean_replacement_rms,0.0658659742367745,0.05071614462991275,0.08087978969898554,equilibrium_files,1000
2864601_0.340,2864601_0.340:u018,shapley_mean_absolute,2.898741513490677e-11,1.606385922059417e-11,4.3489853851497166e-11,equilibrium_files,1000
2864601_0.340,2864601_0.340:u018,mean_replacement_rms,0.0,0.0,0.0,equilibrium_files,1000
2864601_0.340,2864601_0.340:u019,shapley_mean_absolute,1.979060471057892e-11,1.12297129817307e-11,3.0215596780180925e-11,equilibrium_files,1000
2864601_0.340,2864601_0.340:u019,mean_replacement_rms,0.0,0.0,0.0,equilibrium_files,1000
2864601_0.340,2864601_0.340:u020,shapley_mean_absolute,0.027260684848879464,0.024117356076480065,0.030790992274307063,equilibrium_files,1000
2864601_0.340,2864601_0.340:u020,mean_replacement_rms,0.06511174169123159,0.0542892235962399,0.07668712206281166,equilibrium_files,1000
2864601_0.340,2864601_0.340:u021,shapley_mean_absolute,0.011873537184932502,0.01092230949190489,0.012860959545103834,equilibrium_files,1000
2864601_0.340,2864601_0.340:u021,mean_replacement_rms,0.047912930635390705,0.03735388413964606,0.05850466173346466,equilibrium_files,1000
2864601_0.340,2864601_0.340:u022,shapley_mean_absolute,0.41638243398326447,0.39601612341619913,0.43808691968299684,equilibrium_files,1000
2864601_0.340,2864601_0.340:u022,mean_replacement_rms,0.5505648292853659,0.5096468877227146,0.5945403710880394,equilibrium_files,1000
2864601_0.340,2864601_0.340:u023,shapley_mean_absolute,0.028586692178010707,0.0255268605440353,0.03180069746295849,equilibrium_files,1000
2864601_0.340,2864601_0.340:u023,mean_replacement_rms,0.17714181490058983,0.15501027050404273,0.1982508274332411,equilibrium_files,1000
2864601_0.340,2864601_0.340:u024,shapley_mean_absolute,0.03184308803456952,0.029148929031926674,0.03488994228564916,equilibrium_files,1000
2864601_0.340,2864601_0.340:u024,mean_replacement_rms,0.10548469673301084,0.09285172471962681,0.1181500819151839,equilibrium_files,1000
2864601_0.340,2864601_0.340:u025,shapley_mean_absolute,2.89292074739933e-11,1.6356352716684343e-11,4.325411282479762e-11,equilibrium_files,1000
2864601_0.340,2864601_0.340:u025,mean_replacement_rms,0.0,0.0,0.0,equilibrium_files,1000
2864601_0.340,2864601_0.340:u026,shapley_mean_absolute,3.064633347094059e-11,1.7402635421603918e-11,4.604589776135981e-11,equilibrium_files,1000
2864601_0.340,2864601_0.340:u026,mean_replacement_rms,0.0,0.0,0.0,equilibrium_files,1000
2864601_0.296,2864601_0.296:u000,shapley_mean_absolute,0.06856091655266937,0.06430382834172634,0.07283215721799934,equilibrium_files,1000
2864601_0.296,2864601_0.296:u000,mean_replacement_rms,0.11253777189911683,0.09750154897736532,0.12705454374154734,equilibrium_files,1000
2864601_0.296,2864601_0.296:u001,shapley_mean_absolute,0.02586810837360099,0.023947601152636343,0.02775284367482527,equilibrium_files,1000
2864601_0.296,2864601_0.296:u001,mean_replacement_rms,0.1000378633142605,0.09120429227221152,0.10864649727607312,equilibrium_files,1000
2864601_0.296,2864601_0.296:u002,shapley_mean_absolute,0.0324728518773336,0.02948313493168098,0.03554504891409015,equilibrium_files,1000
2864601_0.296,2864601_0.296:u002,mean_replacement_rms,0.0777707817767971,0.057041558286207404,0.09862655770341713,equilibrium_files,1000
2864601_0.296,2864601_0.296:u003,shapley_mean_absolute,0.08264857025281526,0.07915390784527407,0.08645126673781196,equilibrium_files,1000
2864601_0.296,2864601_0.296:u003,mean_replacement_rms,0.13601780355113757,0.12413167814983492,0.14890212020381324,equilibrium_files,1000
2864601_0.296,2864601_0.296:u004,shapley_mean_absolute,0.03220159423875157,0.028503021082081248,0.0363919732473063,equilibrium_files,1000
2864601_0.296,2864601_0.296:u004,mean_replacement_rms,0.14773934813608167,0.11595705395169537,0.18111322193780216,equilibrium_files,1000
2864601_0.296,2864601_0.296:u005,shapley_mean_absolute,0.041658278177725154,0.03901037989304168,0.04456224657355342,equilibrium_files,1000
2864601_0.296,2864601_0.296:u005,mean_replacement_rms,0.15871406695142795,0.12479616003249057,0.19951318268044024,equilibrium_files,1000
2864601_0.296,2864601_0.296:u006,shapley_mean_absolute,0.015522852683672681,0.0118875039020204,0.01972570054216776,equilibrium_files,1000
2864601_0.296,2864601_0.296:u006,mean_replacement_rms,0.0524247043939613,0.03426675989152617,0.06921985352063074,equilibrium_files,1000
2864601_0.296,2864601_0.296:u007,shapley_mean_absolute,0.05746865539072314,0.05274398571079219,0.062452537222388485,equilibrium_files,1000
2864601_0.296,2864601_0.296:u007,mean_replacement_rms,0.18890029596781124,0.17020736386629262,0.2086426910171647,equilibrium_files,1000
2864601_0.296,2864601_0.296:u008,shapley_mean_absolute,0.01234533366013784,0.010490988053201,0.014486181624393794,equilibrium_files,1000
2864601_0.296,2864601_0.296:u008,mean_replacement_rms,0.0398416938587049,0.027839443815035437,0.04986083064090563,equilibrium_files,1000
2864601_0.296,2864601_0.296:u009,shapley_mean_absolute,0.012657199086504988,0.011597223308353569,0.013669434679922415,equilibrium_files,1000
2864601_0.296,2864601_0.296:u009,mean_replacement_rms,0.05415370700620148,0.04848845472025365,0.05989983227285151,equilibrium_files,1000
2864601_0.296,2864601_0.296:u010,shapley_mean_absolute,0.005979548069532029,0.005324789652845357,0.006662964359374018,equilibrium_files,1000
2864601_0.296,2864601_0.296:u010,mean_replacement_rms,0.01752694551817042,0.01302528011713399,0.021626201119499415,equilibrium_files,1000
2864601_0.296,2864601_0.296:u011,shapley_mean_absolute,0.0273942366396077,0.02529341238543275,0.029521909133929877,equilibrium_files,1000
2864601_0.296,2864601_0.296:u011,mean_replacement_rms,0.09941670920506018,0.08934083956310039,0.10998295682318683,equilibrium_files,1000
2864601_0.296,2864601_0.296:u012,shapley_mean_absolute,0.036776637808885425,0.03387461396910366,0.03982230715340993,equilibrium_files,1000
2864601_0.296,2864601_0.296:u012,mean_replacement_rms,0.1522836367241228,0.13135677301770804,0.17378840661423295,equilibrium_files,1000
2864601_0.296,2864601_0.296:u013,shapley_mean_absolute,0.13220407715765758,0.124797298283095,0.14005693727822507,equilibrium_files,1000
2864601_0.296,2864601_0.296:u013,mean_replacement_rms,0.2620395414800138,0.2301603459852405,0.29520703719511465,equilibrium_files,1000
2864601_0.296,2864601_0.296:u014,shapley_mean_absolute,0.09270392580528278,0.0873895052392385,0.09849650543766329,equilibrium_files,1000
2864601_0.296,2864601_0.296:u014,mean_replacement_rms,0.10358422609279037,0.09326506543697768,0.11430294579717958,equilibrium_files,1000
2864601_0.296,2864601_0.296:u015,shapley_mean_absolute,0.07267226313904393,0.06615915924941655,0.0803933855030802,equilibrium_files,1000
2864601_0.296,2864601_0.296:u015,mean_replacement_rms,0.135540712297882,0.11466746166924383,0.15662439139346981,equilibrium_files,1000
2864601_0.296,2864601_0.296:u016,shapley_mean_absolute,0.02297389645676594,0.02089445081386657,0.024970929953528682,equilibrium_files,1000
2864601_0.296,2864601_0.296:u016,mean_replacement_rms,0.08122146988822262,0.06603406913182536,0.09961564113091922,equilibrium_files,1000
2864601_0.296,2864601_0.296:u017,shapley_mean_absolute,0.04771734509267844,0.042614223893801685,0.053891166310876724,equilibrium_files,1000
2864601_0.296,2864601_0.296:u017,mean_replacement_rms,0.28712426209368186,0.18459624678311232,0.40701100186343375,equilibrium_files,1000
2864601_0.296,2864601_0.296:u018,shapley_mean_absolute,0.11373959731822833,0.10608111613747605,0.12210909322116349,equilibrium_files,1000
2864601_0.296,2864601_0.296:u018,mean_replacement_rms,0.24880532051712537,0.23047765712243368,0.2659283668996363,equilibrium_files,1000
2864601_0.296,2864601_0.296:u019,shapley_mean_absolute,0.0005797444879426621,0.000447835891853174,0.0007295714176150794,equilibrium_files,1000
2864601_0.296,2864601_0.296:u019,mean_replacement_rms,0.007222990367001148,0.0030203475717658075,0.010700925800318064,equilibrium_files,1000
2864601_0.296,2864601_0.296:u020,shapley_mean_absolute,0.014212579476647079,0.013062932153057772,0.015491142455252703,equilibrium_files,1000
2864601_0.296,2864601_0.296:u020,mean_replacement_rms,0.06064936079434384,0.0542024113369839,0.06750972789180408,equilibrium_files,1000
2864601_0.296,2864601_0.296:u021,shapley_mean_absolute,0.10206860185076948,0.0953263638778706,0.10977009124188918,equilibrium_files,1000
2864601_0.296,2864601_0.296:u021,mean_replacement_rms,0.16915075979364505,0.1459196021513997,0.19227988947958086,equilibrium_files,1000
2864601_0.296,2864601_0.296:u022,shapley_mean_absolute,0.010042325928749051,0.00904289536376018,0.011116351376140665,equilibrium_files,1000
2864601_0.296,2864601_0.296:u022,mean_replacement_rms,0.037687658655441804,0.030403587778894434,0.04546940779524961,equilibrium_files,1000
2864601_0.296,2864601_0.296:u023,shapley_mean_absolute,0.07752755545999389,0.07340267847627692,0.08207329842454346,equilibrium_files,1000
2864601_0.296,2864601_0.296:u023,mean_replacement_rms,0.1206576874589251,0.1121478020278432,0.12986071669750932,equilibrium_files,1000
2864601_0.296,2864601_0.296:u024,shapley_mean_absolute,0.0965685910405591,0.09032819561841315,0.1033127611707896,equilibrium_files,1000
2864601_0.296,2864601_0.296:u024,mean_replacement_rms,0.13984458125151014,0.12875677549707548,0.15205377083429675,equilibrium_files,1000
2864601_0.270,2864601_0.270:u000,shapley_mean_absolute,0.02774303619193961,0.025215603451071364,0.030872624588436155,equilibrium_files,1000
2864601_0.270,2864601_0.270:u000,mean_replacement_rms,0.07677311698904267,0.0631990139205667,0.09013356035158966,equilibrium_files,1000
2864601_0.270,2864601_0.270:u001,shapley_mean_absolute,0.07394168313260889,0.07059037123479066,0.07805803901203907,equilibrium_files,1000
2864601_0.270,2864601_0.270:u001,mean_replacement_rms,0.10849114430667639,0.09925490813001507,0.1183260730970067,equilibrium_files,1000
2864601_0.270,2864601_0.270:u002,shapley_mean_absolute,0.11587191115040332,0.1100051117444993,0.12209025188572123,equilibrium_files,1000
2864601_0.270,2864601_0.270:u002,mean_replacement_rms,0.19690037079641023,0.18054700109294144,0.21214291098728666,equilibrium_files,1000
2864601_0.270,2864601_0.270:u003,shapley_mean_absolute,0.02752028421277646,0.025987761933276485,0.029012305442046634,equilibrium_files,1000
2864601_0.270,2864601_0.270:u003,mean_replacement_rms,0.043546891348869875,0.03977560832399799,0.04747528280444966,equilibrium_files,1000
2864601_0.270,2864601_0.270:u004,shapley_mean_absolute,0.020221477446291828,0.018103588891794788,0.0224509938835261,equilibrium_files,1000
2864601_0.270,2864601_0.270:u004,mean_replacement_rms,0.06768220752979597,0.05827356233851567,0.07663235970975417,equilibrium_files,1000
2864601_0.270,2864601_0.270:u005,shapley_mean_absolute,0.018014080415305216,0.016434342176103383,0.019572031139860335,equilibrium_files,1000
2864601_0.270,2864601_0.270:u005,mean_replacement_rms,0.06859184545470687,0.0549718376087016,0.08286503205015278,equilibrium_files,1000
2864601_0.270,2864601_0.270:u006,shapley_mean_absolute,0.00824029234550835,0.006895452353613291,0.00972780968425177,equilibrium_files,1000
2864601_0.270,2864601_0.270:u006,mean_replacement_rms,0.04952703639000429,0.03408053191476171,0.06465792221769981,equilibrium_files,1000
2864601_0.270,2864601_0.270:u007,shapley_mean_absolute,0.12564320880686863,0.11337061311059514,0.13787932824054733,equilibrium_files,1000
2864601_0.270,2864601_0.270:u007,mean_replacement_rms,0.20529612615457443,0.1790500663793615,0.2301711429064498,equilibrium_files,1000
2864601_0.270,2864601_0.270:u008,shapley_mean_absolute,0.07195135941851186,0.0666050096605657,0.07782061278338515,equilibrium_files,1000
2864601_0.270,2864601_0.270:u008,mean_replacement_rms,0.08799556684899054,0.07848502557976492,0.09740433249363924,equilibrium_files,1000
2864601_0.270,2864601_0.270:u009,shapley_mean_absolute,0.05723408101260429,0.05446827455737366,0.060176346484903484,equilibrium_files,1000
2864601_0.270,2864601_0.270:u009,mean_replacement_rms,0.09428626847415383,0.08632032070796555,0.10134069228926287,equilibrium_files,1000
2864601_0.270,2864601_0.270:u010,shapley_mean_absolute,0.031892556701233844,0.029689170389445647,0.03414272266827465,equilibrium_files,1000
2864601_0.270,2864601_0.270:u010,mean_replacement_rms,0.08503643397973797,0.07806499641172927,0.0919918265622475,equilibrium_files,1000
2864601_0.270,2864601_0.270:u011,shapley_mean_absolute,0.15278731007967145,0.1417113853022398,0.16522615083210404,equilibrium_files,1000
2864601_0.270,2864601_0.270:u011,mean_replacement_rms,0.25607726899402966,0.22892775031929702,0.2854929779090582,equilibrium_files,1000
2864601_0.270,2864601_0.270:u012,shapley_mean_absolute,0.07315409727330552,0.0699290274902145,0.07670582050918309,equilibrium_files,1000
2864601_0.270,2864601_0.270:u012,mean_replacement_rms,0.09662476526647917,0.07986872735630682,0.11832322091826154,equilibrium_files,1000
2864601_0.270,2864601_0.270:u013,shapley_mean_absolute,0.01958507561015722,0.017976594903491058,0.02099700654209664,equilibrium_files,1000
2864601_0.270,2864601_0.270:u013,mean_replacement_rms,0.06873843592763224,0.054839127314681275,0.08285131597173107,equilibrium_files,1000
2864601_0.270,2864601_0.270:u014,shapley_mean_absolute,0.03039593220614188,0.028316982012502923,0.03271000434300513,equilibrium_files,1000
2864601_0.270,2864601_0.270:u014,mean_replacement_rms,0.14458010298536586,0.1269180275922508,0.16138189980514536,equilibrium_files,1000
2864601_0.270,2864601_0.270:u015,shapley_mean_absolute,0.04970559774409048,0.04690746744659555,0.052631005563515645,equilibrium_files,1000
2864601_0.270,2864601_0.270:u015,mean_replacement_rms,0.10757820256612309,0.0999226157624817,0.1153559826862493,equilibrium_files,1000
2864601_0.270,2864601_0.270:u016,shapley_mean_absolute,0.019630581798177445,0.017918845960257022,0.021454030212044017,equilibrium_files,1000
2864601_0.270,2864601_0.270:u016,mean_replacement_rms,0.056388183182865606,0.05022072972935479,0.06357352320433975,equilibrium_files,1000
2864601_0.270,2864601_0.270:u017,shapley_mean_absolute,0.03227703888021642,0.02927433669621023,0.03534081384777382,equilibrium_files,1000
2864601_0.270,2864601_0.270:u017,mean_replacement_rms,0.1455287492467067,0.12443203506827726,0.16510949183797774,equilibrium_files,1000
2864601_0.270,2864601_0.270:u018,shapley_mean_absolute,0.11984276086423779,0.11402228841847101,0.12626014198355842,equilibrium_files,1000
2864601_0.270,2864601_0.270:u018,mean_replacement_rms,0.16333128712816458,0.15031215000700454,0.17822020174893435,equilibrium_files,1000
2864601_0.270,2864601_0.270:u019,shapley_mean_absolute,0.015515214409620967,0.014148648348513234,0.016900428809613368,equilibrium_files,1000
2864601_0.270,2864601_0.270:u019,mean_replacement_rms,0.08129982321193557,0.06337445130936367,0.10179097672700312,equilibrium_files,1000
2864601_0.270,2864601_0.270:u020,shapley_mean_absolute,0.035679160872765354,0.033499906686850586,0.038031876142965486,equilibrium_files,1000
2864601_0.270,2864601_0.270:u020,mean_replacement_rms,0.0938056352669729,0.08569159619835705,0.10150104769977066,equilibrium_files,1000
2864601_0.270,2864601_0.270:u021,shapley_mean_absolute,0.09416020883861347,0.08778405238437409,0.10108926897756611,equilibrium_files,1000
2864601_0.270,2864601_0.270:u021,mean_replacement_rms,0.1848535842468688,0.15904972836135672,0.21013867877555667,equilibrium_files,1000
2864601_0.270,2864601_0.270:u022,shapley_mean_absolute,0.03230694916791981,0.029750977472998784,0.03482465798023622,equilibrium_files,1000
2864601_0.270,2864601_0.270:u022,mean_replacement_rms,0.12772667671688712,0.11412219650438263,0.14090347794164615,equilibrium_files,1000
2864601_0.270,2864601_0.270:u023,shapley_mean_absolute,3.3760443329811094e-11,1.885928213596344e-11,5.151523509994149e-11,equilibrium_files,1000
2864601_0.270,2864601_0.270:u023,mean_replacement_rms,0.0,0.0,0.0,equilibrium_files,1000
2864601_0.270,2864601_0.270:u024,shapley_mean_absolute,0.013935288393578958,0.012986557647656447,0.01502616519282019,equilibrium_files,1000
2864601_0.270,2864601_0.270:u024,mean_replacement_rms,0.041019723250349166,0.03357457123841275,0.04850357832698163,equilibrium_files,1000
2864601_0.270,2864601_0.270:u025,shapley_mean_absolute,0.029088173003779957,0.026718015820455188,0.03149163525178592,equilibrium_files,1000
2864601_0.270,2864601_0.270:u025,mean_replacement_rms,0.11613720746435949,0.1004993903738782,0.1328593013878565,equilibrium_files,1000
2864601_0.270,2864601_0.270:u026,shapley_mean_absolute,0.019917403835686857,0.017748557166323734,0.022181312398583394,equilibrium_files,1000
2864601_0.270,2864601_0.270:u026,mean_replacement_rms,0.10804898845054085,0.07493167170553129,0.14663672186405116,equilibrium_files,1000
2864601_0.352,2864601_0.352:u000,shapley_mean_absolute,0.025311762121273205,0.023235846067700187,0.02765159590656258,equilibrium_files,1000
2864601_0.352,2864601_0.352:u000,mean_replacement_rms,0.11348189230799857,0.09210239019728333,0.13565485687722917,equilibrium_files,1000
2864601_0.352,2864601_0.352:u001,shapley_mean_absolute,4.033790901303291e-11,2.0880543161183597e-11,6.164773367345333e-11,equilibrium_files,1000
2864601_0.352,2864601_0.352:u001,mean_replacement_rms,0.0,0.0,0.0,equilibrium_files,1000
2864601_0.352,2864601_0.352:u002,shapley_mean_absolute,3.655441105365753e-11,1.926382537931204e-11,5.7107536122202865e-11,equilibrium_files,1000
2864601_0.352,2864601_0.352:u002,mean_replacement_rms,0.0,0.0,0.0,equilibrium_files,1000
2864601_0.352,2864601_0.352:u003,shapley_mean_absolute,0.024489380520535634,0.022197810453458807,0.02695186906878662,equilibrium_files,1000
2864601_0.352,2864601_0.352:u003,mean_replacement_rms,0.09340823182132191,0.08379755131483678,0.10307885101188845,equilibrium_files,1000
2864601_0.352,2864601_0.352:u004,shapley_mean_absolute,4.563480615615845e-11,2.5727786123752594e-11,7.066410034894943e-11,equilibrium_files,1000
2864601_0.352,2864601_0.352:u004,mean_replacement_rms,0.0,0.0,0.0,equilibrium_files,1000
2864601_0.352,2864601_0.352:u005,shapley_mean_absolute,0.03856833471043501,0.03285593847640848,0.04451193846645474,equilibrium_files,1000
2864601_0.352,2864601_0.352:u005,mean_replacement_rms,0.1191699794989491,0.08599973933680742,0.14933817336866365,equilibrium_files,1000
2864601_0.352,2864601_0.352:u006,shapley_mean_absolute,0.012159576856414788,0.011296869311801856,0.013146210822496505,equilibrium_files,1000
2864601_0.352,2864601_0.352:u006,mean_replacement_rms,0.05739763132707105,0.04503181155164039,0.07221343218285237,equilibrium_files,1000
2864601_0.352,2864601_0.352:u007,shapley_mean_absolute,0.3321641071012709,0.3163806032109831,0.34876054010213114,equilibrium_files,1000
2864601_0.352,2864601_0.352:u007,mean_replacement_rms,0.488821342364554,0.4427511873664847,0.5394438695956397,equilibrium_files,1000
2864601_0.352,2864601_0.352:u008,shapley_mean_absolute,0.044807895973674024,0.04107753600725992,0.04863501827434084,equilibrium_files,1000
2864601_0.352,2864601_0.352:u008,mean_replacement_rms,0.18298510761472842,0.16228524298407862,0.2032047676584049,equilibrium_files,1000
2864601_0.352,2864601_0.352:u009,shapley_mean_absolute,0.019208154647552874,0.01726854863164772,0.021231799704155126,equilibrium_files,1000
2864601_0.352,2864601_0.352:u009,mean_replacement_rms,0.08729914747759596,0.07170007556937813,0.10333016909119815,equilibrium_files,1000
2864601_0.352,2864601_0.352:u010,shapley_mean_absolute,0.025121606267930474,0.023277029048191615,0.027019027754764828,equilibrium_files,1000
2864601_0.352,2864601_0.352:u010,mean_replacement_rms,0.10885186483805559,0.09302331773550988,0.1262022691253052,equilibrium_files,1000
2864601_0.352,2864601_0.352:u011,shapley_mean_absolute,0.05842509697639616,0.0548940082054658,0.06227115766451316,equilibrium_files,1000
2864601_0.352,2864601_0.352:u011,mean_replacement_rms,0.1556327422669223,0.12452649172566548,0.19419450767802462,equilibrium_files,1000
2864601_0.352,2864601_0.352:u012,shapley_mean_absolute,0.005949570987722836,0.0054481466843688394,0.00645512402603199,equilibrium_files,1000
2864601_0.352,2864601_0.352:u012,mean_replacement_rms,0.027416667838107953,0.023526961627752523,0.031116518801415773,equilibrium_files,1000
2864601_0.352,2864601_0.352:u013,shapley_mean_absolute,3.92901711165905e-11,2.1817686501890422e-11,5.925539880990982e-11,equilibrium_files,1000
2864601_0.352,2864601_0.352:u013,mean_replacement_rms,0.0,0.0,0.0,equilibrium_files,1000
2864601_0.352,2864601_0.352:u014,shapley_mean_absolute,4.522735252976418e-11,2.3860775399953126e-11,7.282214937731622e-11,equilibrium_files,1000
2864601_0.352,2864601_0.352:u014,mean_replacement_rms,0.0,0.0,0.0,equilibrium_files,1000
2864601_0.352,2864601_0.352:u015,shapley_mean_absolute,0.009966904181230347,0.008979537250987778,0.011106562276455224,equilibrium_files,1000
2864601_0.352,2864601_0.352:u015,mean_replacement_rms,0.02727244861079817,0.021948296666841175,0.033049747806890135,equilibrium_files,1000
2864601_0.352,2864601_0.352:u016,shapley_mean_absolute,0.38862251896981614,0.36382611837278234,0.4136969903054793,equilibrium_files,1000
2864601_0.352,2864601_0.352:u016,mean_replacement_rms,0.6602050121275091,0.6075027687288884,0.7088775486598192,equilibrium_files,1000
2864601_0.352,2864601_0.352:u017,shapley_mean_absolute,0.06323068566614529,0.05997897839973884,0.06693108871356526,equilibrium_files,1000
2864601_0.352,2864601_0.352:u017,mean_replacement_rms,0.1302041041189818,0.12157990462635147,0.13968274702923253,equilibrium_files,1000
2864601_0.352,2864601_0.352:u018,shapley_mean_absolute,0.03888999125472037,0.03560194257074036,0.04224334538640396,equilibrium_files,1000
2864601_0.352,2864601_0.352:u018,mean_replacement_rms,0.19377542953812718,0.15891718054253234,0.22938993549001993,equilibrium_files,1000
2864601_0.352,2864601_0.352:u019,shapley_mean_absolute,0.11190809686388821,0.10177594732058351,0.12295767835072474,equilibrium_files,1000
2864601_0.352,2864601_0.352:u019,mean_replacement_rms,0.17130752518263784,0.14764220622412552,0.1952650866517075,equilibrium_files,1000
2864601_0.352,2864601_0.352:u020,shapley_mean_absolute,0.004128946386743337,0.003498856926220469,0.004781224904344708,equilibrium_files,1000
2864601_0.352,2864601_0.352:u020,mean_replacement_rms,0.03178582143807877,0.014759141905094891,0.046320672032122034,equilibrium_files,1000
